time_s,step_loaded_veh,loaded_total_veh,step_departed_veh,departed_total_veh,step_arrived_veh,arrived_total_veh,pending_veh,in_network_veh,active_vehicle_veh,min_expected_veh,step_starting_teleports,starting_teleports_total,step_ending_teleports,system_vehicle_exposure_veh_s,loaded_ids,departed_ids,arrived_ids,pending_ids,active_vehicle_ids,starting_teleport_ids,ending_teleport_ids,det_main_0_count,det_main_0_speed_mps,det_main_0_occupancy_fraction,det_main_1_count,det_main_1_speed_mps,det_main_1_occupancy_fraction,det_main_2_count,det_main_2_speed_mps,det_main_2_occupancy_fraction,det_main_3_count,det_main_3_speed_mps,det_main_3_occupancy_fraction,det_main_4_count,det_main_4_speed_mps,det_main_4_occupancy_fraction,det_bottleneck_down_count,det_bottleneck_down_speed_mps,det_bottleneck_down_occupancy_fraction,det_ramp_arrival_count,det_ramp_arrival_speed_mps,det_ramp_arrival_occupancy_fraction,det_ramp_queue_vehicle_count,det_ramp_queue_halting_count
1,2,2,2,2,0,0,0,2,2,4,0,0,0,2,main_0.0;ramp_0.0,main_0.0;ramp_0.0,,,main_0.0;ramp_0.0,,,0,-1.0,0.0,0,-1.0,0.0,0,-1.0,0.0,0,-1.0,0.0,0,-1.0,0.0,0,-1.0,0.0,0,-1.0,0.0,1,0
2,0,2,0,2,0,0,0,2,2,4,0,0,0,2,,,,,main_0.0;ramp_0.0,,,0,-1.0,0.0,0,-1.0,0.0,0,-1.0,0.0,0,-1.0,0.0,0,-1.0,0.0,0,-1.0,0.0,0,-1.0,0.0,1,0
3,0,2,0,2,0,0,0,2,2,4,0,0,0,2,,,,,main_0.0;ramp_0.0,,,0,-1.0,0.0,0,-1.0,0.0,0,-1.0,0.0,0,-1.0,0.0,0,-1.0,0.0,0,-1.0,0.0,1,23.107819427262978,0.21637697212143348,1,0
4,1,3,1,3,0,0,0,3,3,5,0,0,0,3,main_0.1,main_0.1,,,main_0.0;main_0.1;ramp_0.0,,,0,-1.0,0.0,0,-1.0,0.0,0,-1.0,0.0,0,-1.0,0.0,0,-1.0,0.0,0,-1.0,0.0,0,-1.0,0.0,1,0
5,0,3,0,3,0,0,0,3,3,5,0,0,0,3,,,,,main_0.0;main_0.1;ramp_0.0,,,0,-1.0,0.0,0,-1.0,0.0,0,-1.0,0.0,0,-1.0,0.0,0,-1.0,0.0,0,-1.0,0.0,0,-1.0,0.0,1,0
6,0,3,0,3,0,0,0,3,3,5,0,0,0,3,,,,,main_0.0;main_0.1;ramp_0.0,,,0,-1.0,0.0,0,-1.0,0.0,0,-1.0,0.0,0,-1.0,0.0,0,-1.0,0.0,0,-1.0,0.0,0,-1.0,0.0,1,0
7,1,4,1,4,0,0,0,4,4,6,0,0,0,4,main_0.2,main_0.2,,,main_0.0;main_0.1;main_0.2;ramp_0.0,,,0,-1.0,0.0,0,-1.0,0.0,0,-1.0,0.0,0,-1.0,0.0,0,-1.0,0.0,0,-1.0,0.0,0,-1.0,0.0,1,0
8,0,4,0,4,0,0,0,4,4,6,0,0,0,4,,,,,main_0.0;main_0.1;main_0.2;ramp_0.0,,,0,-1.0,0.0,0,-1.0,0.0,0,-1.0,0.0,0,-1.0,0.0,0,-1.0,0.0,0,-1.0,0.0,0,-1.0,0.0,1,0
9,0,4,0,4,0,0,0,4,4,6,0,0,0,4,,,,,main_0.0;main_0.1;main_0.2;ramp_0.0,,,0,-1.0,0.0,0,-1.0,0.0,0,-1.0,0.0,0,-1.0,0.0,0,-1.0,0.0,0,-1.0,0.0,0,-1.0,0.0,1,0
10,1,5,1,5,0,0,0,5,5,7,0,0,0,5,main_0.3,main_0.3,,,main_0.0;main_0.1;main_0.2;main_0.3;ramp_0.0,,,0,-1.0,0.0,0,-1.0,0.0,0,-1.0,0.0,0,-1.0,0.0,0,-1.0,0.0,0,-1.0,0.0,0,-1.0,0.0,1,0
11,0,5,0,5,0,0,0,5,5,7,0,0,0,5,,,,,main_0.0;main_0.1;main_0.2;main_0.3;ramp_0.0,,,0,-1.0,0.0,0,-1.0,0.0,0,-1.0,0.0,0,-1.0,0.0,0,-1.0,0.0,0,-1.0,0.0,0,-1.0,0.0,1,0
12,0,5,0,5,0,0,0,5,5,7,0,0,0,5,,,,,main_0.0;main_0.1;main_0.2;main_0.3;ramp_0.0,,,0,-1.0,0.0,0,-1.0,0.0,0,-1.0,0.0,0,-1.0,0.0,0,-1.0,0.0,0,-1.0,0.0,0,-1.0,0.0,1,0
13,1,6,1,6,0,0,0,6,6,8,0,0,0,6,main_0.4,main_0.4,,,main_0.0;main_0.1;main_0.2;main_0.3;main_0.4;ramp_0.0,,,0,-1.0,0.0,0,-1.0,0.0,0,-1.0,0.0,0,-1.0,0.0,0,-1.0,0.0,0,-1.0,0.0,0,-1.0,0.0,1,0
14,0,6,0,6,0,0,0,6,6,8,0,0,0,6,,,,,main_0.0;main_0.1;main_0.2;main_0.3;main_0.4;ramp_0.0,,,0,-1.0,0.0,0,-1.0,0.0,0,-1.0,0.0,0,-1.0,0.0,0,-1.0,0.0,0,-1.0,0.0,0,-1.0,0.0,1,0
15,0,6,0,6,0,0,0,6,6,8,0,0,0,6,,,,,main_0.0;main_0.1;main_0.2;main_0.3;main_0.4;ramp_0.0,,,0,-1.0,0.0,0,-1.0,0.0,0,-1.0,0.0,0,-1.0,0.0,0,-1.0,0.0,0,-1.0,0.0,0,-1.0,0.0,0,0
16,1,7,1,7,0,0,0,7,7,9,0,0,0,7,main_0.5,main_0.5,,,main_0.0;main_0.1;main_0.2;main_0.3;main_0.4;main_0.5;ramp_0.0,,,0,-1.0,0.0,0,-1.0,0.0,0,-1.0,0.0,0,-1.0,0.0,0,-1.0,0.0,0,-1.0,0.0,0,-1.0,0.0,0,0
17,0,7,0,7,0,0,0,7,7,9,0,0,0,7,,,,,main_0.0;main_0.1;main_0.2;main_0.3;main_0.4;main_0.5;ramp_0.0,,,0,-1.0,0.0,0,-1.0,0.0,0,-1.0,0.0,0,-1.0,0.0,0,-1.0,0.0,0,-1.0,0.0,0,-1.0,0.0,0,0
18,0,7,0,7,0,0,0,7,7,9,0,0,0,7,,,,,main_0.0;main_0.1;main_0.2;main_0.3;main_0.4;main_0.5;ramp_0.0,,,0,-1.0,0.0,0,-1.0,0.0,0,-1.0,0.0,0,-1.0,0.0,0,-1.0,0.0,0,-1.0,0.0,0,-1.0,0.0,0,0
19,1,8,1,8,0,0,0,8,8,10,0,0,0,8,main_0.6,main_0.6,,,main_0.0;main_0.1;main_0.2;main_0.3;main_0.4;main_0.5;main_0.6;ramp_0.0,,,0,-1.0,0.0,0,-1.0,0.0,0,-1.0,0.0,0,-1.0,0.0,0,-1.0,0.0,0,-1.0,0.0,0,-1.0,0.0,0,0
20,0,8,0,8,0,0,0,8,8,10,0,0,0,8,,,,,main_0.0;main_0.1;main_0.2;main_0.3;main_0.4;main_0.5;main_0.6;ramp_0.0,,,0,-1.0,0.0,0,-1.0,0.0,0,-1.0,0.0,0,-1.0,0.0,0,-1.0,0.0,0,-1.0,0.0,0,-1.0,0.0,0,0
21,0,8,0,8,0,0,0,8,8,10,0,0,0,8,,,,,main_0.0;main_0.1;main_0.2;main_0.3;main_0.4;main_0.5;main_0.6;ramp_0.0,,,0,-1.0,0.0,0,-1.0,0.0,0,-1.0,0.0,0,-1.0,0.0,0,-1.0,0.0,0,-1.0,0.0,0,-1.0,0.0,0,0
22,1,9,1,9,0,0,0,9,9,11,0,0,0,9,main_0.7,main_0.7,,,main_0.0;main_0.1;main_0.2;main_0.3;main_0.4;main_0.5;main_0.6;main_0.7;ramp_0.0,,,1,33.32999998300228,0.15001500157665504,0,-1.0,0.0,0,-1.0,0.0,0,-1.0,0.0,0,-1.0,0.0,0,-1.0,0.0,0,-1.0,0.0,0,0
23,0,9,0,9,0,0,0,9,9,11,0,0,0,9,,,,,main_0.0;main_0.1;main_0.2;main_0.3;main_0.4;main_0.5;main_0.6;main_0.7;ramp_0.0,,,0,-1.0,0.0,0,-1.0,0.0,0,-1.0,0.0,0,-1.0,0.0,0,-1.0,0.0,0,-1.0,0.0,0,-1.0,0.0,0,0
24,0,9,0,9,0,0,0,9,9,11,0,0,0,9,,,,,main_0.0;main_0.1;main_0.2;main_0.3;main_0.4;main_0.5;main_0.6;main_0.7;ramp_0.0,,,0,-1.0,0.0,0,-1.0,0.0,0,-1.0,0.0,0,-1.0,0.0,0,-1.0,0.0,0,-1.0,0.0,0,-1.0,0.0,0,0
25,1,10,1,10,0,0,0,10,10,12,0,0,0,10,main_0.8,main_0.8,,,main_0.0;main_0.1;main_0.2;main_0.3;main_0.4;main_0.5;main_0.6;main_0.7;main_0.8;ramp_0.0,,,0,-1.0,0.0,0,-1.0,0.0,0,-1.0,0.0,0,-1.0,0.0,0,-1.0,0.0,0,-1.0,0.0,0,-1.0,0.0,0,0
26,0,10,0,10,0,0,0,10,10,12,0,0,0,10,,,,,main_0.0;main_0.1;main_0.2;main_0.3;main_0.4;main_0.5;main_0.6;main_0.7;main_0.8;ramp_0.0,,,0,-1.0,0.0,0,-1.0,0.0,0,-1.0,0.0,0,-1.0,0.0,0,-1.0,0.0,0,-1.0,0.0,0,-1.0,0.0,0,0
27,0,10,0,10,0,0,0,10,10,12,0,0,0,10,,,,,main_0.0;main_0.1;main_0.2;main_0.3;main_0.4;main_0.5;main_0.6;main_0.7;main_0.8;ramp_0.0,,,0,-1.0,0.0,0,-1.0,0.0,0,-1.0,0.0,0,-1.0,0.0,0,-1.0,0.0,0,-1.0,0.0,0,-1.0,0.0,0,0
28,1,11,1,11,0,0,0,11,11,13,0,0,0,11,main_0.9,main_0.9,,,main_0.0;main_0.1;main_0.2;main_0.3;main_0.4;main_0.5;main_0.6;main_0.7;main_0.8;main_0.9;ramp_0.0,,,1,32.911848948635324,0.040953012553394785,0,-1.0,0.0,0,-1.0,0.0,0,-1.0,0.0,0,-1.0,0.0,0,-1.0,0.0,0,-1.0,0.0,0,0
29,0,11,0,11,0,0,0,11,11,13,0,0,0,11,,,,,main_0.0;main_0.1;main_0.2;main_0.3;main_0.4;main_0.5;main_0.6;main_0.7;main_0.8;main_0.9;ramp_0.0,,,1,-1.0,0.0,0,-1.0,0.0,0,-1.0,0.0,0,-1.0,0.0,0,-1.0,0.0,0,-1.0,0.0,0,-1.0,0.0,0,0
30,0,11,0,11,0,0,0,11,11,13,0,0,0,11,,,,,main_0.0;main_0.1;main_0.2;main_0.3;main_0.4;main_0.5;main_0.6;main_0.7;main_0.8;main_0.9;ramp_0.0,,,0,-1.0,0.0,0,-1.0,0.0,0,-1.0,0.0,0,-1.0,0.0,0,-1.0,0.0,0,-1.0,0.0,0,-1.0,0.0,0,0
31,2,13,2,13,0,0,0,13,13,15,0,0,0,13,main_0.10;ramp_0.1,main_0.10;ramp_0.1,,,main_0.0;main_0.1;main_0.10;main_0.2;main_0.3;main_0.4;main_0.5;main_0.6;main_0.7;main_0.8;main_0.9;ramp_0.0;ramp_0.1,,,0,-1.0,0.0,0,-1.0,0.0,0,-1.0,0.0,0,-1.0,0.0,0,-1.0,0.0,0,-1.0,0.0,0,-1.0,0.0,1,0
32,0,13,0,13,0,0,0,13,13,15,0,0,0,13,,,,,main_0.0;main_0.1;main_0.10;main_0.2;main_0.3;main_0.4;main_0.5;main_0.6;main_0.7;main_0.8;main_0.9;ramp_0.0;ramp_0.1,,,1,30.910754238529677,0.1617560012096888,0,-1.0,0.0,0,-1.0,0.0,0,-1.0,0.0,0,-1.0,0.0,0,-1.0,0.0,0,-1.0,0.0,1,0
33,0,13,0,13,0,0,0,13,13,15,0,0,0,13,,,,,main_0.0;main_0.1;main_0.10;main_0.2;main_0.3;main_0.4;main_0.5;main_0.6;main_0.7;main_0.8;main_0.9;ramp_0.0;ramp_0.1,,,0,-1.0,0.0,0,-1.0,0.0,0,-1.0,0.0,0,-1.0,0.0,0,-1.0,0.0,0,-1.0,0.0,1,20.586630540019744,0.2428760738810638,1,0
34,1,14,1,14,0,0,0,14,14,16,0,0,0,14,main_0.11,main_0.11,,,main_0.0;main_0.1;main_0.10;main_0.11;main_0.2;main_0.3;main_0.4;main_0.5;main_0.6;main_0.7;main_0.8;main_0.9;ramp_0.0;ramp_0.1,,,0,-1.0,0.0,0,-1.0,0.0,0,-1.0,0.0,0,-1.0,0.0,0,-1.0,0.0,0,-1.0,0.0,0,-1.0,0.0,1,0
35,0,14,0,14,0,0,0,14,14,16,0,0,0,14,,,,,main_0.0;main_0.1;main_0.10;main_0.11;main_0.2;main_0.3;main_0.4;main_0.5;main_0.6;main_0.7;main_0.8;main_0.9;ramp_0.0;ramp_0.1,,,0,-1.0,0.0,0,-1.0,0.0,0,-1.0,0.0,0,-1.0,0.0,0,-1.0,0.0,0,-1.0,0.0,0,-1.0,0.0,1,0
36,0,14,0,14,0,0,0,14,14,16,0,0,0,14,,,,,main_0.0;main_0.1;main_0.10;main_0.11;main_0.2;main_0.3;main_0.4;main_0.5;main_0.6;main_0.7;main_0.8;main_0.9;ramp_0.0;ramp_0.1,,,0,-1.0,0.0,0,-1.0,0.0,0,-1.0,0.0,0,-1.0,0.0,0,-1.0,0.0,0,-1.0,0.0,0,-1.0,0.0,1,0
37,1,15,1,15,0,0,0,15,15,17,0,0,0,15,main_0.12,main_0.12,,,main_0.0;main_0.1;main_0.10;main_0.11;main_0.12;main_0.2;main_0.3;main_0.4;main_0.5;main_0.6;main_0.7;main_0.8;main_0.9;ramp_0.0;ramp_0.1,,,0,-1.0,0.0,0,-1.0,0.0,0,-1.0,0.0,0,-1.0,0.0,0,-1.0,0.0,0,-1.0,0.0,0,-1.0,0.0,1,0
38,0,15,0,15,0,0,0,15,15,17,0,0,0,15,,,,,main_0.0;main_0.1;main_0.10;main_0.11;main_0.12;main_0.2;main_0.3;main_0.4;main_0.5;main_0.6;main_0.7;main_0.8;main_0.9;ramp_0.0;ramp_0.1,,,1,32.33754736439284,0.15461902362779512,0,-1.0,0.0,0,-1.0,0.0,0,-1.0,0.0,0,-1.0,0.0,0,-1.0,0.0,0,-1.0,0.0,1,0
39,0,15,0,15,0,0,0,15,15,17,0,0,0,15,,,,,main_0.0;main_0.1;main_0.10;main_0.11;main_0.12;main_0.2;main_0.3;main_0.4;main_0.5;main_0.6;main_0.7;main_0.8;main_0.9;ramp_0.0;ramp_0.1,,,0,-1.0,0.0,0,-1.0,0.0,0,-1.0,0.0,0,-1.0,0.0,0,-1.0,0.0,0,-1.0,0.0,0,-1.0,0.0,1,0
40,1,16,1,16,0,0,0,16,16,18,0,0,0,16,main_0.13,main_0.13,,,main_0.0;main_0.1;main_0.10;main_0.11;main_0.12;main_0.13;main_0.2;main_0.3;main_0.4;main_0.5;main_0.6;main_0.7;main_0.8;main_0.9;ramp_0.0;ramp_0.1,,,0,-1.0,0.0,0,-1.0,0.0,0,-1.0,0.0,0,-1.0,0.0,0,-1.0,0.0,0,-1.0,0.0,0,-1.0,0.0,1,0
41,0,16,0,16,0,0,0,16,16,18,0,0,0,16,,,,,main_0.0;main_0.1;main_0.10;main_0.11;main_0.12;main_0.13;main_0.2;main_0.3;main_0.4;main_0.5;main_0.6;main_0.7;main_0.8;main_0.9;ramp_0.0;ramp_0.1,,,0,-1.0,0.0,0,-1.0,0.0,0,-1.0,0.0,0,-1.0,0.0,0,-1.0,0.0,0,-1.0,0.0,0,-1.0,0.0,1,0
42,0,16,0,16,0,0,0,16,16,18,0,0,0,16,,,,,main_0.0;main_0.1;main_0.10;main_0.11;main_0.12;main_0.13;main_0.2;main_0.3;main_0.4;main_0.5;main_0.6;main_0.7;main_0.8;main_0.9;ramp_0.0;ramp_0.1,,,0,-1.0,0.0,0,-1.0,0.0,0,-1.0,0.0,0,-1.0,0.0,0,-1.0,0.0,0,-1.0,0.0,0,-1.0,0.0,1,0
43,1,17,1,17,0,0,0,17,17,19,0,0,0,17,main_0.14,main_0.14,,,main_0.0;main_0.1;main_0.10;main_0.11;main_0.12;main_0.13;main_0.14;main_0.2;main_0.3;main_0.4;main_0.5;main_0.6;main_0.7;main_0.8;main_0.9;ramp_0.0;ramp_0.1,,,0,-1.0,0.0,0,-1.0,0.0,0,-1.0,0.0,0,-1.0,0.0,0,-1.0,0.0,0,-1.0,0.0,0,-1.0,0.0,1,0
44,0,17,0,17,0,0,0,17,17,19,0,0,0,17,,,,,main_0.0;main_0.1;main_0.10;main_0.11;main_0.12;main_0.13;main_0.14;main_0.2;main_0.3;main_0.4;main_0.5;main_0.6;main_0.7;main_0.8;main_0.9;ramp_0.0;ramp_0.1,,,0,-1.0,0.0,0,-1.0,0.0,0,-1.0,0.0,0,-1.0,0.0,0,-1.0,0.0,0,-1.0,0.0,0,-1.0,0.0,1,0
45,0,17,0,17,0,0,0,17,17,19,0,0,0,17,,,,,main_0.0;main_0.1;main_0.10;main_0.11;main_0.12;main_0.13;main_0.14;main_0.2;main_0.3;main_0.4;main_0.5;main_0.6;main_0.7;main_0.8;main_0.9;ramp_0.0;ramp_0.1,,,0,-1.0,0.0,0,-1.0,0.0,0,-1.0,0.0,0,-1.0,0.0,0,-1.0,0.0,0,-1.0,0.0,0,-1.0,0.0,1,0
46,1,18,1,18,0,0,0,18,18,20,0,0,0,18,main_0.15,main_0.15,,,main_0.0;main_0.1;main_0.10;main_0.11;main_0.12;main_0.13;main_0.14;main_0.15;main_0.2;main_0.3;main_0.4;main_0.5;main_0.6;main_0.7;main_0.8;main_0.9;ramp_0.0;ramp_0.1,,,0,-1.0,0.0,0,-1.0,0.0,0,-1.0,0.0,0,-1.0,0.0,0,-1.0,0.0,0,-1.0,0.0,0,-1.0,0.0,0,0
47,0,18,0,18,0,0,0,18,18,20,0,0,0,18,,,,,main_0.0;main_0.1;main_0.10;main_0.11;main_0.12;main_0.13;main_0.14;main_0.15;main_0.2;main_0.3;main_0.4;main_0.5;main_0.6;main_0.7;main_0.8;main_0.9;ramp_0.0;ramp_0.1,,,0,-1.0,0.0,0,-1.0,0.0,0,-1.0,0.0,0,-1.0,0.0,0,-1.0,0.0,0,-1.0,0.0,0,-1.0,0.0,0,0
48,0,18,0,18,0,0,0,18,18,20,0,0,0,18,,,,,main_0.0;main_0.1;main_0.10;main_0.11;main_0.12;main_0.13;main_0.14;main_0.15;main_0.2;main_0.3;main_0.4;main_0.5;main_0.6;main_0.7;main_0.8;main_0.9;ramp_0.0;ramp_0.1,,,0,-1.0,0.0,0,-1.0,0.0,0,-1.0,0.0,0,-1.0,0.0,0,-1.0,0.0,0,-1.0,0.0,0,-1.0,0.0,0,0
49,1,19,1,19,0,0,0,19,19,21,0,0,0,19,main_0.16,main_0.16,,,main_0.0;main_0.1;main_0.10;main_0.11;main_0.12;main_0.13;main_0.14;main_0.15;main_0.16;main_0.2;main_0.3;main_0.4;main_0.5;main_0.6;main_0.7;main_0.8;main_0.9;ramp_0.0;ramp_0.1,,,0,-1.0,0.0,0,-1.0,0.0,0,-1.0,0.0,0,-1.0,0.0,0,-1.0,0.0,0,-1.0,0.0,0,-1.0,0.0,0,0
50,0,19,0,19,0,0,0,19,19,21,0,0,0,19,,,,,main_0.0;main_0.1;main_0.10;main_0.11;main_0.12;main_0.13;main_0.14;main_0.15;main_0.16;main_0.2;main_0.3;main_0.4;main_0.5;main_0.6;main_0.7;main_0.8;main_0.9;ramp_0.0;ramp_0.1,,,1,32.28873290878867,0.15485277833987254,0,-1.0,0.0,0,-1.0,0.0,0,-1.0,0.0,0,-1.0,0.0,0,-1.0,0.0,0,-1.0,0.0,0,0
51,0,19,0,19,0,0,0,19,19,21,0,0,0,19,,,,,main_0.0;main_0.1;main_0.10;main_0.11;main_0.12;main_0.13;main_0.14;main_0.15;main_0.16;main_0.2;main_0.3;main_0.4;main_0.5;main_0.6;main_0.7;main_0.8;main_0.9;ramp_0.0;ramp_0.1,,,0,-1.0,0.0,0,-1.0,0.0,0,-1.0,0.0,0,-1.0,0.0,0,-1.0,0.0,0,-1.0,0.0,0,-1.0,0.0,0,0
52,1,20,1,20,0,0,0,20,20,22,0,0,0,20,main_0.17,main_0.17,,,main_0.0;main_0.1;main_0.10;main_0.11;main_0.12;main_0.13;main_0.14;main_0.15;main_0.16;main_0.17;main_0.2;main_0.3;main_0.4;main_0.5;main_0.6;main_0.7;main_0.8;main_0.9;ramp_0.0;ramp_0.1,,,0,-1.0,0.0,1,33.329999981861846,0.14551452972995094,0,-1.0,0.0,0,-1.0,0.0,0,-1.0,0.0,0,-1.0,0.0,0,-1.0,0.0,0,0
53,0,20,0,20,0,0,0,20,20,22,0,0,0,20,,,,,main_0.0;main_0.1;main_0.10;main_0.11;main_0.12;main_0.13;main_0.14;main_0.15;main_0.16;main_0.17;main_0.2;main_0.3;main_0.4;main_0.5;main_0.6;main_0.7;main_0.8;main_0.9;ramp_0.0;ramp_0.1,,,1,31.66605694966654,0.15789777704080876,1,-1.0,0.0,0,-1.0,0.0,0,-1.0,0.0,0,-1.0,0.0,0,-1.0,0.0,0,-1.0,0.0,0,0
54,0,20,0,20,0,0,0,20,20,22,0,0,0,20,,,,,main_0.0;main_0.1;main_0.10;main_0.11;main_0.12;main_0.13;main_0.14;main_0.15;main_0.16;main_0.17;main_0.2;main_0.3;main_0.4;main_0.5;main_0.6;main_0.7;main_0.8;main_0.9;ramp_0.0;ramp_0.1,,,0,-1.0,0.0,0,-1.0,0.0,0,-1.0,0.0,0,-1.0,0.0,0,-1.0,0.0,0,-1.0,0.0,0,-1.0,0.0,0,0
55,1,21,1,21,0,0,0,21,21,23,0,0,0,21,main_0.18,main_0.18,,,main_0.0;main_0.1;main_0.10;main_0.11;main_0.12;main_0.13;main_0.14;main_0.15;main_0.16;main_0.17;main_0.18;main_0.2;main_0.3;main_0.4;main_0.5;main_0.6;main_0.7;main_0.8;main_0.9;ramp_0.0;ramp_0.1,,,0,-1.0,0.0,0,-1.0,0.0,0,-1.0,0.0,0,-1.0,0.0,0,-1.0,0.0,0,-1.0,0.0,0,-1.0,0.0,0,0
56,0,21,0,21,0,0,0,21,21,23,0,0,0,21,,,,,main_0.0;main_0.1;main_0.10;main_0.11;main_0.12;main_0.13;main_0.14;main_0.15;main_0.16;main_0.17;main_0.18;main_0.2;main_0.3;main_0.4;main_0.5;main_0.6;main_0.7;main_0.8;main_0.9;ramp_0.0;ramp_0.1,,,1,31.384379283844854,0.15931492398748048,0,-1.0,0.0,0,-1.0,0.0,0,-1.0,0.0,0,-1.0,0.0,0,-1.0,0.0,0,-1.0,0.0,0,0
57,0,21,0,21,0,0,0,21,21,23,0,0,0,21,,,,,main_0.0;main_0.1;main_0.10;main_0.11;main_0.12;main_0.13;main_0.14;main_0.15;main_0.16;main_0.17;main_0.18;main_0.2;main_0.3;main_0.4;main_0.5;main_0.6;main_0.7;main_0.8;main_0.9;ramp_0.0;ramp_0.1,,,0,-1.0,0.0,0,-1.0,0.0,0,-1.0,0.0,0,-1.0,0.0,0,-1.0,0.0,0,-1.0,0.0,0,-1.0,0.0,0,0
58,1,22,1,22,0,0,0,22,22,24,0,0,0,22,main_0.19,main_0.19,,,main_0.0;main_0.1;main_0.10;main_0.11;main_0.12;main_0.13;main_0.14;main_0.15;main_0.16;main_0.17;main_0.18;main_0.19;main_0.2;main_0.3;main_0.4;main_0.5;main_0.6;main_0.7;main_0.8;main_0.9;ramp_0.0;ramp_0.1,,,0,-1.0,0.0,0,-1.0,0.0,0,-1.0,0.0,0,-1.0,0.0,0,-1.0,0.0,0,-1.0,0.0,0,-1.0,0.0,0,0
59,0,22,0,22,0,0,0,22,22,24,0,0,0,22,,,,,main_0.0;main_0.1;main_0.10;main_0.11;main_0.12;main_0.13;main_0.14;main_0.15;main_0.16;main_0.17;main_0.18;main_0.19;main_0.2;main_0.3;main_0.4;main_0.5;main_0.6;main_0.7;main_0.8;main_0.9;ramp_0.0;ramp_0.1,,,0,-1.0,0.0,0,-1.0,0.0,0,-1.0,0.0,0,-1.0,0.0,0,-1.0,0.0,0,-1.0,0.0,0,-1.0,0.0,0,0
60,0,22,0,22,0,0,0,22,22,24,0,0,0,22,,,,,main_0.0;main_0.1;main_0.10;main_0.11;main_0.12;main_0.13;main_0.14;main_0.15;main_0.16;main_0.17;main_0.18;main_0.19;main_0.2;main_0.3;main_0.4;main_0.5;main_0.6;main_0.7;main_0.8;main_0.9;ramp_0.0;ramp_0.1,,,0,-1.0,0.0,0,-1.0,0.0,0,-1.0,0.0,0,-1.0,0.0,0,-1.0,0.0,0,-1.0,0.0,0,-1.0,0.0,0,0
61,2,24,2,24,0,0,0,24,24,26,0,0,0,24,main_0.20;ramp_0.2,main_0.20;ramp_0.2,,,main_0.0;main_0.1;main_0.10;main_0.11;main_0.12;main_0.13;main_0.14;main_0.15;main_0.16;main_0.17;main_0.18;main_0.19;main_0.2;main_0.20;main_0.3;main_0.4;main_0.5;main_0.6;main_0.7;main_0.8;main_0.9;ramp_0.0;ramp_0.1;ramp_0.2,,,0,-1.0,0.0,0,-1.0,0.0,0,-1.0,0.0,0,-1.0,0.0,0,-1.0,0.0,0,-1.0,0.0,0,-1.0,0.0,1,0
62,0,24,0,24,0,0,0,24,24,26,0,0,0,24,,,,,main_0.0;main_0.1;main_0.10;main_0.11;main_0.12;main_0.13;main_0.14;main_0.15;main_0.16;main_0.17;main_0.18;main_0.19;main_0.2;main_0.20;main_0.3;main_0.4;main_0.5;main_0.6;main_0.7;main_0.8;main_0.9;ramp_0.0;ramp_0.1;ramp_0.2,,,0,-1.0,0.0,0,-1.0,0.0,0,-1.0,0.0,0,-1.0,0.0,0,-1.0,0.0,0,-1.0,0.0,0,-1.0,0.0,1,0
63,0,24,0,24,0,0,0,24,24,26,0,0,0,24,,,,,main_0.0;main_0.1;main_0.10;main_0.11;main_0.12;main_0.13;main_0.14;main_0.15;main_0.16;main_0.17;main_0.18;main_0.19;main_0.2;main_0.20;main_0.3;main_0.4;main_0.5;main_0.6;main_0.7;main_0.8;main_0.9;ramp_0.0;ramp_0.1;ramp_0.2,,,0,-1.0,0.0,0,-1.0,0.0,0,-1.0,0.0,0,-1.0,0.0,0,-1.0,0.0,0,-1.0,0.0,0,-1.0,0.0,1,0
64,1,25,1,25,0,0,0,25,25,27,0,0,0,25,main_0.21,main_0.21,,,main_0.0;main_0.1;main_0.10;main_0.11;main_0.12;main_0.13;main_0.14;main_0.15;main_0.16;main_0.17;main_0.18;main_0.19;main_0.2;main_0.20;main_0.21;main_0.3;main_0.4;main_0.5;main_0.6;main_0.7;main_0.8;main_0.9;ramp_0.0;ramp_0.1;ramp_0.2,,,1,33.08947364505899,0.05064861311806368,1,31.433207765512957,0.07640157463526265,0,-1.0,0.0,0,-1.0,0.0,0,-1.0,0.0,0,-1.0,0.0,1,16.578648910991504,0.3015927309182018,1,0
65,0,25,0,25,0,0,0,25,25,27,0,0,0,25,,,,,main_0.0;main_0.1;main_0.10;main_0.11;main_0.12;main_0.13;main_0.14;main_0.15;main_0.16;main_0.17;main_0.18;main_0.19;main_0.2;main_0.20;main_0.21;main_0.3;main_0.4;main_0.5;main_0.6;main_0.7;main_0.8;main_0.9;ramp_0.0;ramp_0.1;ramp_0.2,,,1,-1.0,0.0,1,-1.0,0.0,0,-1.0,0.0,0,-1.0,0.0,0,-1.0,0.0,0,-1.0,0.0,0,-1.0,0.0,1,0
66,0,25,0,25,0,0,0,25,25,27,0,0,0,25,,,,,main_0.0;main_0.1;main_0.10;main_0.11;main_0.12;main_0.13;main_0.14;main_0.15;main_0.16;main_0.17;main_0.18;main_0.19;main_0.2;main_0.20;main_0.21;main_0.3;main_0.4;main_0.5;main_0.6;main_0.7;main_0.8;main_0.9;ramp_0.0;ramp_0.1;ramp_0.2,,,0,-1.0,0.0,0,-1.0,0.0,0,-1.0,0.0,0,-1.0,0.0,0,-1.0,0.0,0,-1.0,0.0,0,-1.0,0.0,1,0
67,1,26,1,26,0,0,0,26,26,28,0,0,0,26,main_0.22,main_0.22,,,main_0.0;main_0.1;main_0.10;main_0.11;main_0.12;main_0.13;main_0.14;main_0.15;main_0.16;main_0.17;main_0.18;main_0.19;main_0.2;main_0.20;main_0.21;main_0.22;main_0.3;main_0.4;main_0.5;main_0.6;main_0.7;main_0.8;main_0.9;ramp_0.0;ramp_0.1;ramp_0.2,,,0,-1.0,0.0,0,-1.0,0.0,0,-1.0,0.0,0,-1.0,0.0,0,-1.0,0.0,0,-1.0,0.0,0,-1.0,0.0,1,0
68,0,26,0,26,0,0,0,26,26,28,0,0,0,26,,,,,main_0.0;main_0.1;main_0.10;main_0.11;main_0.12;main_0.13;main_0.14;main_0.15;main_0.16;main_0.17;main_0.18;main_0.19;main_0.2;main_0.20;main_0.21;main_0.22;main_0.3;main_0.4;main_0.5;main_0.6;main_0.7;main_0.8;main_0.9;ramp_0.0;ramp_0.1;ramp_0.2,,,1,30.858308220799834,0.051783103809839304,0,-1.0,0.0,0,-1.0,0.0,0,-1.0,0.0,0,-1.0,0.0,0,-1.0,0.0,0,-1.0,0.0,1,0
69,0,26,0,26,0,0,0,26,26,28,0,0,0,26,,,,,main_0.0;main_0.1;main_0.10;main_0.11;main_0.12;main_0.13;main_0.14;main_0.15;main_0.16;main_0.17;main_0.18;main_0.19;main_0.2;main_0.20;main_0.21;main_0.22;main_0.3;main_0.4;main_0.5;main_0.6;main_0.7;main_0.8;main_0.9;ramp_0.0;ramp_0.1;ramp_0.2,,,1,-1.0,0.0,1,32.0284165929598,0.15611137021051036,0,-1.0,0.0,0,-1.0,0.0,0,-1.0,0.0,0,-1.0,0.0,0,-1.0,0.0,1,0
70,1,27,1,27,0,0,0,27,27,29,0,0,0,27,main_0.23,main_0.23,,,main_0.0;main_0.1;main_0.10;main_0.11;main_0.12;main_0.13;main_0.14;main_0.15;main_0.16;main_0.17;main_0.18;main_0.19;main_0.2;main_0.20;main_0.21;main_0.22;main_0.23;main_0.3;main_0.4;main_0.5;main_0.6;main_0.7;main_0.8;main_0.9;ramp_0.0;ramp_0.1;ramp_0.2,,,0,-1.0,0.0,0,-1.0,0.0,0,-1.0,0.0,0,-1.0,0.0,0,-1.0,0.0,0,-1.0,0.0,0,-1.0,0.0,1,0
71,0,27,0,27,0,0,0,27,27,29,0,0,0,27,,,,,main_0.0;main_0.1;main_0.10;main_0.11;main_0.12;main_0.13;main_0.14;main_0.15;main_0.16;main_0.17;main_0.18;main_0.19;main_0.2;main_0.20;main_0.21;main_0.22;main_0.23;main_0.3;main_0.4;main_0.5;main_0.6;main_0.7;main_0.8;main_0.9;ramp_0.0;ramp_0.1;ramp_0.2,,,1,30.669613962148915,0.16302781007190958,1,30.503452803210184,0.16391586986092932,0,-1.0,0.0,0,-1.0,0.0,0,-1.0,0.0,0,-1.0,0.0,0,-1.0,0.0,1,0
72,0,27,0,27,0,0,0,27,27,29,0,0,0,27,,,,,main_0.0;main_0.1;main_0.10;main_0.11;main_0.12;main_0.13;main_0.14;main_0.15;main_0.16;main_0.17;main_0.18;main_0.19;main_0.2;main_0.20;main_0.21;main_0.22;main_0.23;main_0.3;main_0.4;main_0.5;main_0.6;main_0.7;main_0.8;main_0.9;ramp_0.0;ramp_0.1;ramp_0.2,,,0,-1.0,0.0,0,-1.0,0.0,0,-1.0,0.0,0,-1.0,0.0,0,-1.0,0.0,0,-1.0,0.0,0,-1.0,0.0,1,0
73,1,28,1,28,0,0,0,28,28,30,0,0,0,28,main_0.24,main_0.24,,,main_0.0;main_0.1;main_0.10;main_0.11;main_0.12;main_0.13;main_0.14;main_0.15;main_0.16;main_0.17;main_0.18;main_0.19;main_0.2;main_0.20;main_0.21;main_0.22;main_0.23;main_0.24;main_0.3;main_0.4;main_0.5;main_0.6;main_0.7;main_0.8;main_0.9;ramp_0.0;ramp_0.1;ramp_0.2,,,0,-1.0,0.0,0,-1.0,0.0,0,-1.0,0.0,0,-1.0,0.0,0,-1.0,0.0,0,-1.0,0.0,0,-1.0,0.0,1,0
74,0,28,0,28,0,0,0,28,28,30,0,0,0,28,,,,,main_0.0;main_0.1;main_0.10;main_0.11;main_0.12;main_0.13;main_0.14;main_0.15;main_0.16;main_0.17;main_0.18;main_0.19;main_0.2;main_0.20;main_0.21;main_0.22;main_0.23;main_0.24;main_0.3;main_0.4;main_0.5;main_0.6;main_0.7;main_0.8;main_0.9;ramp_0.0;ramp_0.1;ramp_0.2,,,0,-1.0,0.0,0,-1.0,0.0,0,-1.0,0.0,0,-1.0,0.0,0,-1.0,0.0,0,-1.0,0.0,0,-1.0,0.0,1,0
75,0,28,0,28,0,0,0,28,28,30,0,0,0,28,,,,,main_0.0;main_0.1;main_0.10;main_0.11;main_0.12;main_0.13;main_0.14;main_0.15;main_0.16;main_0.17;main_0.18;main_0.19;main_0.2;main_0.20;main_0.21;main_0.22;main_0.23;main_0.24;main_0.3;main_0.4;main_0.5;main_0.6;main_0.7;main_0.8;main_0.9;ramp_0.0;ramp_0.1;ramp_0.2,,,0,-1.0,0.0,1,31.952548515249642,0.15648204078662786,0,-1.0,0.0,0,-1.0,0.0,0,-1.0,0.0,0,-1.0,0.0,0,-1.0,0.0,1,0
76,1,29,1,29,0,0,0,29,29,31,0,0,0,29,main_0.25,main_0.25,,,main_0.0;main_0.1;main_0.10;main_0.11;main_0.12;main_0.13;main_0.14;main_0.15;main_0.16;main_0.17;main_0.18;main_0.19;main_0.2;main_0.20;main_0.21;main_0.22;main_0.23;main_0.24;main_0.25;main_0.3;main_0.4;main_0.5;main_0.6;main_0.7;main_0.8;main_0.9;ramp_0.0;ramp_0.1;ramp_0.2,,,1,28.93702591413835,0.1727890079248624,0,-1.0,0.0,0,-1.0,0.0,0,-1.0,0.0,0,-1.0,0.0,0,-1.0,0.0,0,-1.0,0.0,1,0
77,0,29,0,29,0,0,0,29,29,31,0,0,0,29,,,,,main_0.0;main_0.1;main_0.10;main_0.11;main_0.12;main_0.13;main_0.14;main_0.15;main_0.16;main_0.17;main_0.18;main_0.19;main_0.2;main_0.20;main_0.21;main_0.22;main_0.23;main_0.24;main_0.25;main_0.3;main_0.4;main_0.5;main_0.6;main_0.7;main_0.8;main_0.9;ramp_0.0;ramp_0.1;ramp_0.2,,,0,-1.0,0.0,0,-1.0,0.0,0,-1.0,0.0,0,-1.0,0.0,0,-1.0,0.0,0,-1.0,0.0,0,-1.0,0.0,1,0
78,0,29,0,29,0,0,0,29,29,31,0,0,0,29,,,,,main_0.0;main_0.1;main_0.10;main_0.11;main_0.12;main_0.13;main_0.14;main_0.15;main_0.16;main_0.17;main_0.18;main_0.19;main_0.2;main_0.20;main_0.21;main_0.22;main_0.23;main_0.24;main_0.25;main_0.3;main_0.4;main_0.5;main_0.6;main_0.7;main_0.8;main_0.9;ramp_0.0;ramp_0.1;ramp_0.2,,,0,-1.0,0.0,0,-1.0,0.0,0,-1.0,0.0,0,-1.0,0.0,0,-1.0,0.0,0,-1.0,0.0,0,-1.0,0.0,1,0
79,1,30,1,30,0,0,0,30,30,32,0,0,0,30,main_0.26,main_0.26,,,main_0.0;main_0.1;main_0.10;main_0.11;main_0.12;main_0.13;main_0.14;main_0.15;main_0.16;main_0.17;main_0.18;main_0.19;main_0.2;main_0.20;main_0.21;main_0.22;main_0.23;main_0.24;main_0.25;main_0.26;main_0.3;main_0.4;main_0.5;main_0.6;main_0.7;main_0.8;main_0.9;ramp_0.0;ramp_0.1;ramp_0.2,,,0,-1.0,0.0,0,-1.0,0.0,0,-1.0,0.0,0,-1.0,0.0,0,-1.0,0.0,0,-1.0,0.0,0,-1.0,0.0,1,0
80,0,30,0,30,0,0,0,30,30,32,0,0,0,30,,,,,main_0.0;main_0.1;main_0.10;main_0.11;main_0.12;main_0.13;main_0.14;main_0.15;main_0.16;main_0.17;main_0.18;main_0.19;main_0.2;main_0.20;main_0.21;main_0.22;main_0.23;main_0.24;main_0.25;main_0.26;main_0.3;main_0.4;main_0.5;main_0.6;main_0.7;main_0.8;main_0.9;ramp_0.0;ramp_0.1;ramp_0.2,,,0,-1.0,0.0,0,-1.0,0.0,0,-1.0,0.0,0,-1.0,0.0,0,-1.0,0.0,0,-1.0,0.0,0,-1.0,0.0,0,0
81,0,30,0,30,0,0,0,30,30,32,0,0,0,30,,,,,main_0.0;main_0.1;main_0.10;main_0.11;main_0.12;main_0.13;main_0.14;main_0.15;main_0.16;main_0.17;main_0.18;main_0.19;main_0.2;main_0.20;main_0.21;main_0.22;main_0.23;main_0.24;main_0.25;main_0.26;main_0.3;main_0.4;main_0.5;main_0.6;main_0.7;main_0.8;main_0.9;ramp_0.0;ramp_0.1;ramp_0.2,,,1,30.34066685382171,0.16479532319080192,1,32.39206985715946,0.15435876811974936,0,-1.0,0.0,0,-1.0,0.0,0,-1.0,0.0,0,-1.0,0.0,0,-1.0,0.0,0,0
82,1,31,1,31,0,0,0,31,31,33,0,0,0,31,main_0.27,main_0.27,,,main_0.0;main_0.1;main_0.10;main_0.11;main_0.12;main_0.13;main_0.14;main_0.15;main_0.16;main_0.17;main_0.18;main_0.19;main_0.2;main_0.20;main_0.21;main_0.22;main_0.23;main_0.24;main_0.25;main_0.26;main_0.27;main_0.3;main_0.4;main_0.5;main_0.6;main_0.7;main_0.8;main_0.9;ramp_0.0;ramp_0.1;ramp_0.2,,,0,-1.0,0.0,0,-1.0,0.0,1,33.32999998185737,0.13951391333731067,0,-1.0,0.0,0,-1.0,0.0,0,-1.0,0.0,0,-1.0,0.0,0,0
83,0,31,0,31,0,0,0,31,31,33,0,0,0,31,,,,,main_0.0;main_0.1;main_0.10;main_0.11;main_0.12;main_0.13;main_0.14;main_0.15;main_0.16;main_0.17;main_0.18;main_0.19;main_0.2;main_0.20;main_0.21;main_0.22;main_0.23;main_0.24;main_0.25;main_0.26;main_0.27;main_0.3;main_0.4;main_0.5;main_0.6;main_0.7;main_0.8;main_0.9;ramp_0.0;ramp_0.1;ramp_0.2,,,1,30.246640467207214,0.16412420699654717,0,-1.0,0.0,1,-1.0,0.0,0,-1.0,0.0,0,-1.0,0.0,0,-1.0,0.0,0,-1.0,0.0,0,0
84,0,31,0,31,0,0,0,31,31,33,0,0,0,31,,,,,main_0.0;main_0.1;main_0.10;main_0.11;main_0.12;main_0.13;main_0.14;main_0.15;main_0.16;main_0.17;main_0.18;main_0.19;main_0.2;main_0.20;main_0.21;main_0.22;main_0.23;main_0.24;main_0.25;main_0.26;main_0.27;main_0.3;main_0.4;main_0.5;main_0.6;main_0.7;main_0.8;main_0.9;ramp_0.0;ramp_0.1;ramp_0.2,,,1,-1.0,0.0,1,31.898179539575242,0.15674875720718262,0,-1.0,0.0,0,-1.0,0.0,0,-1.0,0.0,0,-1.0,0.0,0,-1.0,0.0,0,0
85,1,32,1,32,0,0,0,32,32,34,0,0,0,32,main_0.28,main_0.28,,,main_0.0;main_0.1;main_0.10;main_0.11;main_0.12;main_0.13;main_0.14;main_0.15;main_0.16;main_0.17;main_0.18;main_0.19;main_0.2;main_0.20;main_0.21;main_0.22;main_0.23;main_0.24;main_0.25;main_0.26;main_0.27;main_0.28;main_0.3;main_0.4;main_0.5;main_0.6;main_0.7;main_0.8;main_0.9;ramp_0.0;ramp_0.1;ramp_0.2,,,0,-1.0,0.0,0,-1.0,0.0,0,-1.0,0.0,0,-1.0,0.0,0,-1.0,0.0,0,-1.0,0.0,0,-1.0,0.0,0,0
86,0,32,0,32,0,0,0,32,32,34,0,0,0,32,,,,,main_0.0;main_0.1;main_0.10;main_0.11;main_0.12;main_0.13;main_0.14;main_0.15;main_0.16;main_0.17;main_0.18;main_0.19;main_0.2;main_0.20;main_0.21;main_0.22;main_0.23;main_0.24;main_0.25;main_0.26;main_0.27;main_0.28;main_0.3;main_0.4;main_0.5;main_0.6;main_0.7;main_0.8;main_0.9;ramp_0.0;ramp_0.1;ramp_0.2,,,0,-1.0,0.0,0,-1.0,0.0,0,-1.0,0.0,0,-1.0,0.0,0,-1.0,0.0,0,-1.0,0.0,0,-1.0,0.0,0,0
87,0,32,0,32,0,0,0,32,32,34,0,0,0,32,,,,,main_0.0;main_0.1;main_0.10;main_0.11;main_0.12;main_0.13;main_0.14;main_0.15;main_0.16;main_0.17;main_0.18;main_0.19;main_0.2;main_0.20;main_0.21;main_0.22;main_0.23;main_0.24;main_0.25;main_0.26;main_0.27;main_0.28;main_0.3;main_0.4;main_0.5;main_0.6;main_0.7;main_0.8;main_0.9;ramp_0.0;ramp_0.1;ramp_0.2,,,0,-1.0,0.0,0,-1.0,0.0,0,-1.0,0.0,0,-1.0,0.0,0,-1.0,0.0,0,-1.0,0.0,0,-1.0,0.0,0,0
88,1,33,1,33,0,0,0,33,33,35,0,0,0,33,main_0.29,main_0.29,,,main_0.0;main_0.1;main_0.10;main_0.11;main_0.12;main_0.13;main_0.14;main_0.15;main_0.16;main_0.17;main_0.18;main_0.19;main_0.2;main_0.20;main_0.21;main_0.22;main_0.23;main_0.24;main_0.25;main_0.26;main_0.27;main_0.28;main_0.29;main_0.3;main_0.4;main_0.5;main_0.6;main_0.7;main_0.8;main_0.9;ramp_0.0;ramp_0.1;ramp_0.2,,,0,-1.0,0.0,0,-1.0,0.0,0,-1.0,0.0,0,-1.0,0.0,0,-1.0,0.0,0,-1.0,0.0,0,-1.0,0.0,0,0
89,0,33,0,33,0,0,0,33,33,35,0,0,0,33,,,,,main_0.0;main_0.1;main_0.10;main_0.11;main_0.12;main_0.13;main_0.14;main_0.15;main_0.16;main_0.17;main_0.18;main_0.19;main_0.2;main_0.20;main_0.21;main_0.22;main_0.23;main_0.24;main_0.25;main_0.26;main_0.27;main_0.28;main_0.29;main_0.3;main_0.4;main_0.5;main_0.6;main_0.7;main_0.8;main_0.9;ramp_0.0;ramp_0.1;ramp_0.2,,,0,-1.0,0.0,1,32.26759991326046,0.15495419595633564,0,-1.0,0.0,0,-1.0,0.0,0,-1.0,0.0,0,-1.0,0.0,0,-1.0,0.0,0,0
90,0,33,0,33,0,0,0,33,33,35,0,0,0,33,,,,,main_0.0;main_0.1;main_0.10;main_0.11;main_0.12;main_0.13;main_0.14;main_0.15;main_0.16;main_0.17;main_0.18;main_0.19;main_0.2;main_0.20;main_0.21;main_0.22;main_0.23;main_0.24;main_0.25;main_0.26;main_0.27;main_0.28;main_0.29;main_0.3;main_0.4;main_0.5;main_0.6;main_0.7;main_0.8;main_0.9;ramp_0.0;ramp_0.1;ramp_0.2,,,0,-1.0,0.0,0,-1.0,0.0,0,-1.0,0.0,0,-1.0,0.0,0,-1.0,0.0,0,-1.0,0.0,0,-1.0,0.0,0,0
91,2,35,2,35,0,0,0,35,35,37,0,0,0,35,main_0.30;ramp_0.3,main_0.30;ramp_0.3,,,main_0.0;main_0.1;main_0.10;main_0.11;main_0.12;main_0.13;main_0.14;main_0.15;main_0.16;main_0.17;main_0.18;main_0.19;main_0.2;main_0.20;main_0.21;main_0.22;main_0.23;main_0.24;main_0.25;main_0.26;main_0.27;main_0.28;main_0.29;main_0.3;main_0.30;main_0.4;main_0.5;main_0.6;main_0.7;main_0.8;main_0.9;ramp_0.0;ramp_0.1;ramp_0.2;ramp_0.3,,,0,-1.0,0.0,0,-1.0,0.0,0,-1.0,0.0,0,-1.0,0.0,0,-1.0,0.0,0,-1.0,0.0,0,-1.0,0.0,1,0
92,0,35,0,35,0,0,0,35,35,37,0,0,0,35,,,,,main_0.0;main_0.1;main_0.10;main_0.11;main_0.12;main_0.13;main_0.14;main_0.15;main_0.16;main_0.17;main_0.18;main_0.19;main_0.2;main_0.20;main_0.21;main_0.22;main_0.23;main_0.24;main_0.25;main_0.26;main_0.27;main_0.28;main_0.29;main_0.3;main_0.30;main_0.4;main_0.5;main_0.6;main_0.7;main_0.8;main_0.9;ramp_0.0;ramp_0.1;ramp_0.2;ramp_0.3,,,1,32.80866997050866,0.15239874107955131,0,-1.0,0.0,0,-1.0,0.0,0,-1.0,0.0,0,-1.0,0.0,0,-1.0,0.0,0,-1.0,0.0,1,0
93,0,35,0,35,0,0,0,35,35,37,0,0,0,35,,,,,main_0.0;main_0.1;main_0.10;main_0.11;main_0.12;main_0.13;main_0.14;main_0.15;main_0.16;main_0.17;main_0.18;main_0.19;main_0.2;main_0.20;main_0.21;main_0.22;main_0.23;main_0.24;main_0.25;main_0.26;main_0.27;main_0.28;main_0.29;main_0.3;main_0.30;main_0.4;main_0.5;main_0.6;main_0.7;main_0.8;main_0.9;ramp_0.0;ramp_0.1;ramp_0.2;ramp_0.3,,,0,-1.0,0.0,0,-1.0,0.0,0,-1.0,0.0,0,-1.0,0.0,0,-1.0,0.0,0,-1.0,0.0,1,22.704672442034745,0.22021898852604238,1,0
94,1,36,1,36,0,0,0,36,36,38,0,0,0,36,main_0.31,main_0.31,,,main_0.0;main_0.1;main_0.10;main_0.11;main_0.12;main_0.13;main_0.14;main_0.15;main_0.16;main_0.17;main_0.18;main_0.19;main_0.2;main_0.20;main_0.21;main_0.22;main_0.23;main_0.24;main_0.25;main_0.26;main_0.27;main_0.28;main_0.29;main_0.3;main_0.30;main_0.31;main_0.4;main_0.5;main_0.6;main_0.7;main_0.8;main_0.9;ramp_0.0;ramp_0.1;ramp_0.2;ramp_0.3,,,0,-1.0,0.0,0,-1.0,0.0,0,-1.0,0.0,0,-1.0,0.0,0,-1.0,0.0,0,-1.0,0.0,0,-1.0,0.0,1,0
95,0,36,0,36,0,0,0,36,36,38,0,0,0,36,,,,,main_0.0;main_0.1;main_0.10;main_0.11;main_0.12;main_0.13;main_0.14;main_0.15;main_0.16;main_0.17;main_0.18;main_0.19;main_0.2;main_0.20;main_0.21;main_0.22;main_0.23;main_0.24;main_0.25;main_0.26;main_0.27;main_0.28;main_0.29;main_0.3;main_0.30;main_0.31;main_0.4;main_0.5;main_0.6;main_0.7;main_0.8;main_0.9;ramp_0.0;ramp_0.1;ramp_0.2;ramp_0.3,,,0,-1.0,0.0,1,32.725276370596106,0.1527870977582495,0,-1.0,0.0,0,-1.0,0.0,0,-1.0,0.0,0,-1.0,0.0,0,-1.0,0.0,1,0
96,0,36,0,36,0,0,0,36,36,38,0,0,0,36,,,,,main_0.0;main_0.1;main_0.10;main_0.11;main_0.12;main_0.13;main_0.14;main_0.15;main_0.16;main_0.17;main_0.18;main_0.19;main_0.2;main_0.20;main_0.21;main_0.22;main_0.23;main_0.24;main_0.25;main_0.26;main_0.27;main_0.28;main_0.29;main_0.3;main_0.30;main_0.31;main_0.4;main_0.5;main_0.6;main_0.7;main_0.8;main_0.9;ramp_0.0;ramp_0.1;ramp_0.2;ramp_0.3,,,0,-1.0,0.0,0,-1.0,0.0,1,31.46106533127397,0.15892659537595932,0,-1.0,0.0,0,-1.0,0.0,0,-1.0,0.0,0,-1.0,0.0,1,0
97,1,37,1,37,0,0,0,37,37,39,0,0,0,37,main_0.32,main_0.32,,,main_0.0;main_0.1;main_0.10;main_0.11;main_0.12;main_0.13;main_0.14;main_0.15;main_0.16;main_0.17;main_0.18;main_0.19;main_0.2;main_0.20;main_0.21;main_0.22;main_0.23;main_0.24;main_0.25;main_0.26;main_0.27;main_0.28;main_0.29;main_0.3;main_0.30;main_0.31;main_0.32;main_0.4;main_0.5;main_0.6;main_0.7;main_0.8;main_0.9;ramp_0.0;ramp_0.1;ramp_0.2;ramp_0.3,,,1,32.881709639670625,0.05153323211101224,0,-1.0,0.0,0,-1.0,0.0,0,-1.0,0.0,0,-1.0,0.0,0,-1.0,0.0,0,-1.0,0.0,1,0
98,0,37,0,37,0,0,0,37,37,39,0,0,0,37,,,,,main_0.0;main_0.1;main_0.10;main_0.11;main_0.12;main_0.13;main_0.14;main_0.15;main_0.16;main_0.17;main_0.18;main_0.19;main_0.2;main_0.20;main_0.21;main_0.22;main_0.23;main_0.24;main_0.25;main_0.26;main_0.27;main_0.28;main_0.29;main_0.3;main_0.30;main_0.31;main_0.32;main_0.4;main_0.5;main_0.6;main_0.7;main_0.8;main_0.9;ramp_0.0;ramp_0.1;ramp_0.2;ramp_0.3,,,1,-1.0,0.0,0,-1.0,0.0,0,-1.0,0.0,0,-1.0,0.0,0,-1.0,0.0,0,-1.0,0.0,0,-1.0,0.0,1,0
99,0,37,0,37,0,0,0,37,37,39,0,0,0,37,,,,,main_0.0;main_0.1;main_0.10;main_0.11;main_0.12;main_0.13;main_0.14;main_0.15;main_0.16;main_0.17;main_0.18;main_0.19;main_0.2;main_0.20;main_0.21;main_0.22;main_0.23;main_0.24;main_0.25;main_0.26;main_0.27;main_0.28;main_0.29;main_0.3;main_0.30;main_0.31;main_0.32;main_0.4;main_0.5;main_0.6;main_0.7;main_0.8;main_0.9;ramp_0.0;ramp_0.1;ramp_0.2;ramp_0.3,,,0,-1.0,0.0,0,-1.0,0.0,0,-1.0,0.0,0,-1.0,0.0,0,-1.0,0.0,0,-1.0,0.0,0,-1.0,0.0,1,0
100,1,38,1,38,0,0,0,38,38,40,0,0,0,38,main_0.33,main_0.33,,,main_0.0;main_0.1;main_0.10;main_0.11;main_0.12;main_0.13;main_0.14;main_0.15;main_0.16;main_0.17;main_0.18;main_0.19;main_0.2;main_0.20;main_0.21;main_0.22;main_0.23;main_0.24;main_0.25;main_0.26;main_0.27;main_0.28;main_0.29;main_0.3;main_0.30;main_0.31;main_0.32;main_0.33;main_0.4;main_0.5;main_0.6;main_0.7;main_0.8;main_0.9;ramp_0.0;ramp_0.1;ramp_0.2;ramp_0.3,,,0,-1.0,0.0,0,-1.0,0.0,0,-1.0,0.0,0,-1.0,0.0,0,-1.0,0.0,0,-1.0,0.0,0,-1.0,0.0,1,0
101,0,38,0,38,1,1,0,37,37,39,0,0,0,37,,,ramp_0.0,,main_0.0;main_0.1;main_0.10;main_0.11;main_0.12;main_0.13;main_0.14;main_0.15;main_0.16;main_0.17;main_0.18;main_0.19;main_0.2;main_0.20;main_0.21;main_0.22;main_0.23;main_0.24;main_0.25;main_0.26;main_0.27;main_0.28;main_0.29;main_0.3;main_0.30;main_0.31;main_0.32;main_0.33;main_0.4;main_0.5;main_0.6;main_0.7;main_0.8;main_0.9;ramp_0.1;ramp_0.2;ramp_0.3,,,0,-1.0,0.0,0,-1.0,0.0,0,-1.0,0.0,0,-1.0,0.0,0,-1.0,0.0,0,-1.0,0.0,0,-1.0,0.0,1,0
102,0,38,0,38,0,1,0,37,37,39,0,0,0,37,,,,,main_0.0;main_0.1;main_0.10;main_0.11;main_0.12;main_0.13;main_0.14;main_0.15;main_0.16;main_0.17;main_0.18;main_0.19;main_0.2;main_0.20;main_0.21;main_0.22;main_0.23;main_0.24;main_0.25;main_0.26;main_0.27;main_0.28;main_0.29;main_0.3;main_0.30;main_0.31;main_0.32;main_0.33;main_0.4;main_0.5;main_0.6;main_0.7;main_0.8;main_0.9;ramp_0.1;ramp_0.2;ramp_0.3,,,0,-1.0,0.0,1,32.99295648512351,0.1515474977895508,0,-1.0,0.0,0,-1.0,0.0,0,-1.0,0.0,0,-1.0,0.0,0,-1.0,0.0,1,0
103,1,39,1,39,0,1,0,38,38,40,0,0,0,38,main_0.34,main_0.34,,,main_0.0;main_0.1;main_0.10;main_0.11;main_0.12;main_0.13;main_0.14;main_0.15;main_0.16;main_0.17;main_0.18;main_0.19;main_0.2;main_0.20;main_0.21;main_0.22;main_0.23;main_0.24;main_0.25;main_0.26;main_0.27;main_0.28;main_0.29;main_0.3;main_0.30;main_0.31;main_0.32;main_0.33;main_0.34;main_0.4;main_0.5;main_0.6;main_0.7;main_0.8;main_0.9;ramp_0.1;ramp_0.2;ramp_0.3,,,0,-1.0,0.0,0,-1.0,0.0,1,32.38813067024641,0.15437754191208342,0,-1.0,0.0,0,-1.0,0.0,0,-1.0,0.0,0,-1.0,0.0,1,0
104,0,39,0,39,0,1,0,38,38,40,0,0,0,38,,,,,main_0.0;main_0.1;main_0.10;main_0.11;main_0.12;main_0.13;main_0.14;main_0.15;main_0.16;main_0.17;main_0.18;main_0.19;main_0.2;main_0.20;main_0.21;main_0.22;main_0.23;main_0.24;main_0.25;main_0.26;main_0.27;main_0.28;main_0.29;main_0.3;main_0.30;main_0.31;main_0.32;main_0.33;main_0.34;main_0.4;main_0.5;main_0.6;main_0.7;main_0.8;main_0.9;ramp_0.1;ramp_0.2;ramp_0.3,,,0,-1.0,0.0,0,-1.0,0.0,0,-1.0,0.0,0,-1.0,0.0,0,-1.0,0.0,0,-1.0,0.0,0,-1.0,0.0,1,0
105,0,39,0,39,0,1,0,38,38,40,0,0,0,38,,,,,main_0.0;main_0.1;main_0.10;main_0.11;main_0.12;main_0.13;main_0.14;main_0.15;main_0.16;main_0.17;main_0.18;main_0.19;main_0.2;main_0.20;main_0.21;main_0.22;main_0.23;main_0.24;main_0.25;main_0.26;main_0.27;main_0.28;main_0.29;main_0.3;main_0.30;main_0.31;main_0.32;main_0.33;main_0.34;main_0.4;main_0.5;main_0.6;main_0.7;main_0.8;main_0.9;ramp_0.1;ramp_0.2;ramp_0.3,,,0,-1.0,0.0,0,-1.0,0.0,0,-1.0,0.0,0,-1.0,0.0,0,-1.0,0.0,0,-1.0,0.0,0,-1.0,0.0,0,0
106,1,40,1,40,0,1,0,39,39,41,0,0,0,39,main_0.35,main_0.35,,,main_0.0;main_0.1;main_0.10;main_0.11;main_0.12;main_0.13;main_0.14;main_0.15;main_0.16;main_0.17;main_0.18;main_0.19;main_0.2;main_0.20;main_0.21;main_0.22;main_0.23;main_0.24;main_0.25;main_0.26;main_0.27;main_0.28;main_0.29;main_0.3;main_0.30;main_0.31;main_0.32;main_0.33;main_0.34;main_0.35;main_0.4;main_0.5;main_0.6;main_0.7;main_0.8;main_0.9;ramp_0.1;ramp_0.2;ramp_0.3,,,0,-1.0,0.0,0,-1.0,0.0,1,32.09319794700915,0.10449860583888437,0,-1.0,0.0,0,-1.0,0.0,0,-1.0,0.0,0,-1.0,0.0,0,0
107,0,40,0,40,0,1,0,39,39,41,0,0,0,39,,,,,main_0.0;main_0.1;main_0.10;main_0.11;main_0.12;main_0.13;main_0.14;main_0.15;main_0.16;main_0.17;main_0.18;main_0.19;main_0.2;main_0.20;main_0.21;main_0.22;main_0.23;main_0.24;main_0.25;main_0.26;main_0.27;main_0.28;main_0.29;main_0.3;main_0.30;main_0.31;main_0.32;main_0.33;main_0.34;main_0.35;main_0.4;main_0.5;main_0.6;main_0.7;main_0.8;main_0.9;ramp_0.1;ramp_0.2;ramp_0.3,,,1,32.68646617495586,0.15296850914495508,1,32.551821911039475,0.15360123355505095,1,-1.0,0.0,0,-1.0,0.0,0,-1.0,0.0,0,-1.0,0.0,0,-1.0,0.0,0,0
108,0,40,0,40,0,1,0,39,39,41,0,0,0,39,,,,,main_0.0;main_0.1;main_0.10;main_0.11;main_0.12;main_0.13;main_0.14;main_0.15;main_0.16;main_0.17;main_0.18;main_0.19;main_0.2;main_0.20;main_0.21;main_0.22;main_0.23;main_0.24;main_0.25;main_0.26;main_0.27;main_0.28;main_0.29;main_0.3;main_0.30;main_0.31;main_0.32;main_0.33;main_0.34;main_0.35;main_0.4;main_0.5;main_0.6;main_0.7;main_0.8;main_0.9;ramp_0.1;ramp_0.2;ramp_0.3,,,0,-1.0,0.0,0,-1.0,0.0,0,-1.0,0.0,0,-1.0,0.0,0,-1.0,0.0,0,-1.0,0.0,0,-1.0,0.0,0,0
109,1,41,1,41,0,1,0,40,40,42,0,0,0,40,main_0.36,main_0.36,,,main_0.0;main_0.1;main_0.10;main_0.11;main_0.12;main_0.13;main_0.14;main_0.15;main_0.16;main_0.17;main_0.18;main_0.19;main_0.2;main_0.20;main_0.21;main_0.22;main_0.23;main_0.24;main_0.25;main_0.26;main_0.27;main_0.28;main_0.29;main_0.3;main_0.30;main_0.31;main_0.32;main_0.33;main_0.34;main_0.35;main_0.36;main_0.4;main_0.5;main_0.6;main_0.7;main_0.8;main_0.9;ramp_0.1;ramp_0.2;ramp_0.3,,,0,-1.0,0.0,0,-1.0,0.0,0,-1.0,0.0,0,-1.0,0.0,0,-1.0,0.0,0,-1.0,0.0,0,-1.0,0.0,0,0
110,0,41,0,41,0,1,0,40,40,42,0,0,0,40,,,,,main_0.0;main_0.1;main_0.10;main_0.11;main_0.12;main_0.13;main_0.14;main_0.15;main_0.16;main_0.17;main_0.18;main_0.19;main_0.2;main_0.20;main_0.21;main_0.22;main_0.23;main_0.24;main_0.25;main_0.26;main_0.27;main_0.28;main_0.29;main_0.3;main_0.30;main_0.31;main_0.32;main_0.33;main_0.34;main_0.35;main_0.36;main_0.4;main_0.5;main_0.6;main_0.7;main_0.8;main_0.9;ramp_0.1;ramp_0.2;ramp_0.3,,,1,31.800509099087485,0.15723018724072801,0,-1.0,0.0,0,-1.0,0.0,0,-1.0,0.0,0,-1.0,0.0,0,-1.0,0.0,0,-1.0,0.0,0,0
111,0,41,0,41,0,1,0,40,40,42,0,0,0,40,,,,,main_0.0;main_0.1;main_0.10;main_0.11;main_0.12;main_0.13;main_0.14;main_0.15;main_0.16;main_0.17;main_0.18;main_0.19;main_0.2;main_0.20;main_0.21;main_0.22;main_0.23;main_0.24;main_0.25;main_0.26;main_0.27;main_0.28;main_0.29;main_0.3;main_0.30;main_0.31;main_0.32;main_0.33;main_0.34;main_0.35;main_0.36;main_0.4;main_0.5;main_0.6;main_0.7;main_0.8;main_0.9;ramp_0.1;ramp_0.2;ramp_0.3,,,0,-1.0,0.0,0,-1.0,0.0,0,-1.0,0.0,0,-1.0,0.0,0,-1.0,0.0,0,-1.0,0.0,0,-1.0,0.0,0,0
112,1,42,1,42,0,1,0,41,41,43,0,0,0,41,main_0.37,main_0.37,,,main_0.0;main_0.1;main_0.10;main_0.11;main_0.12;main_0.13;main_0.14;main_0.15;main_0.16;main_0.17;main_0.18;main_0.19;main_0.2;main_0.20;main_0.21;main_0.22;main_0.23;main_0.24;main_0.25;main_0.26;main_0.27;main_0.28;main_0.29;main_0.3;main_0.30;main_0.31;main_0.32;main_0.33;main_0.34;main_0.35;main_0.36;main_0.37;main_0.4;main_0.5;main_0.6;main_0.7;main_0.8;main_0.9;ramp_0.1;ramp_0.2;ramp_0.3,,,0,-1.0,0.0,0,-1.0,0.0,0,-1.0,0.0,1,33.32999998185737,0.1335132969440309,0,-1.0,0.0,0,-1.0,0.0,0,-1.0,0.0,0,0
113,0,42,0,42,0,1,0,41,41,43,0,0,0,41,,,,,main_0.0;main_0.1;main_0.10;main_0.11;main_0.12;main_0.13;main_0.14;main_0.15;main_0.16;main_0.17;main_0.18;main_0.19;main_0.2;main_0.20;main_0.21;main_0.22;main_0.23;main_0.24;main_0.25;main_0.26;main_0.27;main_0.28;main_0.29;main_0.3;main_0.30;main_0.31;main_0.32;main_0.33;main_0.34;main_0.35;main_0.36;main_0.37;main_0.4;main_0.5;main_0.6;main_0.7;main_0.8;main_0.9;ramp_0.1;ramp_0.2;ramp_0.3,,,0,-1.0,0.0,1,31.030270028406665,0.16113298387099917,0,-1.0,0.0,1,-1.0,0.0,0,-1.0,0.0,0,-1.0,0.0,0,-1.0,0.0,0,0
114,0,42,0,42,0,1,0,41,41,43,0,0,0,41,,,,,main_0.0;main_0.1;main_0.10;main_0.11;main_0.12;main_0.13;main_0.14;main_0.15;main_0.16;main_0.17;main_0.18;main_0.19;main_0.2;main_0.20;main_0.21;main_0.22;main_0.23;main_0.24;main_0.25;main_0.26;main_0.27;main_0.28;main_0.29;main_0.3;main_0.30;main_0.31;main_0.32;main_0.33;main_0.34;main_0.35;main_0.36;main_0.37;main_0.4;main_0.5;main_0.6;main_0.7;main_0.8;main_0.9;ramp_0.1;ramp_0.2;ramp_0.3,,,0,-1.0,0.0,0,-1.0,0.0,0,-1.0,0.0,0,-1.0,0.0,0,-1.0,0.0,0,-1.0,0.0,0,-1.0,0.0,0,0
115,1,43,1,43,0,1,0,42,42,44,0,0,0,42,main_0.38,main_0.38,,,main_0.0;main_0.1;main_0.10;main_0.11;main_0.12;main_0.13;main_0.14;main_0.15;main_0.16;main_0.17;main_0.18;main_0.19;main_0.2;main_0.20;main_0.21;main_0.22;main_0.23;main_0.24;main_0.25;main_0.26;main_0.27;main_0.28;main_0.29;main_0.3;main_0.30;main_0.31;main_0.32;main_0.33;main_0.34;main_0.35;main_0.36;main_0.37;main_0.38;main_0.4;main_0.5;main_0.6;main_0.7;main_0.8;main_0.9;ramp_0.1;ramp_0.2;ramp_0.3,,,0,-1.0,0.0,0,-1.0,0.0,1,33.00378650992523,0.15149776824839023,0,-1.0,0.0,0,-1.0,0.0,0,-1.0,0.0,0,-1.0,0.0,0,0
116,0,43,0,43,0,1,0,42,42,44,0,0,0,42,,,,,main_0.0;main_0.1;main_0.10;main_0.11;main_0.12;main_0.13;main_0.14;main_0.15;main_0.16;main_0.17;main_0.18;main_0.19;main_0.2;main_0.20;main_0.21;main_0.22;main_0.23;main_0.24;main_0.25;main_0.26;main_0.27;main_0.28;main_0.29;main_0.3;main_0.30;main_0.31;main_0.32;main_0.33;main_0.34;main_0.35;main_0.36;main_0.37;main_0.38;main_0.4;main_0.5;main_0.6;main_0.7;main_0.8;main_0.9;ramp_0.1;ramp_0.2;ramp_0.3,,,0,-1.0,0.0,0,-1.0,0.0,0,-1.0,0.0,0,-1.0,0.0,0,-1.0,0.0,0,-1.0,0.0,0,-1.0,0.0,0,0
117,0,43,0,43,0,1,0,42,42,44,0,0,0,42,,,,,main_0.0;main_0.1;main_0.10;main_0.11;main_0.12;main_0.13;main_0.14;main_0.15;main_0.16;main_0.17;main_0.18;main_0.19;main_0.2;main_0.20;main_0.21;main_0.22;main_0.23;main_0.24;main_0.25;main_0.26;main_0.27;main_0.28;main_0.29;main_0.3;main_0.30;main_0.31;main_0.32;main_0.33;main_0.34;main_0.35;main_0.36;main_0.37;main_0.38;main_0.4;main_0.5;main_0.6;main_0.7;main_0.8;main_0.9;ramp_0.1;ramp_0.2;ramp_0.3,,,0,-1.0,0.0,0,-1.0,0.0,0,-1.0,0.0,0,-1.0,0.0,0,-1.0,0.0,0,-1.0,0.0,0,-1.0,0.0,0,0
118,1,44,1,44,0,1,0,43,43,45,0,0,0,43,main_0.39,main_0.39,,,main_0.0;main_0.1;main_0.10;main_0.11;main_0.12;main_0.13;main_0.14;main_0.15;main_0.16;main_0.17;main_0.18;main_0.19;main_0.2;main_0.20;main_0.21;main_0.22;main_0.23;main_0.24;main_0.25;main_0.26;main_0.27;main_0.28;main_0.29;main_0.3;main_0.30;main_0.31;main_0.32;main_0.33;main_0.34;main_0.35;main_0.36;main_0.37;main_0.38;main_0.39;main_0.4;main_0.5;main_0.6;main_0.7;main_0.8;main_0.9;ramp_0.1;ramp_0.2;ramp_0.3,,,0,-1.0,0.0,0,-1.0,0.0,1,30.434072737194356,0.1642895462324816,0,-1.0,0.0,0,-1.0,0.0,0,-1.0,0.0,0,-1.0,0.0,0,0
119,0,44,0,44,0,1,0,43,43,45,0,0,0,43,,,,,main_0.0;main_0.1;main_0.10;main_0.11;main_0.12;main_0.13;main_0.14;main_0.15;main_0.16;main_0.17;main_0.18;main_0.19;main_0.2;main_0.20;main_0.21;main_0.22;main_0.23;main_0.24;main_0.25;main_0.26;main_0.27;main_0.28;main_0.29;main_0.3;main_0.30;main_0.31;main_0.32;main_0.33;main_0.34;main_0.35;main_0.36;main_0.37;main_0.38;main_0.39;main_0.4;main_0.5;main_0.6;main_0.7;main_0.8;main_0.9;ramp_0.1;ramp_0.2;ramp_0.3,,,0,-1.0,0.0,1,31.962401590309188,0.15643380194296697,0,-1.0,0.0,0,-1.0,0.0,0,-1.0,0.0,0,-1.0,0.0,0,-1.0,0.0,0,0
120,0,44,0,44,0,1,0,43,43,45,0,0,0,43,,,,,main_0.0;main_0.1;main_0.10;main_0.11;main_0.12;main_0.13;main_0.14;main_0.15;main_0.16;main_0.17;main_0.18;main_0.19;main_0.2;main_0.20;main_0.21;main_0.22;main_0.23;main_0.24;main_0.25;main_0.26;main_0.27;main_0.28;main_0.29;main_0.3;main_0.30;main_0.31;main_0.32;main_0.33;main_0.34;main_0.35;main_0.36;main_0.37;main_0.38;main_0.39;main_0.4;main_0.5;main_0.6;main_0.7;main_0.8;main_0.9;ramp_0.1;ramp_0.2;ramp_0.3,,,1,30.880494092617862,0.1619145077473121,0,-1.0,0.0,0,-1.0,0.0,0,-1.0,0.0,0,-1.0,0.0,0,-1.0,0.0,0,-1.0,0.0,0,0
121,2,46,2,46,0,1,0,45,45,47,0,0,0,45,main_0.40;ramp_0.4,main_0.40;ramp_0.4,,,main_0.0;main_0.1;main_0.10;main_0.11;main_0.12;main_0.13;main_0.14;main_0.15;main_0.16;main_0.17;main_0.18;main_0.19;main_0.2;main_0.20;main_0.21;main_0.22;main_0.23;main_0.24;main_0.25;main_0.26;main_0.27;main_0.28;main_0.29;main_0.3;main_0.30;main_0.31;main_0.32;main_0.33;main_0.34;main_0.35;main_0.36;main_0.37;main_0.38;main_0.39;main_0.4;main_0.40;main_0.5;main_0.6;main_0.7;main_0.8;main_0.9;ramp_0.1;ramp_0.2;ramp_0.3;ramp_0.4,,,0,-1.0,0.0,0,-1.0,0.0,1,30.199790051022916,0.16556406490086317,0,-1.0,0.0,0,-1.0,0.0,0,-1.0,0.0,0,-1.0,0.0,1,0
122,0,46,0,46,0,1,0,45,45,47,0,0,0,45,,,,,main_0.0;main_0.1;main_0.10;main_0.11;main_0.12;main_0.13;main_0.14;main_0.15;main_0.16;main_0.17;main_0.18;main_0.19;main_0.2;main_0.20;main_0.21;main_0.22;main_0.23;main_0.24;main_0.25;main_0.26;main_0.27;main_0.28;main_0.29;main_0.3;main_0.30;main_0.31;main_0.32;main_0.33;main_0.34;main_0.35;main_0.36;main_0.37;main_0.38;main_0.39;main_0.4;main_0.40;main_0.5;main_0.6;main_0.7;main_0.8;main_0.9;ramp_0.1;ramp_0.2;ramp_0.3;ramp_0.4,,,0,-1.0,0.0,0,-1.0,0.0,0,-1.0,0.0,0,-1.0,0.0,0,-1.0,0.0,0,-1.0,0.0,0,-1.0,0.0,1,0
123,0,46,0,46,0,1,0,45,45,47,0,0,0,45,,,,,main_0.0;main_0.1;main_0.10;main_0.11;main_0.12;main_0.13;main_0.14;main_0.15;main_0.16;main_0.17;main_0.18;main_0.19;main_0.2;main_0.20;main_0.21;main_0.22;main_0.23;main_0.24;main_0.25;main_0.26;main_0.27;main_0.28;main_0.29;main_0.3;main_0.30;main_0.31;main_0.32;main_0.33;main_0.34;main_0.35;main_0.36;main_0.37;main_0.38;main_0.39;main_0.4;main_0.40;main_0.5;main_0.6;main_0.7;main_0.8;main_0.9;ramp_0.1;ramp_0.2;ramp_0.3;ramp_0.4,,,0,-1.0,0.0,0,-1.0,0.0,0,-1.0,0.0,0,-1.0,0.0,0,-1.0,0.0,0,-1.0,0.0,1,25.95025799486558,0.1926763117726722,1,0
124,1,47,1,47,0,1,0,46,46,48,0,0,0,46,main_0.41,main_0.41,,,main_0.0;main_0.1;main_0.10;main_0.11;main_0.12;main_0.13;main_0.14;main_0.15;main_0.16;main_0.17;main_0.18;main_0.19;main_0.2;main_0.20;main_0.21;main_0.22;main_0.23;main_0.24;main_0.25;main_0.26;main_0.27;main_0.28;main_0.29;main_0.3;main_0.30;main_0.31;main_0.32;main_0.33;main_0.34;main_0.35;main_0.36;main_0.37;main_0.38;main_0.39;main_0.4;main_0.40;main_0.41;main_0.5;main_0.6;main_0.7;main_0.8;main_0.9;ramp_0.1;ramp_0.2;ramp_0.3;ramp_0.4,,,0,-1.0,0.0,0,-1.0,0.0,0,-1.0,0.0,0,-1.0,0.0,0,-1.0,0.0,0,-1.0,0.0,0,-1.0,0.0,1,0
125,0,47,0,47,0,1,0,46,46,48,0,0,0,46,,,,,main_0.0;main_0.1;main_0.10;main_0.11;main_0.12;main_0.13;main_0.14;main_0.15;main_0.16;main_0.17;main_0.18;main_0.19;main_0.2;main_0.20;main_0.21;main_0.22;main_0.23;main_0.24;main_0.25;main_0.26;main_0.27;main_0.28;main_0.29;main_0.3;main_0.30;main_0.31;main_0.32;main_0.33;main_0.34;main_0.35;main_0.36;main_0.37;main_0.38;main_0.39;main_0.4;main_0.40;main_0.41;main_0.5;main_0.6;main_0.7;main_0.8;main_0.9;ramp_0.1;ramp_0.2;ramp_0.3;ramp_0.4,,,0,-1.0,0.0,0,-1.0,0.0,0,-1.0,0.0,0,-1.0,0.0,0,-1.0,0.0,0,-1.0,0.0,0,-1.0,0.0,1,0
126,0,47,0,47,0,1,0,46,46,48,0,0,0,46,,,,,main_0.0;main_0.1;main_0.10;main_0.11;main_0.12;main_0.13;main_0.14;main_0.15;main_0.16;main_0.17;main_0.18;main_0.19;main_0.2;main_0.20;main_0.21;main_0.22;main_0.23;main_0.24;main_0.25;main_0.26;main_0.27;main_0.28;main_0.29;main_0.3;main_0.30;main_0.31;main_0.32;main_0.33;main_0.34;main_0.35;main_0.36;main_0.37;main_0.38;main_0.39;main_0.4;main_0.40;main_0.41;main_0.5;main_0.6;main_0.7;main_0.8;main_0.9;ramp_0.1;ramp_0.2;ramp_0.3;ramp_0.4,,,0,-1.0,0.0,0,-1.0,0.0,1,32.056046671357514,0.15597681308804567,0,-1.0,0.0,0,-1.0,0.0,0,-1.0,0.0,0,-1.0,0.0,1,0
127,1,48,1,48,0,1,0,47,47,49,0,0,0,47,main_0.42,main_0.42,,,main_0.0;main_0.1;main_0.10;main_0.11;main_0.12;main_0.13;main_0.14;main_0.15;main_0.16;main_0.17;main_0.18;main_0.19;main_0.2;main_0.20;main_0.21;main_0.22;main_0.23;main_0.24;main_0.25;main_0.26;main_0.27;main_0.28;main_0.29;main_0.3;main_0.30;main_0.31;main_0.32;main_0.33;main_0.34;main_0.35;main_0.36;main_0.37;main_0.38;main_0.39;main_0.4;main_0.40;main_0.41;main_0.42;main_0.5;main_0.6;main_0.7;main_0.8;main_0.9;ramp_0.1;ramp_0.2;ramp_0.3;ramp_0.4,,,1,29.140574894883756,0.17158206445947144,0,-1.0,0.0,0,-1.0,0.0,0,-1.0,0.0,0,-1.0,0.0,0,-1.0,0.0,0,-1.0,0.0,1,0
128,0,48,0,48,0,1,0,47,47,49,0,0,0,47,,,,,main_0.0;main_0.1;main_0.10;main_0.11;main_0.12;main_0.13;main_0.14;main_0.15;main_0.16;main_0.17;main_0.18;main_0.19;main_0.2;main_0.20;main_0.21;main_0.22;main_0.23;main_0.24;main_0.25;main_0.26;main_0.27;main_0.28;main_0.29;main_0.3;main_0.30;main_0.31;main_0.32;main_0.33;main_0.34;main_0.35;main_0.36;main_0.37;main_0.38;main_0.39;main_0.4;main_0.40;main_0.41;main_0.42;main_0.5;main_0.6;main_0.7;main_0.8;main_0.9;ramp_0.1;ramp_0.2;ramp_0.3;ramp_0.4,,,0,-1.0,0.0,0,-1.0,0.0,0,-1.0,0.0,0,-1.0,0.0,0,-1.0,0.0,0,-1.0,0.0,0,-1.0,0.0,1,0
129,0,48,0,48,0,1,0,47,47,49,0,0,0,47,,,,,main_0.0;main_0.1;main_0.10;main_0.11;main_0.12;main_0.13;main_0.14;main_0.15;main_0.16;main_0.17;main_0.18;main_0.19;main_0.2;main_0.20;main_0.21;main_0.22;main_0.23;main_0.24;main_0.25;main_0.26;main_0.27;main_0.28;main_0.29;main_0.3;main_0.30;main_0.31;main_0.32;main_0.33;main_0.34;main_0.35;main_0.36;main_0.37;main_0.38;main_0.39;main_0.4;main_0.40;main_0.41;main_0.42;main_0.5;main_0.6;main_0.7;main_0.8;main_0.9;ramp_0.1;ramp_0.2;ramp_0.3;ramp_0.4,,,0,-1.0,0.0,0,-1.0,0.0,0,-1.0,0.0,0,-1.0,0.0,0,-1.0,0.0,0,-1.0,0.0,0,-1.0,0.0,1,0
130,1,49,1,49,0,1,0,48,48,50,0,0,0,48,main_0.43,main_0.43,,,main_0.0;main_0.1;main_0.10;main_0.11;main_0.12;main_0.13;main_0.14;main_0.15;main_0.16;main_0.17;main_0.18;main_0.19;main_0.2;main_0.20;main_0.21;main_0.22;main_0.23;main_0.24;main_0.25;main_0.26;main_0.27;main_0.28;main_0.29;main_0.3;main_0.30;main_0.31;main_0.32;main_0.33;main_0.34;main_0.35;main_0.36;main_0.37;main_0.38;main_0.39;main_0.4;main_0.40;main_0.41;main_0.42;main_0.43;main_0.5;main_0.6;main_0.7;main_0.8;main_0.9;ramp_0.1;ramp_0.2;ramp_0.3;ramp_0.4,,,0,-1.0,0.0,0,-1.0,0.0,0,-1.0,0.0,1,33.28511600874884,0.15021729227819947,0,-1.0,0.0,0,-1.0,0.0,0,-1.0,0.0,1,0
131,0,49,0,49,0,1,0,48,48,50,0,0,0,48,,,,,main_0.0;main_0.1;main_0.10;main_0.11;main_0.12;main_0.13;main_0.14;main_0.15;main_0.16;main_0.17;main_0.18;main_0.19;main_0.2;main_0.20;main_0.21;main_0.22;main_0.23;main_0.24;main_0.25;main_0.26;main_0.27;main_0.28;main_0.29;main_0.3;main_0.30;main_0.31;main_0.32;main_0.33;main_0.34;main_0.35;main_0.36;main_0.37;main_0.38;main_0.39;main_0.4;main_0.40;main_0.41;main_0.42;main_0.43;main_0.5;main_0.6;main_0.7;main_0.8;main_0.9;ramp_0.1;ramp_0.2;ramp_0.3;ramp_0.4,,,0,-1.0,0.0,0,-1.0,0.0,0,-1.0,0.0,0,-1.0,0.0,0,-1.0,0.0,0,-1.0,0.0,0,-1.0,0.0,1,0
132,0,49,0,49,0,1,0,48,48,50,0,0,0,48,,,,,main_0.0;main_0.1;main_0.10;main_0.11;main_0.12;main_0.13;main_0.14;main_0.15;main_0.16;main_0.17;main_0.18;main_0.19;main_0.2;main_0.20;main_0.21;main_0.22;main_0.23;main_0.24;main_0.25;main_0.26;main_0.27;main_0.28;main_0.29;main_0.3;main_0.30;main_0.31;main_0.32;main_0.33;main_0.34;main_0.35;main_0.36;main_0.37;main_0.38;main_0.39;main_0.4;main_0.40;main_0.41;main_0.42;main_0.43;main_0.5;main_0.6;main_0.7;main_0.8;main_0.9;ramp_0.1;ramp_0.2;ramp_0.3;ramp_0.4,,,1,29.560464842036026,0.16914483675134306,1,31.532486982376547,0.15856662377422026,0,-1.0,0.0,0,-1.0,0.0,0,-1.0,0.0,1,33.329999981857746,0.15001500158180647,0,-1.0,0.0,1,0
133,1,50,1,50,0,1,0,49,49,51,0,0,0,49,main_0.44,main_0.44,,,main_0.0;main_0.1;main_0.10;main_0.11;main_0.12;main_0.13;main_0.14;main_0.15;main_0.16;main_0.17;main_0.18;main_0.19;main_0.2;main_0.20;main_0.21;main_0.22;main_0.23;main_0.24;main_0.25;main_0.26;main_0.27;main_0.28;main_0.29;main_0.3;main_0.30;main_0.31;main_0.32;main_0.33;main_0.34;main_0.35;main_0.36;main_0.37;main_0.38;main_0.39;main_0.4;main_0.40;main_0.41;main_0.42;main_0.43;main_0.44;main_0.5;main_0.6;main_0.7;main_0.8;main_0.9;ramp_0.1;ramp_0.2;ramp_0.3;ramp_0.4,,,0,-1.0,0.0,0,-1.0,0.0,1,32.826390226140624,0.15231647359198064,1,31.991551301479447,0.14890932341629082,0,-1.0,0.0,0,-1.0,0.0,0,-1.0,0.0,0,0
134,0,50,0,50,0,1,0,49,49,51,0,0,0,49,,,,,main_0.0;main_0.1;main_0.10;main_0.11;main_0.12;main_0.13;main_0.14;main_0.15;main_0.16;main_0.17;main_0.18;main_0.19;main_0.2;main_0.20;main_0.21;main_0.22;main_0.23;main_0.24;main_0.25;main_0.26;main_0.27;main_0.28;main_0.29;main_0.3;main_0.30;main_0.31;main_0.32;main_0.33;main_0.34;main_0.35;main_0.36;main_0.37;main_0.38;main_0.39;main_0.4;main_0.40;main_0.41;main_0.42;main_0.43;main_0.44;main_0.5;main_0.6;main_0.7;main_0.8;main_0.9;ramp_0.1;ramp_0.2;ramp_0.3;ramp_0.4,,,0,-1.0,0.0,0,-1.0,0.0,0,-1.0,0.0,1,-1.0,0.0,0,-1.0,0.0,0,-1.0,0.0,0,-1.0,0.0,0,0
135,0,50,0,50,0,1,0,49,49,51,0,0,0,49,,,,,main_0.0;main_0.1;main_0.10;main_0.11;main_0.12;main_0.13;main_0.14;main_0.15;main_0.16;main_0.17;main_0.18;main_0.19;main_0.2;main_0.20;main_0.21;main_0.22;main_0.23;main_0.24;main_0.25;main_0.26;main_0.27;main_0.28;main_0.29;main_0.3;main_0.30;main_0.31;main_0.32;main_0.33;main_0.34;main_0.35;main_0.36;main_0.37;main_0.38;main_0.39;main_0.4;main_0.40;main_0.41;main_0.42;main_0.43;main_0.44;main_0.5;main_0.6;main_0.7;main_0.8;main_0.9;ramp_0.1;ramp_0.2;ramp_0.3;ramp_0.4,,,0,-1.0,0.0,0,-1.0,0.0,0,-1.0,0.0,0,-1.0,0.0,0,-1.0,0.0,0,-1.0,0.0,0,-1.0,0.0,0,0
136,1,51,1,51,1,2,0,49,49,51,0,0,0,49,main_0.45,main_0.45,ramp_0.1,,main_0.0;main_0.1;main_0.10;main_0.11;main_0.12;main_0.13;main_0.14;main_0.15;main_0.16;main_0.17;main_0.18;main_0.19;main_0.2;main_0.20;main_0.21;main_0.22;main_0.23;main_0.24;main_0.25;main_0.26;main_0.27;main_0.28;main_0.29;main_0.3;main_0.30;main_0.31;main_0.32;main_0.33;main_0.34;main_0.35;main_0.36;main_0.37;main_0.38;main_0.39;main_0.4;main_0.40;main_0.41;main_0.42;main_0.43;main_0.44;main_0.45;main_0.5;main_0.6;main_0.7;main_0.8;main_0.9;ramp_0.2;ramp_0.3;ramp_0.4,,,0,-1.0,0.0,0,-1.0,0.0,0,-1.0,0.0,0,-1.0,0.0,0,-1.0,0.0,0,-1.0,0.0,0,-1.0,0.0,0,0
137,0,51,0,51,0,2,0,49,49,51,0,0,0,49,,,,,main_0.0;main_0.1;main_0.10;main_0.11;main_0.12;main_0.13;main_0.14;main_0.15;main_0.16;main_0.17;main_0.18;main_0.19;main_0.2;main_0.20;main_0.21;main_0.22;main_0.23;main_0.24;main_0.25;main_0.26;main_0.27;main_0.28;main_0.29;main_0.3;main_0.30;main_0.31;main_0.32;main_0.33;main_0.34;main_0.35;main_0.36;main_0.37;main_0.38;main_0.39;main_0.4;main_0.40;main_0.41;main_0.42;main_0.43;main_0.44;main_0.45;main_0.5;main_0.6;main_0.7;main_0.8;main_0.9;ramp_0.2;ramp_0.3;ramp_0.4,,,0,-1.0,0.0,1,-1.0,0.0,0,-1.0,0.0,0,-1.0,0.0,0,-1.0,0.0,0,-1.0,0.0,0,-1.0,0.0,0,0
138,0,51,0,51,0,2,0,49,49,51,0,0,0,49,,,,,main_0.0;main_0.1;main_0.10;main_0.11;main_0.12;main_0.13;main_0.14;main_0.15;main_0.16;main_0.17;main_0.18;main_0.19;main_0.2;main_0.20;main_0.21;main_0.22;main_0.23;main_0.24;main_0.25;main_0.26;main_0.27;main_0.28;main_0.29;main_0.3;main_0.30;main_0.31;main_0.32;main_0.33;main_0.34;main_0.35;main_0.36;main_0.37;main_0.38;main_0.39;main_0.4;main_0.40;main_0.41;main_0.42;main_0.43;main_0.44;main_0.45;main_0.5;main_0.6;main_0.7;main_0.8;main_0.9;ramp_0.2;ramp_0.3;ramp_0.4,,,0,-1.0,0.0,1,-1.0,0.0,0,-1.0,0.0,0,-1.0,0.0,0,-1.0,0.0,0,-1.0,0.0,0,-1.0,0.0,0,0
139,1,52,1,52,0,2,0,50,50,52,0,0,0,50,main_0.46,main_0.46,,,main_0.0;main_0.1;main_0.10;main_0.11;main_0.12;main_0.13;main_0.14;main_0.15;main_0.16;main_0.17;main_0.18;main_0.19;main_0.2;main_0.20;main_0.21;main_0.22;main_0.23;main_0.24;main_0.25;main_0.26;main_0.27;main_0.28;main_0.29;main_0.3;main_0.30;main_0.31;main_0.32;main_0.33;main_0.34;main_0.35;main_0.36;main_0.37;main_0.38;main_0.39;main_0.4;main_0.40;main_0.41;main_0.42;main_0.43;main_0.44;main_0.45;main_0.46;main_0.5;main_0.6;main_0.7;main_0.8;main_0.9;ramp_0.2;ramp_0.3;ramp_0.4,,,0,-1.0,0.0,0,-1.0,0.0,0,-1.0,0.0,0,-1.0,0.0,0,-1.0,0.0,0,-1.0,0.0,0,-1.0,0.0,0,0
140,0,52,0,52,0,2,0,50,50,52,0,0,0,50,,,,,main_0.0;main_0.1;main_0.10;main_0.11;main_0.12;main_0.13;main_0.14;main_0.15;main_0.16;main_0.17;main_0.18;main_0.19;main_0.2;main_0.20;main_0.21;main_0.22;main_0.23;main_0.24;main_0.25;main_0.26;main_0.27;main_0.28;main_0.29;main_0.3;main_0.30;main_0.31;main_0.32;main_0.33;main_0.34;main_0.35;main_0.36;main_0.37;main_0.38;main_0.39;main_0.4;main_0.40;main_0.41;main_0.42;main_0.43;main_0.44;main_0.45;main_0.46;main_0.5;main_0.6;main_0.7;main_0.8;main_0.9;ramp_0.2;ramp_0.3;ramp_0.4,,,0,-1.0,0.0,0,-1.0,0.0,0,-1.0,0.0,0,-1.0,0.0,0,-1.0,0.0,0,-1.0,0.0,0,-1.0,0.0,0,0
141,0,52,0,52,0,2,0,50,50,52,0,0,0,50,,,,,main_0.0;main_0.1;main_0.10;main_0.11;main_0.12;main_0.13;main_0.14;main_0.15;main_0.16;main_0.17;main_0.18;main_0.19;main_0.2;main_0.20;main_0.21;main_0.22;main_0.23;main_0.24;main_0.25;main_0.26;main_0.27;main_0.28;main_0.29;main_0.3;main_0.30;main_0.31;main_0.32;main_0.33;main_0.34;main_0.35;main_0.36;main_0.37;main_0.38;main_0.39;main_0.4;main_0.40;main_0.41;main_0.42;main_0.43;main_0.44;main_0.45;main_0.46;main_0.5;main_0.6;main_0.7;main_0.8;main_0.9;ramp_0.2;ramp_0.3;ramp_0.4,,,0,-1.0,0.0,1,32.43028856558512,0.15417685815185678,0,-1.0,0.0,0,-1.0,0.0,0,-1.0,0.0,0,-1.0,0.0,0,-1.0,0.0,0,0
142,1,53,1,53,0,2,0,51,51,53,0,0,0,51,main_0.47,main_0.47,,,main_0.0;main_0.1;main_0.10;main_0.11;main_0.12;main_0.13;main_0.14;main_0.15;main_0.16;main_0.17;main_0.18;main_0.19;main_0.2;main_0.20;main_0.21;main_0.22;main_0.23;main_0.24;main_0.25;main_0.26;main_0.27;main_0.28;main_0.29;main_0.3;main_0.30;main_0.31;main_0.32;main_0.33;main_0.34;main_0.35;main_0.36;main_0.37;main_0.38;main_0.39;main_0.4;main_0.40;main_0.41;main_0.42;main_0.43;main_0.44;main_0.45;main_0.46;main_0.47;main_0.5;main_0.6;main_0.7;main_0.8;main_0.9;ramp_0.2;ramp_0.3;ramp_0.4,,,0,-1.0,0.0,0,-1.0,0.0,0,-1.0,0.0,0,-1.0,0.0,1,33.329999981857746,0.15001500158180647,0,-1.0,0.0,0,-1.0,0.0,0,0
143,0,53,0,53,0,2,0,51,51,53,0,0,0,51,,,,,main_0.0;main_0.1;main_0.10;main_0.11;main_0.12;main_0.13;main_0.14;main_0.15;main_0.16;main_0.17;main_0.18;main_0.19;main_0.2;main_0.20;main_0.21;main_0.22;main_0.23;main_0.24;main_0.25;main_0.26;main_0.27;main_0.28;main_0.29;main_0.3;main_0.30;main_0.31;main_0.32;main_0.33;main_0.34;main_0.35;main_0.36;main_0.37;main_0.38;main_0.39;main_0.4;main_0.40;main_0.41;main_0.42;main_0.43;main_0.44;main_0.45;main_0.46;main_0.47;main_0.5;main_0.6;main_0.7;main_0.8;main_0.9;ramp_0.2;ramp_0.3;ramp_0.4,,,0,-1.0,0.0,0,-1.0,0.0,0,-1.0,0.0,1,32.294900075271734,0.15482320701863728,0,-1.0,0.0,0,-1.0,0.0,0,-1.0,0.0,0,0
144,0,53,0,53,0,2,0,51,51,53,0,0,0,51,,,,,main_0.0;main_0.1;main_0.10;main_0.11;main_0.12;main_0.13;main_0.14;main_0.15;main_0.16;main_0.17;main_0.18;main_0.19;main_0.2;main_0.20;main_0.21;main_0.22;main_0.23;main_0.24;main_0.25;main_0.26;main_0.27;main_0.28;main_0.29;main_0.3;main_0.30;main_0.31;main_0.32;main_0.33;main_0.34;main_0.35;main_0.36;main_0.37;main_0.38;main_0.39;main_0.4;main_0.40;main_0.41;main_0.42;main_0.43;main_0.44;main_0.45;main_0.46;main_0.47;main_0.5;main_0.6;main_0.7;main_0.8;main_0.9;ramp_0.2;ramp_0.3;ramp_0.4,,,0,-1.0,0.0,0,-1.0,0.0,0,-1.0,0.0,0,-1.0,0.0,0,-1.0,0.0,0,-1.0,0.0,0,-1.0,0.0,0,0
145,1,54,1,54,0,2,0,52,52,54,0,0,0,52,main_0.48,main_0.48,,,main_0.0;main_0.1;main_0.10;main_0.11;main_0.12;main_0.13;main_0.14;main_0.15;main_0.16;main_0.17;main_0.18;main_0.19;main_0.2;main_0.20;main_0.21;main_0.22;main_0.23;main_0.24;main_0.25;main_0.26;main_0.27;main_0.28;main_0.29;main_0.3;main_0.30;main_0.31;main_0.32;main_0.33;main_0.34;main_0.35;main_0.36;main_0.37;main_0.38;main_0.39;main_0.4;main_0.40;main_0.41;main_0.42;main_0.43;main_0.44;main_0.45;main_0.46;main_0.47;main_0.48;main_0.5;main_0.6;main_0.7;main_0.8;main_0.9;ramp_0.2;ramp_0.3;ramp_0.4,,,0,-1.0,0.0,1,31.26448057138765,0.1599258938136927,0,-1.0,0.0,0,-1.0,0.0,0,-1.0,0.0,0,-1.0,0.0,0,-1.0,0.0,0,0
146,0,54,0,54,0,2,0,52,52,54,0,0,0,52,,,,,main_0.0;main_0.1;main_0.10;main_0.11;main_0.12;main_0.13;main_0.14;main_0.15;main_0.16;main_0.17;main_0.18;main_0.19;main_0.2;main_0.20;main_0.21;main_0.22;main_0.23;main_0.24;main_0.25;main_0.26;main_0.27;main_0.28;main_0.29;main_0.3;main_0.30;main_0.31;main_0.32;main_0.33;main_0.34;main_0.35;main_0.36;main_0.37;main_0.38;main_0.39;main_0.4;main_0.40;main_0.41;main_0.42;main_0.43;main_0.44;main_0.45;main_0.46;main_0.47;main_0.48;main_0.5;main_0.6;main_0.7;main_0.8;main_0.9;ramp_0.2;ramp_0.3;ramp_0.4,,,0,-1.0,0.0,0,-1.0,0.0,1,33.239456524090464,0.15042363873718045,0,-1.0,0.0,0,-1.0,0.0,0,-1.0,0.0,0,-1.0,0.0,0,0
147,0,54,0,54,0,2,0,52,52,54,0,0,0,52,,,,,main_0.0;main_0.1;main_0.10;main_0.11;main_0.12;main_0.13;main_0.14;main_0.15;main_0.16;main_0.17;main_0.18;main_0.19;main_0.2;main_0.20;main_0.21;main_0.22;main_0.23;main_0.24;main_0.25;main_0.26;main_0.27;main_0.28;main_0.29;main_0.3;main_0.30;main_0.31;main_0.32;main_0.33;main_0.34;main_0.35;main_0.36;main_0.37;main_0.38;main_0.39;main_0.4;main_0.40;main_0.41;main_0.42;main_0.43;main_0.44;main_0.45;main_0.46;main_0.47;main_0.48;main_0.5;main_0.6;main_0.7;main_0.8;main_0.9;ramp_0.2;ramp_0.3;ramp_0.4,,,0,-1.0,0.0,0,-1.0,0.0,0,-1.0,0.0,0,-1.0,0.0,0,-1.0,0.0,0,-1.0,0.0,0,-1.0,0.0,0,0
148,1,55,1,55,0,2,0,53,53,55,0,0,0,53,main_0.49,main_0.49,,,main_0.0;main_0.1;main_0.10;main_0.11;main_0.12;main_0.13;main_0.14;main_0.15;main_0.16;main_0.17;main_0.18;main_0.19;main_0.2;main_0.20;main_0.21;main_0.22;main_0.23;main_0.24;main_0.25;main_0.26;main_0.27;main_0.28;main_0.29;main_0.3;main_0.30;main_0.31;main_0.32;main_0.33;main_0.34;main_0.35;main_0.36;main_0.37;main_0.38;main_0.39;main_0.4;main_0.40;main_0.41;main_0.42;main_0.43;main_0.44;main_0.45;main_0.46;main_0.47;main_0.48;main_0.49;main_0.5;main_0.6;main_0.7;main_0.8;main_0.9;ramp_0.2;ramp_0.3;ramp_0.4,,,1,28.68931296233652,0.17428092497593184,0,-1.0,0.0,0,-1.0,0.0,0,-1.0,0.0,0,-1.0,0.0,0,-1.0,0.0,0,-1.0,0.0,0,0
149,0,55,0,55,0,2,0,53,53,55,0,0,0,53,,,,,main_0.0;main_0.1;main_0.10;main_0.11;main_0.12;main_0.13;main_0.14;main_0.15;main_0.16;main_0.17;main_0.18;main_0.19;main_0.2;main_0.20;main_0.21;main_0.22;main_0.23;main_0.24;main_0.25;main_0.26;main_0.27;main_0.28;main_0.29;main_0.3;main_0.30;main_0.31;main_0.32;main_0.33;main_0.34;main_0.35;main_0.36;main_0.37;main_0.38;main_0.39;main_0.4;main_0.40;main_0.41;main_0.42;main_0.43;main_0.44;main_0.45;main_0.46;main_0.47;main_0.48;main_0.49;main_0.5;main_0.6;main_0.7;main_0.8;main_0.9;ramp_0.2;ramp_0.3;ramp_0.4,,,0,-1.0,0.0,0,-1.0,0.0,0,-1.0,0.0,0,-1.0,0.0,0,-1.0,0.0,0,-1.0,0.0,0,-1.0,0.0,0,0
150,0,55,0,55,0,2,0,53,53,55,0,0,0,53,,,,,main_0.0;main_0.1;main_0.10;main_0.11;main_0.12;main_0.13;main_0.14;main_0.15;main_0.16;main_0.17;main_0.18;main_0.19;main_0.2;main_0.20;main_0.21;main_0.22;main_0.23;main_0.24;main_0.25;main_0.26;main_0.27;main_0.28;main_0.29;main_0.3;main_0.30;main_0.31;main_0.32;main_0.33;main_0.34;main_0.35;main_0.36;main_0.37;main_0.38;main_0.39;main_0.4;main_0.40;main_0.41;main_0.42;main_0.43;main_0.44;main_0.45;main_0.46;main_0.47;main_0.48;main_0.49;main_0.5;main_0.6;main_0.7;main_0.8;main_0.9;ramp_0.2;ramp_0.3;ramp_0.4,,,0,-1.0,0.0,0,-1.0,0.0,0,-1.0,0.0,1,32.99276584265308,0.15154837347816397,0,-1.0,0.0,1,33.273141893603366,0.15027135146985415,0,-1.0,0.0,0,0
151,2,57,2,57,0,2,0,55,55,57,0,0,0,55,main_0.50;ramp_0.5,main_0.50;ramp_0.5,,,main_0.0;main_0.1;main_0.10;main_0.11;main_0.12;main_0.13;main_0.14;main_0.15;main_0.16;main_0.17;main_0.18;main_0.19;main_0.2;main_0.20;main_0.21;main_0.22;main_0.23;main_0.24;main_0.25;main_0.26;main_0.27;main_0.28;main_0.29;main_0.3;main_0.30;main_0.31;main_0.32;main_0.33;main_0.34;main_0.35;main_0.36;main_0.37;main_0.38;main_0.39;main_0.4;main_0.40;main_0.41;main_0.42;main_0.43;main_0.44;main_0.45;main_0.46;main_0.47;main_0.48;main_0.49;main_0.5;main_0.50;main_0.6;main_0.7;main_0.8;main_0.9;ramp_0.2;ramp_0.3;ramp_0.4;ramp_0.5,,,1,27.97982078177109,0.17870021538013248,0,-1.0,0.0,0,-1.0,0.0,0,-1.0,0.0,0,-1.0,0.0,0,-1.0,0.0,0,-1.0,0.0,1,0
152,0,57,0,57,0,2,0,55,55,57,0,0,0,55,,,,,main_0.0;main_0.1;main_0.10;main_0.11;main_0.12;main_0.13;main_0.14;main_0.15;main_0.16;main_0.17;main_0.18;main_0.19;main_0.2;main_0.20;main_0.21;main_0.22;main_0.23;main_0.24;main_0.25;main_0.26;main_0.27;main_0.28;main_0.29;main_0.3;main_0.30;main_0.31;main_0.32;main_0.33;main_0.34;main_0.35;main_0.36;main_0.37;main_0.38;main_0.39;main_0.4;main_0.40;main_0.41;main_0.42;main_0.43;main_0.44;main_0.45;main_0.46;main_0.47;main_0.48;main_0.49;main_0.5;main_0.50;main_0.6;main_0.7;main_0.8;main_0.9;ramp_0.2;ramp_0.3;ramp_0.4;ramp_0.5,,,0,-1.0,0.0,1,31.196750390293783,0.1602731033664213,1,31.150450498689988,0.16051132230688836,0,-1.0,0.0,0,-1.0,0.0,0,-1.0,0.0,0,-1.0,0.0,1,0
153,0,57,0,57,0,2,0,55,55,57,0,0,0,55,,,,,main_0.0;main_0.1;main_0.10;main_0.11;main_0.12;main_0.13;main_0.14;main_0.15;main_0.16;main_0.17;main_0.18;main_0.19;main_0.2;main_0.20;main_0.21;main_0.22;main_0.23;main_0.24;main_0.25;main_0.26;main_0.27;main_0.28;main_0.29;main_0.3;main_0.30;main_0.31;main_0.32;main_0.33;main_0.34;main_0.35;main_0.36;main_0.37;main_0.38;main_0.39;main_0.4;main_0.40;main_0.41;main_0.42;main_0.43;main_0.44;main_0.45;main_0.46;main_0.47;main_0.48;main_0.49;main_0.5;main_0.50;main_0.6;main_0.7;main_0.8;main_0.9;ramp_0.2;ramp_0.3;ramp_0.4;ramp_0.5,,,0,-1.0,0.0,0,-1.0,0.0,0,-1.0,0.0,1,31.192545227463974,0.16029471027576392,0,-1.0,0.0,1,32.270814650357394,0.056837018724081645,0,-1.0,0.0,1,0
154,1,58,1,58,0,2,0,56,56,58,0,0,0,56,main_0.51,main_0.51,,,main_0.0;main_0.1;main_0.10;main_0.11;main_0.12;main_0.13;main_0.14;main_0.15;main_0.16;main_0.17;main_0.18;main_0.19;main_0.2;main_0.20;main_0.21;main_0.22;main_0.23;main_0.24;main_0.25;main_0.26;main_0.27;main_0.28;main_0.29;main_0.3;main_0.30;main_0.31;main_0.32;main_0.33;main_0.34;main_0.35;main_0.36;main_0.37;main_0.38;main_0.39;main_0.4;main_0.40;main_0.41;main_0.42;main_0.43;main_0.44;main_0.45;main_0.46;main_0.47;main_0.48;main_0.49;main_0.5;main_0.50;main_0.51;main_0.6;main_0.7;main_0.8;main_0.9;ramp_0.2;ramp_0.3;ramp_0.4;ramp_0.5,,,0,-1.0,0.0,0,-1.0,0.0,0,-1.0,0.0,0,-1.0,0.0,0,-1.0,0.0,1,-1.0,0.0,1,15.15122532715295,0.3300063124953567,1,0
155,0,58,0,58,0,2,0,56,56,58,0,0,0,56,,,,,main_0.0;main_0.1;main_0.10;main_0.11;main_0.12;main_0.13;main_0.14;main_0.15;main_0.16;main_0.17;main_0.18;main_0.19;main_0.2;main_0.20;main_0.21;main_0.22;main_0.23;main_0.24;main_0.25;main_0.26;main_0.27;main_0.28;main_0.29;main_0.3;main_0.30;main_0.31;main_0.32;main_0.33;main_0.34;main_0.35;main_0.36;main_0.37;main_0.38;main_0.39;main_0.4;main_0.40;main_0.41;main_0.42;main_0.43;main_0.44;main_0.45;main_0.46;main_0.47;main_0.48;main_0.49;main_0.5;main_0.50;main_0.51;main_0.6;main_0.7;main_0.8;main_0.9;ramp_0.2;ramp_0.3;ramp_0.4;ramp_0.5,,,0,-1.0,0.0,0,-1.0,0.0,0,-1.0,0.0,0,-1.0,0.0,0,-1.0,0.0,0,-1.0,0.0,0,-1.0,0.0,1,0
156,0,58,0,58,0,2,0,56,56,58,0,0,0,56,,,,,main_0.0;main_0.1;main_0.10;main_0.11;main_0.12;main_0.13;main_0.14;main_0.15;main_0.16;main_0.17;main_0.18;main_0.19;main_0.2;main_0.20;main_0.21;main_0.22;main_0.23;main_0.24;main_0.25;main_0.26;main_0.27;main_0.28;main_0.29;main_0.3;main_0.30;main_0.31;main_0.32;main_0.33;main_0.34;main_0.35;main_0.36;main_0.37;main_0.38;main_0.39;main_0.4;main_0.40;main_0.41;main_0.42;main_0.43;main_0.44;main_0.45;main_0.46;main_0.47;main_0.48;main_0.49;main_0.5;main_0.50;main_0.51;main_0.6;main_0.7;main_0.8;main_0.9;ramp_0.2;ramp_0.3;ramp_0.4;ramp_0.5,,,0,-1.0,0.0,0,-1.0,0.0,0,-1.0,0.0,0,-1.0,0.0,0,-1.0,0.0,0,-1.0,0.0,0,-1.0,0.0,1,0
157,1,59,1,59,0,2,0,57,57,59,0,0,0,57,main_0.52,main_0.52,,,main_0.0;main_0.1;main_0.10;main_0.11;main_0.12;main_0.13;main_0.14;main_0.15;main_0.16;main_0.17;main_0.18;main_0.19;main_0.2;main_0.20;main_0.21;main_0.22;main_0.23;main_0.24;main_0.25;main_0.26;main_0.27;main_0.28;main_0.29;main_0.3;main_0.30;main_0.31;main_0.32;main_0.33;main_0.34;main_0.35;main_0.36;main_0.37;main_0.38;main_0.39;main_0.4;main_0.40;main_0.41;main_0.42;main_0.43;main_0.44;main_0.45;main_0.46;main_0.47;main_0.48;main_0.49;main_0.5;main_0.50;main_0.51;main_0.52;main_0.6;main_0.7;main_0.8;main_0.9;ramp_0.2;ramp_0.3;ramp_0.4;ramp_0.5,,,0,-1.0,0.0,0,-1.0,0.0,0,-1.0,0.0,1,31.951200029733183,0.15648864503828008,0,-1.0,0.0,0,-1.0,0.0,0,-1.0,0.0,1,0
158,0,59,0,59,0,2,0,57,57,59,0,0,0,57,,,,,main_0.0;main_0.1;main_0.10;main_0.11;main_0.12;main_0.13;main_0.14;main_0.15;main_0.16;main_0.17;main_0.18;main_0.19;main_0.2;main_0.20;main_0.21;main_0.22;main_0.23;main_0.24;main_0.25;main_0.26;main_0.27;main_0.28;main_0.29;main_0.3;main_0.30;main_0.31;main_0.32;main_0.33;main_0.34;main_0.35;main_0.36;main_0.37;main_0.38;main_0.39;main_0.4;main_0.40;main_0.41;main_0.42;main_0.43;main_0.44;main_0.45;main_0.46;main_0.47;main_0.48;main_0.49;main_0.5;main_0.50;main_0.51;main_0.52;main_0.6;main_0.7;main_0.8;main_0.9;ramp_0.2;ramp_0.3;ramp_0.4;ramp_0.5,,,0,-1.0,0.0,1,32.49883378924746,0.15385167456852855,0,-1.0,0.0,0,-1.0,0.0,0,-1.0,0.0,0,-1.0,0.0,0,-1.0,0.0,1,0
159,0,59,0,59,0,2,0,57,57,59,0,0,0,57,,,,,main_0.0;main_0.1;main_0.10;main_0.11;main_0.12;main_0.13;main_0.14;main_0.15;main_0.16;main_0.17;main_0.18;main_0.19;main_0.2;main_0.20;main_0.21;main_0.22;main_0.23;main_0.24;main_0.25;main_0.26;main_0.27;main_0.28;main_0.29;main_0.3;main_0.30;main_0.31;main_0.32;main_0.33;main_0.34;main_0.35;main_0.36;main_0.37;main_0.38;main_0.39;main_0.4;main_0.40;main_0.41;main_0.42;main_0.43;main_0.44;main_0.45;main_0.46;main_0.47;main_0.48;main_0.49;main_0.5;main_0.50;main_0.51;main_0.52;main_0.6;main_0.7;main_0.8;main_0.9;ramp_0.2;ramp_0.3;ramp_0.4;ramp_0.5,,,1,30.38666500326153,0.1645458624519449,0,-1.0,0.0,0,-1.0,0.0,0,-1.0,0.0,0,-1.0,0.0,0,-1.0,0.0,0,-1.0,0.0,1,0
160,1,60,1,60,0,2,0,58,58,60,0,0,0,58,main_0.53,main_0.53,,,main_0.0;main_0.1;main_0.10;main_0.11;main_0.12;main_0.13;main_0.14;main_0.15;main_0.16;main_0.17;main_0.18;main_0.19;main_0.2;main_0.20;main_0.21;main_0.22;main_0.23;main_0.24;main_0.25;main_0.26;main_0.27;main_0.28;main_0.29;main_0.3;main_0.30;main_0.31;main_0.32;main_0.33;main_0.34;main_0.35;main_0.36;main_0.37;main_0.38;main_0.39;main_0.4;main_0.40;main_0.41;main_0.42;main_0.43;main_0.44;main_0.45;main_0.46;main_0.47;main_0.48;main_0.49;main_0.5;main_0.50;main_0.51;main_0.52;main_0.53;main_0.6;main_0.7;main_0.8;main_0.9;ramp_0.2;ramp_0.3;ramp_0.4;ramp_0.5,,,0,-1.0,0.0,0,-1.0,0.0,0,-1.0,0.0,0,-1.0,0.0,1,33.27299768180116,0.15027200277583574,0,-1.0,0.0,0,-1.0,0.0,1,0
161,0,60,0,60,0,2,0,58,58,60,0,0,0,58,,,,,main_0.0;main_0.1;main_0.10;main_0.11;main_0.12;main_0.13;main_0.14;main_0.15;main_0.16;main_0.17;main_0.18;main_0.19;main_0.2;main_0.20;main_0.21;main_0.22;main_0.23;main_0.24;main_0.25;main_0.26;main_0.27;main_0.28;main_0.29;main_0.3;main_0.30;main_0.31;main_0.32;main_0.33;main_0.34;main_0.35;main_0.36;main_0.37;main_0.38;main_0.39;main_0.4;main_0.40;main_0.41;main_0.42;main_0.43;main_0.44;main_0.45;main_0.46;main_0.47;main_0.48;main_0.49;main_0.5;main_0.50;main_0.51;main_0.52;main_0.53;main_0.6;main_0.7;main_0.8;main_0.9;ramp_0.2;ramp_0.3;ramp_0.4;ramp_0.5,,,0,-1.0,0.0,1,29.128405912199938,0.17165374634888053,0,-1.0,0.0,0,-1.0,0.0,0,-1.0,0.0,0,-1.0,0.0,0,-1.0,0.0,1,0
162,0,60,0,60,0,2,0,58,58,60,0,0,0,58,,,,,main_0.0;main_0.1;main_0.10;main_0.11;main_0.12;main_0.13;main_0.14;main_0.15;main_0.16;main_0.17;main_0.18;main_0.19;main_0.2;main_0.20;main_0.21;main_0.22;main_0.23;main_0.24;main_0.25;main_0.26;main_0.27;main_0.28;main_0.29;main_0.3;main_0.30;main_0.31;main_0.32;main_0.33;main_0.34;main_0.35;main_0.36;main_0.37;main_0.38;main_0.39;main_0.4;main_0.40;main_0.41;main_0.42;main_0.43;main_0.44;main_0.45;main_0.46;main_0.47;main_0.48;main_0.49;main_0.5;main_0.50;main_0.51;main_0.52;main_0.53;main_0.6;main_0.7;main_0.8;main_0.9;ramp_0.2;ramp_0.3;ramp_0.4;ramp_0.5,,,0,-1.0,0.0,0,-1.0,0.0,0,-1.0,0.0,0,-1.0,0.0,0,-1.0,0.0,0,-1.0,0.0,0,-1.0,0.0,1,0
163,1,61,1,61,0,2,0,59,59,61,0,0,0,59,main_0.54,main_0.54,,,main_0.0;main_0.1;main_0.10;main_0.11;main_0.12;main_0.13;main_0.14;main_0.15;main_0.16;main_0.17;main_0.18;main_0.19;main_0.2;main_0.20;main_0.21;main_0.22;main_0.23;main_0.24;main_0.25;main_0.26;main_0.27;main_0.28;main_0.29;main_0.3;main_0.30;main_0.31;main_0.32;main_0.33;main_0.34;main_0.35;main_0.36;main_0.37;main_0.38;main_0.39;main_0.4;main_0.40;main_0.41;main_0.42;main_0.43;main_0.44;main_0.45;main_0.46;main_0.47;main_0.48;main_0.49;main_0.5;main_0.50;main_0.51;main_0.52;main_0.53;main_0.54;main_0.6;main_0.7;main_0.8;main_0.9;ramp_0.2;ramp_0.3;ramp_0.4;ramp_0.5,,,1,28.685246867318963,0.17430562906176306,0,-1.0,0.0,0,-1.0,0.0,0,-1.0,0.0,0,-1.0,0.0,0,-1.0,0.0,0,-1.0,0.0,1,0
164,0,61,0,61,0,2,0,59,59,61,0,0,0,59,,,,,main_0.0;main_0.1;main_0.10;main_0.11;main_0.12;main_0.13;main_0.14;main_0.15;main_0.16;main_0.17;main_0.18;main_0.19;main_0.2;main_0.20;main_0.21;main_0.22;main_0.23;main_0.24;main_0.25;main_0.26;main_0.27;main_0.28;main_0.29;main_0.3;main_0.30;main_0.31;main_0.32;main_0.33;main_0.34;main_0.35;main_0.36;main_0.37;main_0.38;main_0.39;main_0.4;main_0.40;main_0.41;main_0.42;main_0.43;main_0.44;main_0.45;main_0.46;main_0.47;main_0.48;main_0.49;main_0.5;main_0.50;main_0.51;main_0.52;main_0.53;main_0.54;main_0.6;main_0.7;main_0.8;main_0.9;ramp_0.2;ramp_0.3;ramp_0.4;ramp_0.5,,,0,-1.0,0.0,0,-1.0,0.0,1,31.608885501061806,0.15818336903501518,0,-1.0,0.0,1,32.40194959961611,0.15431170228285396,0,-1.0,0.0,0,-1.0,0.0,1,0
165,0,61,0,61,0,2,0,59,59,61,0,0,0,59,,,,,main_0.0;main_0.1;main_0.10;main_0.11;main_0.12;main_0.13;main_0.14;main_0.15;main_0.16;main_0.17;main_0.18;main_0.19;main_0.2;main_0.20;main_0.21;main_0.22;main_0.23;main_0.24;main_0.25;main_0.26;main_0.27;main_0.28;main_0.29;main_0.3;main_0.30;main_0.31;main_0.32;main_0.33;main_0.34;main_0.35;main_0.36;main_0.37;main_0.38;main_0.39;main_0.4;main_0.40;main_0.41;main_0.42;main_0.43;main_0.44;main_0.45;main_0.46;main_0.47;main_0.48;main_0.49;main_0.5;main_0.50;main_0.51;main_0.52;main_0.53;main_0.54;main_0.6;main_0.7;main_0.8;main_0.9;ramp_0.2;ramp_0.3;ramp_0.4;ramp_0.5,,,0,-1.0,0.0,0,-1.0,0.0,0,-1.0,0.0,0,-1.0,0.0,0,-1.0,0.0,0,-1.0,0.0,0,-1.0,0.0,1,0
166,1,62,1,62,0,2,0,60,60,62,0,0,0,60,main_0.55,main_0.55,,,main_0.0;main_0.1;main_0.10;main_0.11;main_0.12;main_0.13;main_0.14;main_0.15;main_0.16;main_0.17;main_0.18;main_0.19;main_0.2;main_0.20;main_0.21;main_0.22;main_0.23;main_0.24;main_0.25;main_0.26;main_0.27;main_0.28;main_0.29;main_0.3;main_0.30;main_0.31;main_0.32;main_0.33;main_0.34;main_0.35;main_0.36;main_0.37;main_0.38;main_0.39;main_0.4;main_0.40;main_0.41;main_0.42;main_0.43;main_0.44;main_0.45;main_0.46;main_0.47;main_0.48;main_0.49;main_0.5;main_0.50;main_0.51;main_0.52;main_0.53;main_0.54;main_0.55;main_0.6;main_0.7;main_0.8;main_0.9;ramp_0.2;ramp_0.3;ramp_0.4;ramp_0.5,,,0,-1.0,0.0,0,-1.0,0.0,0,-1.0,0.0,0,-1.0,0.0,0,-1.0,0.0,0,-1.0,0.0,0,-1.0,0.0,1,0
167,0,62,0,62,0,2,0,60,60,62,0,0,0,60,,,,,main_0.0;main_0.1;main_0.10;main_0.11;main_0.12;main_0.13;main_0.14;main_0.15;main_0.16;main_0.17;main_0.18;main_0.19;main_0.2;main_0.20;main_0.21;main_0.22;main_0.23;main_0.24;main_0.25;main_0.26;main_0.27;main_0.28;main_0.29;main_0.3;main_0.30;main_0.31;main_0.32;main_0.33;main_0.34;main_0.35;main_0.36;main_0.37;main_0.38;main_0.39;main_0.4;main_0.40;main_0.41;main_0.42;main_0.43;main_0.44;main_0.45;main_0.46;main_0.47;main_0.48;main_0.49;main_0.5;main_0.50;main_0.51;main_0.52;main_0.53;main_0.54;main_0.55;main_0.6;main_0.7;main_0.8;main_0.9;ramp_0.2;ramp_0.3;ramp_0.4;ramp_0.5,,,0,-1.0,0.0,0,-1.0,0.0,0,-1.0,0.0,0,-1.0,0.0,0,-1.0,0.0,0,-1.0,0.0,0,-1.0,0.0,1,0
168,0,62,0,62,0,2,0,60,60,62,0,0,0,60,,,,,main_0.0;main_0.1;main_0.10;main_0.11;main_0.12;main_0.13;main_0.14;main_0.15;main_0.16;main_0.17;main_0.18;main_0.19;main_0.2;main_0.20;main_0.21;main_0.22;main_0.23;main_0.24;main_0.25;main_0.26;main_0.27;main_0.28;main_0.29;main_0.3;main_0.30;main_0.31;main_0.32;main_0.33;main_0.34;main_0.35;main_0.36;main_0.37;main_0.38;main_0.39;main_0.4;main_0.40;main_0.41;main_0.42;main_0.43;main_0.44;main_0.45;main_0.46;main_0.47;main_0.48;main_0.49;main_0.5;main_0.50;main_0.51;main_0.52;main_0.53;main_0.54;main_0.55;main_0.6;main_0.7;main_0.8;main_0.9;ramp_0.2;ramp_0.3;ramp_0.4;ramp_0.5,,,0,-1.0,0.0,1,29.12930999302193,0.1716484187643914,0,-1.0,0.0,0,-1.0,0.0,0,-1.0,0.0,0,-1.0,0.0,0,-1.0,0.0,1,0
169,1,63,1,63,0,2,0,61,61,63,0,0,0,61,main_0.56,main_0.56,,,main_0.0;main_0.1;main_0.10;main_0.11;main_0.12;main_0.13;main_0.14;main_0.15;main_0.16;main_0.17;main_0.18;main_0.19;main_0.2;main_0.20;main_0.21;main_0.22;main_0.23;main_0.24;main_0.25;main_0.26;main_0.27;main_0.28;main_0.29;main_0.3;main_0.30;main_0.31;main_0.32;main_0.33;main_0.34;main_0.35;main_0.36;main_0.37;main_0.38;main_0.39;main_0.4;main_0.40;main_0.41;main_0.42;main_0.43;main_0.44;main_0.45;main_0.46;main_0.47;main_0.48;main_0.49;main_0.5;main_0.50;main_0.51;main_0.52;main_0.53;main_0.54;main_0.55;main_0.56;main_0.6;main_0.7;main_0.8;main_0.9;ramp_0.2;ramp_0.3;ramp_0.4;ramp_0.5,,,0,-1.0,0.0,0,-1.0,0.0,0,-1.0,0.0,0,-1.0,0.0,0,-1.0,0.0,0,-1.0,0.0,0,-1.0,0.0,1,0
170,0,63,0,63,0,2,0,61,61,63,0,0,0,61,,,,,main_0.0;main_0.1;main_0.10;main_0.11;main_0.12;main_0.13;main_0.14;main_0.15;main_0.16;main_0.17;main_0.18;main_0.19;main_0.2;main_0.20;main_0.21;main_0.22;main_0.23;main_0.24;main_0.25;main_0.26;main_0.27;main_0.28;main_0.29;main_0.3;main_0.30;main_0.31;main_0.32;main_0.33;main_0.34;main_0.35;main_0.36;main_0.37;main_0.38;main_0.39;main_0.4;main_0.40;main_0.41;main_0.42;main_0.43;main_0.44;main_0.45;main_0.46;main_0.47;main_0.48;main_0.49;main_0.5;main_0.50;main_0.51;main_0.52;main_0.53;main_0.54;main_0.55;main_0.56;main_0.6;main_0.7;main_0.8;main_0.9;ramp_0.2;ramp_0.3;ramp_0.4;ramp_0.5,,,1,32.829488762011366,0.1523020975515692,0,-1.0,0.0,0,-1.0,0.0,0,-1.0,0.0,0,-1.0,0.0,0,-1.0,0.0,0,-1.0,0.0,1,0
171,0,63,0,63,0,2,0,61,61,63,0,0,0,61,,,,,main_0.0;main_0.1;main_0.10;main_0.11;main_0.12;main_0.13;main_0.14;main_0.15;main_0.16;main_0.17;main_0.18;main_0.19;main_0.2;main_0.20;main_0.21;main_0.22;main_0.23;main_0.24;main_0.25;main_0.26;main_0.27;main_0.28;main_0.29;main_0.3;main_0.30;main_0.31;main_0.32;main_0.33;main_0.34;main_0.35;main_0.36;main_0.37;main_0.38;main_0.39;main_0.4;main_0.40;main_0.41;main_0.42;main_0.43;main_0.44;main_0.45;main_0.46;main_0.47;main_0.48;main_0.49;main_0.5;main_0.50;main_0.51;main_0.52;main_0.53;main_0.54;main_0.55;main_0.56;main_0.6;main_0.7;main_0.8;main_0.9;ramp_0.2;ramp_0.3;ramp_0.4;ramp_0.5,,,0,-1.0,0.0,0,-1.0,0.0,0,-1.0,0.0,0,-1.0,0.0,0,-1.0,0.0,0,-1.0,0.0,0,-1.0,0.0,0,0
172,1,64,1,64,0,2,0,62,62,64,0,0,0,62,main_0.57,main_0.57,,,main_0.0;main_0.1;main_0.10;main_0.11;main_0.12;main_0.13;main_0.14;main_0.15;main_0.16;main_0.17;main_0.18;main_0.19;main_0.2;main_0.20;main_0.21;main_0.22;main_0.23;main_0.24;main_0.25;main_0.26;main_0.27;main_0.28;main_0.29;main_0.3;main_0.30;main_0.31;main_0.32;main_0.33;main_0.34;main_0.35;main_0.36;main_0.37;main_0.38;main_0.39;main_0.4;main_0.40;main_0.41;main_0.42;main_0.43;main_0.44;main_0.45;main_0.46;main_0.47;main_0.48;main_0.49;main_0.5;main_0.50;main_0.51;main_0.52;main_0.53;main_0.54;main_0.55;main_0.56;main_0.57;main_0.6;main_0.7;main_0.8;main_0.9;ramp_0.2;ramp_0.3;ramp_0.4;ramp_0.5,,,0,-1.0,0.0,0,-1.0,0.0,0,-1.0,0.0,0,-1.0,0.0,0,-1.0,0.0,0,-1.0,0.0,0,-1.0,0.0,0,0
173,0,64,0,64,0,2,0,62,62,64,0,0,0,62,,,,,main_0.0;main_0.1;main_0.10;main_0.11;main_0.12;main_0.13;main_0.14;main_0.15;main_0.16;main_0.17;main_0.18;main_0.19;main_0.2;main_0.20;main_0.21;main_0.22;main_0.23;main_0.24;main_0.25;main_0.26;main_0.27;main_0.28;main_0.29;main_0.3;main_0.30;main_0.31;main_0.32;main_0.33;main_0.34;main_0.35;main_0.36;main_0.37;main_0.38;main_0.39;main_0.4;main_0.40;main_0.41;main_0.42;main_0.43;main_0.44;main_0.45;main_0.46;main_0.47;main_0.48;main_0.49;main_0.5;main_0.50;main_0.51;main_0.52;main_0.53;main_0.54;main_0.55;main_0.56;main_0.57;main_0.6;main_0.7;main_0.8;main_0.9;ramp_0.2;ramp_0.3;ramp_0.4;ramp_0.5,,,0,-1.0,0.0,0,-1.0,0.0,0,-1.0,0.0,0,-1.0,0.0,0,-1.0,0.0,1,32.931503233645785,0.15183029953189475,0,-1.0,0.0,0,0
174,0,64,0,64,0,2,0,62,62,64,0,0,0,62,,,,,main_0.0;main_0.1;main_0.10;main_0.11;main_0.12;main_0.13;main_0.14;main_0.15;main_0.16;main_0.17;main_0.18;main_0.19;main_0.2;main_0.20;main_0.21;main_0.22;main_0.23;main_0.24;main_0.25;main_0.26;main_0.27;main_0.28;main_0.29;main_0.3;main_0.30;main_0.31;main_0.32;main_0.33;main_0.34;main_0.35;main_0.36;main_0.37;main_0.38;main_0.39;main_0.4;main_0.40;main_0.41;main_0.42;main_0.43;main_0.44;main_0.45;main_0.46;main_0.47;main_0.48;main_0.49;main_0.5;main_0.50;main_0.51;main_0.52;main_0.53;main_0.54;main_0.55;main_0.56;main_0.57;main_0.6;main_0.7;main_0.8;main_0.9;ramp_0.2;ramp_0.3;ramp_0.4;ramp_0.5,,,0,-1.0,0.0,0,-1.0,0.0,0,-1.0,0.0,0,-1.0,0.0,0,-1.0,0.0,0,-1.0,0.0,0,-1.0,0.0,0,0
175,1,65,1,65,0,2,0,63,63,65,0,0,0,63,main_0.58,main_0.58,,,main_0.0;main_0.1;main_0.10;main_0.11;main_0.12;main_0.13;main_0.14;main_0.15;main_0.16;main_0.17;main_0.18;main_0.19;main_0.2;main_0.20;main_0.21;main_0.22;main_0.23;main_0.24;main_0.25;main_0.26;main_0.27;main_0.28;main_0.29;main_0.3;main_0.30;main_0.31;main_0.32;main_0.33;main_0.34;main_0.35;main_0.36;main_0.37;main_0.38;main_0.39;main_0.4;main_0.40;main_0.41;main_0.42;main_0.43;main_0.44;main_0.45;main_0.46;main_0.47;main_0.48;main_0.49;main_0.5;main_0.50;main_0.51;main_0.52;main_0.53;main_0.54;main_0.55;main_0.56;main_0.57;main_0.58;main_0.6;main_0.7;main_0.8;main_0.9;ramp_0.2;ramp_0.3;ramp_0.4;ramp_0.5,,,0,-1.0,0.0,0,-1.0,0.0,0,-1.0,0.0,0,-1.0,0.0,0,-1.0,0.0,0,-1.0,0.0,0,-1.0,0.0,0,0
176,0,65,0,65,0,2,0,63,63,65,0,0,0,63,,,,,main_0.0;main_0.1;main_0.10;main_0.11;main_0.12;main_0.13;main_0.14;main_0.15;main_0.16;main_0.17;main_0.18;main_0.19;main_0.2;main_0.20;main_0.21;main_0.22;main_0.23;main_0.24;main_0.25;main_0.26;main_0.27;main_0.28;main_0.29;main_0.3;main_0.30;main_0.31;main_0.32;main_0.33;main_0.34;main_0.35;main_0.36;main_0.37;main_0.38;main_0.39;main_0.4;main_0.40;main_0.41;main_0.42;main_0.43;main_0.44;main_0.45;main_0.46;main_0.47;main_0.48;main_0.49;main_0.5;main_0.50;main_0.51;main_0.52;main_0.53;main_0.54;main_0.55;main_0.56;main_0.57;main_0.58;main_0.6;main_0.7;main_0.8;main_0.9;ramp_0.2;ramp_0.3;ramp_0.4;ramp_0.5,,,0,-1.0,0.0,0,-1.0,0.0,1,32.83432252256004,0.1522796761396421,1,33.182396783924794,0.15068230401072924,0,-1.0,0.0,0,-1.0,0.0,0,-1.0,0.0,0,0
177,0,65,0,65,0,2,0,63,63,65,0,0,0,63,,,,,main_0.0;main_0.1;main_0.10;main_0.11;main_0.12;main_0.13;main_0.14;main_0.15;main_0.16;main_0.17;main_0.18;main_0.19;main_0.2;main_0.20;main_0.21;main_0.22;main_0.23;main_0.24;main_0.25;main_0.26;main_0.27;main_0.28;main_0.29;main_0.3;main_0.30;main_0.31;main_0.32;main_0.33;main_0.34;main_0.35;main_0.36;main_0.37;main_0.38;main_0.39;main_0.4;main_0.40;main_0.41;main_0.42;main_0.43;main_0.44;main_0.45;main_0.46;main_0.47;main_0.48;main_0.49;main_0.5;main_0.50;main_0.51;main_0.52;main_0.53;main_0.54;main_0.55;main_0.56;main_0.57;main_0.58;main_0.6;main_0.7;main_0.8;main_0.9;ramp_0.2;ramp_0.3;ramp_0.4;ramp_0.5,,,0,-1.0,0.0,0,-1.0,0.0,0,-1.0,0.0,0,-1.0,0.0,1,32.500166782640854,0.15384536434658003,0,-1.0,0.0,0,-1.0,0.0,0,0
178,1,66,1,66,0,2,0,64,64,66,0,0,0,64,main_0.59,main_0.59,,,main_0.0;main_0.1;main_0.10;main_0.11;main_0.12;main_0.13;main_0.14;main_0.15;main_0.16;main_0.17;main_0.18;main_0.19;main_0.2;main_0.20;main_0.21;main_0.22;main_0.23;main_0.24;main_0.25;main_0.26;main_0.27;main_0.28;main_0.29;main_0.3;main_0.30;main_0.31;main_0.32;main_0.33;main_0.34;main_0.35;main_0.36;main_0.37;main_0.38;main_0.39;main_0.4;main_0.40;main_0.41;main_0.42;main_0.43;main_0.44;main_0.45;main_0.46;main_0.47;main_0.48;main_0.49;main_0.5;main_0.50;main_0.51;main_0.52;main_0.53;main_0.54;main_0.55;main_0.56;main_0.57;main_0.58;main_0.59;main_0.6;main_0.7;main_0.8;main_0.9;ramp_0.2;ramp_0.3;ramp_0.4;ramp_0.5,,,0,-1.0,0.0,0,-1.0,0.0,0,-1.0,0.0,0,-1.0,0.0,0,-1.0,0.0,0,-1.0,0.0,0,-1.0,0.0,0,0
179,0,66,0,66,0,2,0,64,64,66,0,0,0,64,,,,,main_0.0;main_0.1;main_0.10;main_0.11;main_0.12;main_0.13;main_0.14;main_0.15;main_0.16;main_0.17;main_0.18;main_0.19;main_0.2;main_0.20;main_0.21;main_0.22;main_0.23;main_0.24;main_0.25;main_0.26;main_0.27;main_0.28;main_0.29;main_0.3;main_0.30;main_0.31;main_0.32;main_0.33;main_0.34;main_0.35;main_0.36;main_0.37;main_0.38;main_0.39;main_0.4;main_0.40;main_0.41;main_0.42;main_0.43;main_0.44;main_0.45;main_0.46;main_0.47;main_0.48;main_0.49;main_0.5;main_0.50;main_0.51;main_0.52;main_0.53;main_0.54;main_0.55;main_0.56;main_0.57;main_0.58;main_0.59;main_0.6;main_0.7;main_0.8;main_0.9;ramp_0.2;ramp_0.3;ramp_0.4;ramp_0.5,,,0,-1.0,0.0,0,-1.0,0.0,0,-1.0,0.0,0,-1.0,0.0,0,-1.0,0.0,0,-1.0,0.0,0,-1.0,0.0,0,0
180,0,66,0,66,0,2,0,64,64,66,0,0,0,64,,,,,main_0.0;main_0.1;main_0.10;main_0.11;main_0.12;main_0.13;main_0.14;main_0.15;main_0.16;main_0.17;main_0.18;main_0.19;main_0.2;main_0.20;main_0.21;main_0.22;main_0.23;main_0.24;main_0.25;main_0.26;main_0.27;main_0.28;main_0.29;main_0.3;main_0.30;main_0.31;main_0.32;main_0.33;main_0.34;main_0.35;main_0.36;main_0.37;main_0.38;main_0.39;main_0.4;main_0.40;main_0.41;main_0.42;main_0.43;main_0.44;main_0.45;main_0.46;main_0.47;main_0.48;main_0.49;main_0.5;main_0.50;main_0.51;main_0.52;main_0.53;main_0.54;main_0.55;main_0.56;main_0.57;main_0.58;main_0.59;main_0.6;main_0.7;main_0.8;main_0.9;ramp_0.2;ramp_0.3;ramp_0.4;ramp_0.5,,,0,-1.0,0.0,0,-1.0,0.0,0,-1.0,0.0,0,-1.0,0.0,0,-1.0,0.0,0,-1.0,0.0,0,-1.0,0.0,0,0
181,2,68,2,68,0,2,0,66,66,68,0,0,0,66,main_0.60;ramp_0.6,main_0.60;ramp_0.6,,,main_0.0;main_0.1;main_0.10;main_0.11;main_0.12;main_0.13;main_0.14;main_0.15;main_0.16;main_0.17;main_0.18;main_0.19;main_0.2;main_0.20;main_0.21;main_0.22;main_0.23;main_0.24;main_0.25;main_0.26;main_0.27;main_0.28;main_0.29;main_0.3;main_0.30;main_0.31;main_0.32;main_0.33;main_0.34;main_0.35;main_0.36;main_0.37;main_0.38;main_0.39;main_0.4;main_0.40;main_0.41;main_0.42;main_0.43;main_0.44;main_0.45;main_0.46;main_0.47;main_0.48;main_0.49;main_0.5;main_0.50;main_0.51;main_0.52;main_0.53;main_0.54;main_0.55;main_0.56;main_0.57;main_0.58;main_0.59;main_0.6;main_0.60;main_0.7;main_0.8;main_0.9;ramp_0.2;ramp_0.3;ramp_0.4;ramp_0.5;ramp_0.6,,,0,-1.0,0.0,0,-1.0,0.0,0,-1.0,0.0,1,32.58016996871771,0.15346758487757484,0,-1.0,0.0,0,-1.0,0.0,0,-1.0,0.0,1,0
182,0,68,0,68,0,2,0,66,66,68,0,0,0,66,,,,,main_0.0;main_0.1;main_0.10;main_0.11;main_0.12;main_0.13;main_0.14;main_0.15;main_0.16;main_0.17;main_0.18;main_0.19;main_0.2;main_0.20;main_0.21;main_0.22;main_0.23;main_0.24;main_0.25;main_0.26;main_0.27;main_0.28;main_0.29;main_0.3;main_0.30;main_0.31;main_0.32;main_0.33;main_0.34;main_0.35;main_0.36;main_0.37;main_0.38;main_0.39;main_0.4;main_0.40;main_0.41;main_0.42;main_0.43;main_0.44;main_0.45;main_0.46;main_0.47;main_0.48;main_0.49;main_0.5;main_0.50;main_0.51;main_0.52;main_0.53;main_0.54;main_0.55;main_0.56;main_0.57;main_0.58;main_0.59;main_0.6;main_0.60;main_0.7;main_0.8;main_0.9;ramp_0.2;ramp_0.3;ramp_0.4;ramp_0.5;ramp_0.6,,,0,-1.0,0.0,0,-1.0,0.0,0,-1.0,0.0,0,-1.0,0.0,0,-1.0,0.0,0,-1.0,0.0,0,-1.0,0.0,1,0
183,0,68,0,68,0,2,0,66,66,68,0,0,0,66,,,,,main_0.0;main_0.1;main_0.10;main_0.11;main_0.12;main_0.13;main_0.14;main_0.15;main_0.16;main_0.17;main_0.18;main_0.19;main_0.2;main_0.20;main_0.21;main_0.22;main_0.23;main_0.24;main_0.25;main_0.26;main_0.27;main_0.28;main_0.29;main_0.3;main_0.30;main_0.31;main_0.32;main_0.33;main_0.34;main_0.35;main_0.36;main_0.37;main_0.38;main_0.39;main_0.4;main_0.40;main_0.41;main_0.42;main_0.43;main_0.44;main_0.45;main_0.46;main_0.47;main_0.48;main_0.49;main_0.5;main_0.50;main_0.51;main_0.52;main_0.53;main_0.54;main_0.55;main_0.56;main_0.57;main_0.58;main_0.59;main_0.6;main_0.60;main_0.7;main_0.8;main_0.9;ramp_0.2;ramp_0.3;ramp_0.4;ramp_0.5;ramp_0.6,,,1,30.710246824324372,0.1628121072618569,0,-1.0,0.0,0,-1.0,0.0,0,-1.0,0.0,1,32.82096276174571,0.05366746492893526,0,-1.0,0.0,1,22.164743604561252,0.22558348019740038,1,0
184,1,69,1,69,1,3,0,66,66,68,0,0,0,66,main_0.61,main_0.61,main_0.0,,main_0.1;main_0.10;main_0.11;main_0.12;main_0.13;main_0.14;main_0.15;main_0.16;main_0.17;main_0.18;main_0.19;main_0.2;main_0.20;main_0.21;main_0.22;main_0.23;main_0.24;main_0.25;main_0.26;main_0.27;main_0.28;main_0.29;main_0.3;main_0.30;main_0.31;main_0.32;main_0.33;main_0.34;main_0.35;main_0.36;main_0.37;main_0.38;main_0.39;main_0.4;main_0.40;main_0.41;main_0.42;main_0.43;main_0.44;main_0.45;main_0.46;main_0.47;main_0.48;main_0.49;main_0.5;main_0.50;main_0.51;main_0.52;main_0.53;main_0.54;main_0.55;main_0.56;main_0.57;main_0.58;main_0.59;main_0.6;main_0.60;main_0.61;main_0.7;main_0.8;main_0.9;ramp_0.2;ramp_0.3;ramp_0.4;ramp_0.5;ramp_0.6,,,0,-1.0,0.0,0,-1.0,0.0,0,-1.0,0.0,1,31.18593802180997,0.16032867109859694,1,-1.0,0.0,1,32.95280439427339,0.15173215427057585,0,-1.0,0.0,1,0
185,0,69,0,69,1,4,0,65,65,67,0,0,0,65,,,ramp_0.2,,main_0.1;main_0.10;main_0.11;main_0.12;main_0.13;main_0.14;main_0.15;main_0.16;main_0.17;main_0.18;main_0.19;main_0.2;main_0.20;main_0.21;main_0.22;main_0.23;main_0.24;main_0.25;main_0.26;main_0.27;main_0.28;main_0.29;main_0.3;main_0.30;main_0.31;main_0.32;main_0.33;main_0.34;main_0.35;main_0.36;main_0.37;main_0.38;main_0.39;main_0.4;main_0.40;main_0.41;main_0.42;main_0.43;main_0.44;main_0.45;main_0.46;main_0.47;main_0.48;main_0.49;main_0.5;main_0.50;main_0.51;main_0.52;main_0.53;main_0.54;main_0.55;main_0.56;main_0.57;main_0.58;main_0.59;main_0.6;main_0.60;main_0.61;main_0.7;main_0.8;main_0.9;ramp_0.3;ramp_0.4;ramp_0.5;ramp_0.6,,,0,-1.0,0.0,1,30.060686361673653,0.16633020084248074,0,-1.0,0.0,0,-1.0,0.0,0,-1.0,0.0,0,-1.0,0.0,0,-1.0,0.0,1,0
186,0,69,0,69,0,4,0,65,65,67,0,0,0,65,,,,,main_0.1;main_0.10;main_0.11;main_0.12;main_0.13;main_0.14;main_0.15;main_0.16;main_0.17;main_0.18;main_0.19;main_0.2;main_0.20;main_0.21;main_0.22;main_0.23;main_0.24;main_0.25;main_0.26;main_0.27;main_0.28;main_0.29;main_0.3;main_0.30;main_0.31;main_0.32;main_0.33;main_0.34;main_0.35;main_0.36;main_0.37;main_0.38;main_0.39;main_0.4;main_0.40;main_0.41;main_0.42;main_0.43;main_0.44;main_0.45;main_0.46;main_0.47;main_0.48;main_0.49;main_0.5;main_0.50;main_0.51;main_0.52;main_0.53;main_0.54;main_0.55;main_0.56;main_0.57;main_0.58;main_0.59;main_0.6;main_0.60;main_0.61;main_0.7;main_0.8;main_0.9;ramp_0.3;ramp_0.4;ramp_0.5;ramp_0.6,,,0,-1.0,0.0,0,-1.0,0.0,0,-1.0,0.0,0,-1.0,0.0,0,-1.0,0.0,0,-1.0,0.0,0,-1.0,0.0,1,0
187,1,70,1,70,0,4,0,66,66,68,0,0,0,66,main_0.62,main_0.62,,,main_0.1;main_0.10;main_0.11;main_0.12;main_0.13;main_0.14;main_0.15;main_0.16;main_0.17;main_0.18;main_0.19;main_0.2;main_0.20;main_0.21;main_0.22;main_0.23;main_0.24;main_0.25;main_0.26;main_0.27;main_0.28;main_0.29;main_0.3;main_0.30;main_0.31;main_0.32;main_0.33;main_0.34;main_0.35;main_0.36;main_0.37;main_0.38;main_0.39;main_0.4;main_0.40;main_0.41;main_0.42;main_0.43;main_0.44;main_0.45;main_0.46;main_0.47;main_0.48;main_0.49;main_0.5;main_0.50;main_0.51;main_0.52;main_0.53;main_0.54;main_0.55;main_0.56;main_0.57;main_0.58;main_0.59;main_0.6;main_0.60;main_0.61;main_0.62;main_0.7;main_0.8;main_0.9;ramp_0.3;ramp_0.4;ramp_0.5;ramp_0.6,,,0,-1.0,0.0,0,-1.0,0.0,0,-1.0,0.0,0,-1.0,0.0,0,-1.0,0.0,0,-1.0,0.0,0,-1.0,0.0,1,0
188,0,70,0,70,1,5,0,65,65,67,0,0,0,65,,,main_0.2,,main_0.1;main_0.10;main_0.11;main_0.12;main_0.13;main_0.14;main_0.15;main_0.16;main_0.17;main_0.18;main_0.19;main_0.20;main_0.21;main_0.22;main_0.23;main_0.24;main_0.25;main_0.26;main_0.27;main_0.28;main_0.29;main_0.3;main_0.30;main_0.31;main_0.32;main_0.33;main_0.34;main_0.35;main_0.36;main_0.37;main_0.38;main_0.39;main_0.4;main_0.40;main_0.41;main_0.42;main_0.43;main_0.44;main_0.45;main_0.46;main_0.47;main_0.48;main_0.49;main_0.5;main_0.50;main_0.51;main_0.52;main_0.53;main_0.54;main_0.55;main_0.56;main_0.57;main_0.58;main_0.59;main_0.6;main_0.60;main_0.61;main_0.62;main_0.7;main_0.8;main_0.9;ramp_0.3;ramp_0.4;ramp_0.5;ramp_0.6,,,1,31.77354470066484,0.1573636195490451,0,-1.0,0.0,1,33.19755504597368,0.15061350129778361,0,-1.0,0.0,0,-1.0,0.0,0,-1.0,0.0,0,-1.0,0.0,1,0
189,0,70,0,70,1,6,0,64,64,66,0,0,0,64,,,main_0.1,,main_0.10;main_0.11;main_0.12;main_0.13;main_0.14;main_0.15;main_0.16;main_0.17;main_0.18;main_0.19;main_0.20;main_0.21;main_0.22;main_0.23;main_0.24;main_0.25;main_0.26;main_0.27;main_0.28;main_0.29;main_0.3;main_0.30;main_0.31;main_0.32;main_0.33;main_0.34;main_0.35;main_0.36;main_0.37;main_0.38;main_0.39;main_0.4;main_0.40;main_0.41;main_0.42;main_0.43;main_0.44;main_0.45;main_0.46;main_0.47;main_0.48;main_0.49;main_0.5;main_0.50;main_0.51;main_0.52;main_0.53;main_0.54;main_0.55;main_0.56;main_0.57;main_0.58;main_0.59;main_0.6;main_0.60;main_0.61;main_0.62;main_0.7;main_0.8;main_0.9;ramp_0.3;ramp_0.4;ramp_0.5;ramp_0.6,,,0,-1.0,0.0,0,-1.0,0.0,0,-1.0,0.0,1,32.092780878868076,0.15579827808852542,0,-1.0,0.0,0,-1.0,0.0,0,-1.0,0.0,1,0
190,1,71,1,71,0,6,0,65,65,67,0,0,0,65,main_0.63,main_0.63,,,main_0.10;main_0.11;main_0.12;main_0.13;main_0.14;main_0.15;main_0.16;main_0.17;main_0.18;main_0.19;main_0.20;main_0.21;main_0.22;main_0.23;main_0.24;main_0.25;main_0.26;main_0.27;main_0.28;main_0.29;main_0.3;main_0.30;main_0.31;main_0.32;main_0.33;main_0.34;main_0.35;main_0.36;main_0.37;main_0.38;main_0.39;main_0.4;main_0.40;main_0.41;main_0.42;main_0.43;main_0.44;main_0.45;main_0.46;main_0.47;main_0.48;main_0.49;main_0.5;main_0.50;main_0.51;main_0.52;main_0.53;main_0.54;main_0.55;main_0.56;main_0.57;main_0.58;main_0.59;main_0.6;main_0.60;main_0.61;main_0.62;main_0.63;main_0.7;main_0.8;main_0.9;ramp_0.3;ramp_0.4;ramp_0.5;ramp_0.6,,,0,-1.0,0.0,0,-1.0,0.0,0,-1.0,0.0,0,-1.0,0.0,0,-1.0,0.0,1,32.69975497297863,0.1529063445316865,0,-1.0,0.0,1,0
191,0,71,0,71,0,6,0,65,65,67,0,0,0,65,,,,,main_0.10;main_0.11;main_0.12;main_0.13;main_0.14;main_0.15;main_0.16;main_0.17;main_0.18;main_0.19;main_0.20;main_0.21;main_0.22;main_0.23;main_0.24;main_0.25;main_0.26;main_0.27;main_0.28;main_0.29;main_0.3;main_0.30;main_0.31;main_0.32;main_0.33;main_0.34;main_0.35;main_0.36;main_0.37;main_0.38;main_0.39;main_0.4;main_0.40;main_0.41;main_0.42;main_0.43;main_0.44;main_0.45;main_0.46;main_0.47;main_0.48;main_0.49;main_0.5;main_0.50;main_0.51;main_0.52;main_0.53;main_0.54;main_0.55;main_0.56;main_0.57;main_0.58;main_0.59;main_0.6;main_0.60;main_0.61;main_0.62;main_0.63;main_0.7;main_0.8;main_0.9;ramp_0.3;ramp_0.4;ramp_0.5;ramp_0.6,,,0,-1.0,0.0,1,30.837942518052497,0.04323970499828533,0,-1.0,0.0,0,-1.0,0.0,0,-1.0,0.0,0,-1.0,0.0,0,-1.0,0.0,1,0
192,0,71,0,71,0,6,0,65,65,67,0,0,0,65,,,,,main_0.10;main_0.11;main_0.12;main_0.13;main_0.14;main_0.15;main_0.16;main_0.17;main_0.18;main_0.19;main_0.20;main_0.21;main_0.22;main_0.23;main_0.24;main_0.25;main_0.26;main_0.27;main_0.28;main_0.29;main_0.3;main_0.30;main_0.31;main_0.32;main_0.33;main_0.34;main_0.35;main_0.36;main_0.37;main_0.38;main_0.39;main_0.4;main_0.40;main_0.41;main_0.42;main_0.43;main_0.44;main_0.45;main_0.46;main_0.47;main_0.48;main_0.49;main_0.5;main_0.50;main_0.51;main_0.52;main_0.53;main_0.54;main_0.55;main_0.56;main_0.57;main_0.58;main_0.59;main_0.6;main_0.60;main_0.61;main_0.62;main_0.63;main_0.7;main_0.8;main_0.9;ramp_0.3;ramp_0.4;ramp_0.5;ramp_0.6,,,0,-1.0,0.0,1,-1.0,0.0,0,-1.0,0.0,1,31.443291174617855,0.1590164328610797,0,-1.0,0.0,0,-1.0,0.0,0,-1.0,0.0,1,0
193,1,72,1,72,0,6,0,66,66,68,0,0,0,66,main_0.64,main_0.64,,,main_0.10;main_0.11;main_0.12;main_0.13;main_0.14;main_0.15;main_0.16;main_0.17;main_0.18;main_0.19;main_0.20;main_0.21;main_0.22;main_0.23;main_0.24;main_0.25;main_0.26;main_0.27;main_0.28;main_0.29;main_0.3;main_0.30;main_0.31;main_0.32;main_0.33;main_0.34;main_0.35;main_0.36;main_0.37;main_0.38;main_0.39;main_0.4;main_0.40;main_0.41;main_0.42;main_0.43;main_0.44;main_0.45;main_0.46;main_0.47;main_0.48;main_0.49;main_0.5;main_0.50;main_0.51;main_0.52;main_0.53;main_0.54;main_0.55;main_0.56;main_0.57;main_0.58;main_0.59;main_0.6;main_0.60;main_0.61;main_0.62;main_0.63;main_0.64;main_0.7;main_0.8;main_0.9;ramp_0.3;ramp_0.4;ramp_0.5;ramp_0.6,,,0,-1.0,0.0,0,-1.0,0.0,0,-1.0,0.0,0,-1.0,0.0,0,-1.0,0.0,0,-1.0,0.0,0,-1.0,0.0,1,0
194,0,72,0,72,0,6,0,66,66,68,0,0,0,66,,,,,main_0.10;main_0.11;main_0.12;main_0.13;main_0.14;main_0.15;main_0.16;main_0.17;main_0.18;main_0.19;main_0.20;main_0.21;main_0.22;main_0.23;main_0.24;main_0.25;main_0.26;main_0.27;main_0.28;main_0.29;main_0.3;main_0.30;main_0.31;main_0.32;main_0.33;main_0.34;main_0.35;main_0.36;main_0.37;main_0.38;main_0.39;main_0.4;main_0.40;main_0.41;main_0.42;main_0.43;main_0.44;main_0.45;main_0.46;main_0.47;main_0.48;main_0.49;main_0.5;main_0.50;main_0.51;main_0.52;main_0.53;main_0.54;main_0.55;main_0.56;main_0.57;main_0.58;main_0.59;main_0.6;main_0.60;main_0.61;main_0.62;main_0.63;main_0.64;main_0.7;main_0.8;main_0.9;ramp_0.3;ramp_0.4;ramp_0.5;ramp_0.6,,,1,32.54152987281997,0.1536498136240425,0,-1.0,0.0,0,-1.0,0.0,0,-1.0,0.0,1,33.120905996976546,0.15096205401073348,0,-1.0,0.0,0,-1.0,0.0,1,0
195,0,72,0,72,1,7,0,65,65,67,0,0,0,65,,,main_0.4,,main_0.10;main_0.11;main_0.12;main_0.13;main_0.14;main_0.15;main_0.16;main_0.17;main_0.18;main_0.19;main_0.20;main_0.21;main_0.22;main_0.23;main_0.24;main_0.25;main_0.26;main_0.27;main_0.28;main_0.29;main_0.3;main_0.30;main_0.31;main_0.32;main_0.33;main_0.34;main_0.35;main_0.36;main_0.37;main_0.38;main_0.39;main_0.40;main_0.41;main_0.42;main_0.43;main_0.44;main_0.45;main_0.46;main_0.47;main_0.48;main_0.49;main_0.5;main_0.50;main_0.51;main_0.52;main_0.53;main_0.54;main_0.55;main_0.56;main_0.57;main_0.58;main_0.59;main_0.6;main_0.60;main_0.61;main_0.62;main_0.63;main_0.64;main_0.7;main_0.8;main_0.9;ramp_0.3;ramp_0.4;ramp_0.5;ramp_0.6,,,0,-1.0,0.0,0,-1.0,0.0,1,29.542468806320624,0.16924787270758657,0,-1.0,0.0,0,-1.0,0.0,0,-1.0,0.0,0,-1.0,0.0,0,0
196,1,73,1,73,0,7,0,66,66,68,0,0,0,66,main_0.65,main_0.65,,,main_0.10;main_0.11;main_0.12;main_0.13;main_0.14;main_0.15;main_0.16;main_0.17;main_0.18;main_0.19;main_0.20;main_0.21;main_0.22;main_0.23;main_0.24;main_0.25;main_0.26;main_0.27;main_0.28;main_0.29;main_0.3;main_0.30;main_0.31;main_0.32;main_0.33;main_0.34;main_0.35;main_0.36;main_0.37;main_0.38;main_0.39;main_0.40;main_0.41;main_0.42;main_0.43;main_0.44;main_0.45;main_0.46;main_0.47;main_0.48;main_0.49;main_0.5;main_0.50;main_0.51;main_0.52;main_0.53;main_0.54;main_0.55;main_0.56;main_0.57;main_0.58;main_0.59;main_0.6;main_0.60;main_0.61;main_0.62;main_0.63;main_0.64;main_0.65;main_0.7;main_0.8;main_0.9;ramp_0.3;ramp_0.4;ramp_0.5;ramp_0.6,,,0,-1.0,0.0,0,-1.0,0.0,0,-1.0,0.0,0,-1.0,0.0,0,-1.0,0.0,0,-1.0,0.0,0,-1.0,0.0,0,0
197,0,73,0,73,0,7,0,66,66,68,0,0,0,66,,,,,main_0.10;main_0.11;main_0.12;main_0.13;main_0.14;main_0.15;main_0.16;main_0.17;main_0.18;main_0.19;main_0.20;main_0.21;main_0.22;main_0.23;main_0.24;main_0.25;main_0.26;main_0.27;main_0.28;main_0.29;main_0.3;main_0.30;main_0.31;main_0.32;main_0.33;main_0.34;main_0.35;main_0.36;main_0.37;main_0.38;main_0.39;main_0.40;main_0.41;main_0.42;main_0.43;main_0.44;main_0.45;main_0.46;main_0.47;main_0.48;main_0.49;main_0.5;main_0.50;main_0.51;main_0.52;main_0.53;main_0.54;main_0.55;main_0.56;main_0.57;main_0.58;main_0.59;main_0.6;main_0.60;main_0.61;main_0.62;main_0.63;main_0.64;main_0.65;main_0.7;main_0.8;main_0.9;ramp_0.3;ramp_0.4;ramp_0.5;ramp_0.6,,,0,-1.0,0.0,0,-1.0,0.0,0,-1.0,0.0,0,-1.0,0.0,0,-1.0,0.0,0,-1.0,0.0,0,-1.0,0.0,0,0
198,0,73,0,73,0,7,0,66,66,68,0,0,0,66,,,,,main_0.10;main_0.11;main_0.12;main_0.13;main_0.14;main_0.15;main_0.16;main_0.17;main_0.18;main_0.19;main_0.20;main_0.21;main_0.22;main_0.23;main_0.24;main_0.25;main_0.26;main_0.27;main_0.28;main_0.29;main_0.3;main_0.30;main_0.31;main_0.32;main_0.33;main_0.34;main_0.35;main_0.36;main_0.37;main_0.38;main_0.39;main_0.40;main_0.41;main_0.42;main_0.43;main_0.44;main_0.45;main_0.46;main_0.47;main_0.48;main_0.49;main_0.5;main_0.50;main_0.51;main_0.52;main_0.53;main_0.54;main_0.55;main_0.56;main_0.57;main_0.58;main_0.59;main_0.6;main_0.60;main_0.61;main_0.62;main_0.63;main_0.64;main_0.65;main_0.7;main_0.8;main_0.9;ramp_0.3;ramp_0.4;ramp_0.5;ramp_0.6,,,0,-1.0,0.0,0,-1.0,0.0,0,-1.0,0.0,0,-1.0,0.0,0,-1.0,0.0,0,-1.0,0.0,0,-1.0,0.0,0,0
199,1,74,1,74,0,7,0,67,67,69,0,0,0,67,main_0.66,main_0.66,,,main_0.10;main_0.11;main_0.12;main_0.13;main_0.14;main_0.15;main_0.16;main_0.17;main_0.18;main_0.19;main_0.20;main_0.21;main_0.22;main_0.23;main_0.24;main_0.25;main_0.26;main_0.27;main_0.28;main_0.29;main_0.3;main_0.30;main_0.31;main_0.32;main_0.33;main_0.34;main_0.35;main_0.36;main_0.37;main_0.38;main_0.39;main_0.40;main_0.41;main_0.42;main_0.43;main_0.44;main_0.45;main_0.46;main_0.47;main_0.48;main_0.49;main_0.5;main_0.50;main_0.51;main_0.52;main_0.53;main_0.54;main_0.55;main_0.56;main_0.57;main_0.58;main_0.59;main_0.6;main_0.60;main_0.61;main_0.62;main_0.63;main_0.64;main_0.65;main_0.66;main_0.7;main_0.8;main_0.9;ramp_0.3;ramp_0.4;ramp_0.5;ramp_0.6,,,0,-1.0,0.0,0,-1.0,0.0,0,-1.0,0.0,0,-1.0,0.0,0,-1.0,0.0,0,-1.0,0.0,0,-1.0,0.0,0,0
200,0,74,0,74,0,7,0,67,67,69,0,0,0,67,,,,,main_0.10;main_0.11;main_0.12;main_0.13;main_0.14;main_0.15;main_0.16;main_0.17;main_0.18;main_0.19;main_0.20;main_0.21;main_0.22;main_0.23;main_0.24;main_0.25;main_0.26;main_0.27;main_0.28;main_0.29;main_0.3;main_0.30;main_0.31;main_0.32;main_0.33;main_0.34;main_0.35;main_0.36;main_0.37;main_0.38;main_0.39;main_0.40;main_0.41;main_0.42;main_0.43;main_0.44;main_0.45;main_0.46;main_0.47;main_0.48;main_0.49;main_0.5;main_0.50;main_0.51;main_0.52;main_0.53;main_0.54;main_0.55;main_0.56;main_0.57;main_0.58;main_0.59;main_0.6;main_0.60;main_0.61;main_0.62;main_0.63;main_0.64;main_0.65;main_0.66;main_0.7;main_0.8;main_0.9;ramp_0.3;ramp_0.4;ramp_0.5;ramp_0.6,,,1,32.60983932378979,0.15332795572385294,1,32.844322986351486,0.152233309911054,0,-1.0,0.0,1,32.23887199735796,0.155092274953347,1,32.84800680754253,0.05087054458059015,0,-1.0,0.0,0,-1.0,0.0,0,0
201,0,74,0,74,0,7,0,67,67,69,0,0,0,67,,,,,main_0.10;main_0.11;main_0.12;main_0.13;main_0.14;main_0.15;main_0.16;main_0.17;main_0.18;main_0.19;main_0.20;main_0.21;main_0.22;main_0.23;main_0.24;main_0.25;main_0.26;main_0.27;main_0.28;main_0.29;main_0.3;main_0.30;main_0.31;main_0.32;main_0.33;main_0.34;main_0.35;main_0.36;main_0.37;main_0.38;main_0.39;main_0.40;main_0.41;main_0.42;main_0.43;main_0.44;main_0.45;main_0.46;main_0.47;main_0.48;main_0.49;main_0.5;main_0.50;main_0.51;main_0.52;main_0.53;main_0.54;main_0.55;main_0.56;main_0.57;main_0.58;main_0.59;main_0.6;main_0.60;main_0.61;main_0.62;main_0.63;main_0.64;main_0.65;main_0.66;main_0.7;main_0.8;main_0.9;ramp_0.3;ramp_0.4;ramp_0.5;ramp_0.6,,,0,-1.0,0.0,0,-1.0,0.0,0,-1.0,0.0,0,-1.0,0.0,1,-1.0,0.0,1,33.13951649265305,0.15087727671308926,0,-1.0,0.0,0,0
202,1,75,1,75,0,7,0,68,68,70,0,0,0,68,main_0.67,main_0.67,,,main_0.10;main_0.11;main_0.12;main_0.13;main_0.14;main_0.15;main_0.16;main_0.17;main_0.18;main_0.19;main_0.20;main_0.21;main_0.22;main_0.23;main_0.24;main_0.25;main_0.26;main_0.27;main_0.28;main_0.29;main_0.3;main_0.30;main_0.31;main_0.32;main_0.33;main_0.34;main_0.35;main_0.36;main_0.37;main_0.38;main_0.39;main_0.40;main_0.41;main_0.42;main_0.43;main_0.44;main_0.45;main_0.46;main_0.47;main_0.48;main_0.49;main_0.5;main_0.50;main_0.51;main_0.52;main_0.53;main_0.54;main_0.55;main_0.56;main_0.57;main_0.58;main_0.59;main_0.6;main_0.60;main_0.61;main_0.62;main_0.63;main_0.64;main_0.65;main_0.66;main_0.67;main_0.7;main_0.8;main_0.9;ramp_0.3;ramp_0.4;ramp_0.5;ramp_0.6,,,0,-1.0,0.0,0,-1.0,0.0,0,-1.0,0.0,0,-1.0,0.0,0,-1.0,0.0,0,-1.0,0.0,0,-1.0,0.0,0,0
203,0,75,0,75,0,7,0,68,68,70,0,0,0,68,,,,,main_0.10;main_0.11;main_0.12;main_0.13;main_0.14;main_0.15;main_0.16;main_0.17;main_0.18;main_0.19;main_0.20;main_0.21;main_0.22;main_0.23;main_0.24;main_0.25;main_0.26;main_0.27;main_0.28;main_0.29;main_0.3;main_0.30;main_0.31;main_0.32;main_0.33;main_0.34;main_0.35;main_0.36;main_0.37;main_0.38;main_0.39;main_0.40;main_0.41;main_0.42;main_0.43;main_0.44;main_0.45;main_0.46;main_0.47;main_0.48;main_0.49;main_0.5;main_0.50;main_0.51;main_0.52;main_0.53;main_0.54;main_0.55;main_0.56;main_0.57;main_0.58;main_0.59;main_0.6;main_0.60;main_0.61;main_0.62;main_0.63;main_0.64;main_0.65;main_0.66;main_0.67;main_0.7;main_0.8;main_0.9;ramp_0.3;ramp_0.4;ramp_0.5;ramp_0.6,,,0,-1.0,0.0,0,-1.0,0.0,1,30.316198858195428,0.16492832836291882,0,-1.0,0.0,0,-1.0,0.0,0,-1.0,0.0,0,-1.0,0.0,0,0
204,0,75,0,75,0,7,0,68,68,70,0,0,0,68,,,,,main_0.10;main_0.11;main_0.12;main_0.13;main_0.14;main_0.15;main_0.16;main_0.17;main_0.18;main_0.19;main_0.20;main_0.21;main_0.22;main_0.23;main_0.24;main_0.25;main_0.26;main_0.27;main_0.28;main_0.29;main_0.3;main_0.30;main_0.31;main_0.32;main_0.33;main_0.34;main_0.35;main_0.36;main_0.37;main_0.38;main_0.39;main_0.40;main_0.41;main_0.42;main_0.43;main_0.44;main_0.45;main_0.46;main_0.47;main_0.48;main_0.49;main_0.5;main_0.50;main_0.51;main_0.52;main_0.53;main_0.54;main_0.55;main_0.56;main_0.57;main_0.58;main_0.59;main_0.6;main_0.60;main_0.61;main_0.62;main_0.63;main_0.64;main_0.65;main_0.66;main_0.67;main_0.7;main_0.8;main_0.9;ramp_0.3;ramp_0.4;ramp_0.5;ramp_0.6,,,0,-1.0,0.0,0,-1.0,0.0,0,-1.0,0.0,0,-1.0,0.0,0,-1.0,0.0,0,-1.0,0.0,0,-1.0,0.0,0,0
205,1,76,1,76,1,8,0,68,68,70,0,0,0,68,main_0.68,main_0.68,main_0.7,,main_0.10;main_0.11;main_0.12;main_0.13;main_0.14;main_0.15;main_0.16;main_0.17;main_0.18;main_0.19;main_0.20;main_0.21;main_0.22;main_0.23;main_0.24;main_0.25;main_0.26;main_0.27;main_0.28;main_0.29;main_0.3;main_0.30;main_0.31;main_0.32;main_0.33;main_0.34;main_0.35;main_0.36;main_0.37;main_0.38;main_0.39;main_0.40;main_0.41;main_0.42;main_0.43;main_0.44;main_0.45;main_0.46;main_0.47;main_0.48;main_0.49;main_0.5;main_0.50;main_0.51;main_0.52;main_0.53;main_0.54;main_0.55;main_0.56;main_0.57;main_0.58;main_0.59;main_0.6;main_0.60;main_0.61;main_0.62;main_0.63;main_0.64;main_0.65;main_0.66;main_0.67;main_0.68;main_0.8;main_0.9;ramp_0.3;ramp_0.4;ramp_0.5;ramp_0.6,,,0,-1.0,0.0,0,-1.0,0.0,0,-1.0,0.0,0,-1.0,0.0,0,-1.0,0.0,1,31.772772870323546,0.15736744225651478,0,-1.0,0.0,0,0
206,0,76,0,76,0,8,0,68,68,70,0,0,0,68,,,,,main_0.10;main_0.11;main_0.12;main_0.13;main_0.14;main_0.15;main_0.16;main_0.17;main_0.18;main_0.19;main_0.20;main_0.21;main_0.22;main_0.23;main_0.24;main_0.25;main_0.26;main_0.27;main_0.28;main_0.29;main_0.3;main_0.30;main_0.31;main_0.32;main_0.33;main_0.34;main_0.35;main_0.36;main_0.37;main_0.38;main_0.39;main_0.40;main_0.41;main_0.42;main_0.43;main_0.44;main_0.45;main_0.46;main_0.47;main_0.48;main_0.49;main_0.5;main_0.50;main_0.51;main_0.52;main_0.53;main_0.54;main_0.55;main_0.56;main_0.57;main_0.58;main_0.59;main_0.6;main_0.60;main_0.61;main_0.62;main_0.63;main_0.64;main_0.65;main_0.66;main_0.67;main_0.68;main_0.8;main_0.9;ramp_0.3;ramp_0.4;ramp_0.5;ramp_0.6,,,1,32.09264775154975,0.15579892437384046,0,-1.0,0.0,0,-1.0,0.0,1,32.40202830578231,0.0999368618824974,0,-1.0,0.0,0,-1.0,0.0,0,-1.0,0.0,0,0
207,0,76,0,76,0,8,0,68,68,70,0,0,0,68,,,,,main_0.10;main_0.11;main_0.12;main_0.13;main_0.14;main_0.15;main_0.16;main_0.17;main_0.18;main_0.19;main_0.20;main_0.21;main_0.22;main_0.23;main_0.24;main_0.25;main_0.26;main_0.27;main_0.28;main_0.29;main_0.3;main_0.30;main_0.31;main_0.32;main_0.33;main_0.34;main_0.35;main_0.36;main_0.37;main_0.38;main_0.39;main_0.40;main_0.41;main_0.42;main_0.43;main_0.44;main_0.45;main_0.46;main_0.47;main_0.48;main_0.49;main_0.5;main_0.50;main_0.51;main_0.52;main_0.53;main_0.54;main_0.55;main_0.56;main_0.57;main_0.58;main_0.59;main_0.6;main_0.60;main_0.61;main_0.62;main_0.63;main_0.64;main_0.65;main_0.66;main_0.67;main_0.68;main_0.8;main_0.9;ramp_0.3;ramp_0.4;ramp_0.5;ramp_0.6,,,0,-1.0,0.0,0,-1.0,0.0,0,-1.0,0.0,1,-1.0,0.0,0,-1.0,0.0,0,-1.0,0.0,0,-1.0,0.0,0,0
208,1,77,1,77,1,9,0,68,68,70,0,0,0,68,main_0.69,main_0.69,main_0.5,,main_0.10;main_0.11;main_0.12;main_0.13;main_0.14;main_0.15;main_0.16;main_0.17;main_0.18;main_0.19;main_0.20;main_0.21;main_0.22;main_0.23;main_0.24;main_0.25;main_0.26;main_0.27;main_0.28;main_0.29;main_0.3;main_0.30;main_0.31;main_0.32;main_0.33;main_0.34;main_0.35;main_0.36;main_0.37;main_0.38;main_0.39;main_0.40;main_0.41;main_0.42;main_0.43;main_0.44;main_0.45;main_0.46;main_0.47;main_0.48;main_0.49;main_0.50;main_0.51;main_0.52;main_0.53;main_0.54;main_0.55;main_0.56;main_0.57;main_0.58;main_0.59;main_0.6;main_0.60;main_0.61;main_0.62;main_0.63;main_0.64;main_0.65;main_0.66;main_0.67;main_0.68;main_0.69;main_0.8;main_0.9;ramp_0.3;ramp_0.4;ramp_0.5;ramp_0.6,,,0,-1.0,0.0,0,-1.0,0.0,0,-1.0,0.0,0,-1.0,0.0,0,-1.0,0.0,0,-1.0,0.0,0,-1.0,0.0,0,0
209,0,77,0,77,0,9,0,68,68,70,0,0,0,68,,,,,main_0.10;main_0.11;main_0.12;main_0.13;main_0.14;main_0.15;main_0.16;main_0.17;main_0.18;main_0.19;main_0.20;main_0.21;main_0.22;main_0.23;main_0.24;main_0.25;main_0.26;main_0.27;main_0.28;main_0.29;main_0.3;main_0.30;main_0.31;main_0.32;main_0.33;main_0.34;main_0.35;main_0.36;main_0.37;main_0.38;main_0.39;main_0.40;main_0.41;main_0.42;main_0.43;main_0.44;main_0.45;main_0.46;main_0.47;main_0.48;main_0.49;main_0.50;main_0.51;main_0.52;main_0.53;main_0.54;main_0.55;main_0.56;main_0.57;main_0.58;main_0.59;main_0.6;main_0.60;main_0.61;main_0.62;main_0.63;main_0.64;main_0.65;main_0.66;main_0.67;main_0.68;main_0.69;main_0.8;main_0.9;ramp_0.3;ramp_0.4;ramp_0.5;ramp_0.6,,,0,-1.0,0.0,0,-1.0,0.0,0,-1.0,0.0,0,-1.0,0.0,0,-1.0,0.0,1,32.07697775607025,0.1558750340516042,0,-1.0,0.0,0,0
210,0,77,0,77,0,9,0,68,68,70,0,0,0,68,,,,,main_0.10;main_0.11;main_0.12;main_0.13;main_0.14;main_0.15;main_0.16;main_0.17;main_0.18;main_0.19;main_0.20;main_0.21;main_0.22;main_0.23;main_0.24;main_0.25;main_0.26;main_0.27;main_0.28;main_0.29;main_0.3;main_0.30;main_0.31;main_0.32;main_0.33;main_0.34;main_0.35;main_0.36;main_0.37;main_0.38;main_0.39;main_0.40;main_0.41;main_0.42;main_0.43;main_0.44;main_0.45;main_0.46;main_0.47;main_0.48;main_0.49;main_0.50;main_0.51;main_0.52;main_0.53;main_0.54;main_0.55;main_0.56;main_0.57;main_0.58;main_0.59;main_0.6;main_0.60;main_0.61;main_0.62;main_0.63;main_0.64;main_0.65;main_0.66;main_0.67;main_0.68;main_0.69;main_0.8;main_0.9;ramp_0.3;ramp_0.4;ramp_0.5;ramp_0.6,,,0,-1.0,0.0,0,-1.0,0.0,0,-1.0,0.0,0,-1.0,0.0,0,-1.0,0.0,0,-1.0,0.0,0,-1.0,0.0,0,0
211,2,79,2,79,1,10,0,69,69,71,0,0,0,69,main_0.70;ramp_0.7,main_0.70;ramp_0.7,main_0.8,,main_0.10;main_0.11;main_0.12;main_0.13;main_0.14;main_0.15;main_0.16;main_0.17;main_0.18;main_0.19;main_0.20;main_0.21;main_0.22;main_0.23;main_0.24;main_0.25;main_0.26;main_0.27;main_0.28;main_0.29;main_0.3;main_0.30;main_0.31;main_0.32;main_0.33;main_0.34;main_0.35;main_0.36;main_0.37;main_0.38;main_0.39;main_0.40;main_0.41;main_0.42;main_0.43;main_0.44;main_0.45;main_0.46;main_0.47;main_0.48;main_0.49;main_0.50;main_0.51;main_0.52;main_0.53;main_0.54;main_0.55;main_0.56;main_0.57;main_0.58;main_0.59;main_0.6;main_0.60;main_0.61;main_0.62;main_0.63;main_0.64;main_0.65;main_0.66;main_0.67;main_0.68;main_0.69;main_0.70;main_0.9;ramp_0.3;ramp_0.4;ramp_0.5;ramp_0.6;ramp_0.7,,,1,32.905568156892066,0.06636646694124693,0,-1.0,0.0,0,-1.0,0.0,0,-1.0,0.0,1,33.152173713817525,0.1508196730374891,0,-1.0,0.0,0,-1.0,0.0,1,0
212,0,79,0,79,0,10,0,69,69,71,0,0,0,69,,,,,main_0.10;main_0.11;main_0.12;main_0.13;main_0.14;main_0.15;main_0.16;main_0.17;main_0.18;main_0.19;main_0.20;main_0.21;main_0.22;main_0.23;main_0.24;main_0.25;main_0.26;main_0.27;main_0.28;main_0.29;main_0.3;main_0.30;main_0.31;main_0.32;main_0.33;main_0.34;main_0.35;main_0.36;main_0.37;main_0.38;main_0.39;main_0.40;main_0.41;main_0.42;main_0.43;main_0.44;main_0.45;main_0.46;main_0.47;main_0.48;main_0.49;main_0.50;main_0.51;main_0.52;main_0.53;main_0.54;main_0.55;main_0.56;main_0.57;main_0.58;main_0.59;main_0.6;main_0.60;main_0.61;main_0.62;main_0.63;main_0.64;main_0.65;main_0.66;main_0.67;main_0.68;main_0.69;main_0.70;main_0.9;ramp_0.3;ramp_0.4;ramp_0.5;ramp_0.6;ramp_0.7,,,1,-1.0,0.0,0,-1.0,0.0,0,-1.0,0.0,0,-1.0,0.0,0,-1.0,0.0,0,-1.0,0.0,0,-1.0,0.0,1,0
213,0,79,0,79,0,10,0,69,69,71,0,0,0,69,,,,,main_0.10;main_0.11;main_0.12;main_0.13;main_0.14;main_0.15;main_0.16;main_0.17;main_0.18;main_0.19;main_0.20;main_0.21;main_0.22;main_0.23;main_0.24;main_0.25;main_0.26;main_0.27;main_0.28;main_0.29;main_0.3;main_0.30;main_0.31;main_0.32;main_0.33;main_0.34;main_0.35;main_0.36;main_0.37;main_0.38;main_0.39;main_0.40;main_0.41;main_0.42;main_0.43;main_0.44;main_0.45;main_0.46;main_0.47;main_0.48;main_0.49;main_0.50;main_0.51;main_0.52;main_0.53;main_0.54;main_0.55;main_0.56;main_0.57;main_0.58;main_0.59;main_0.6;main_0.60;main_0.61;main_0.62;main_0.63;main_0.64;main_0.65;main_0.66;main_0.67;main_0.68;main_0.69;main_0.70;main_0.9;ramp_0.3;ramp_0.4;ramp_0.5;ramp_0.6;ramp_0.7,,,0,-1.0,0.0,0,-1.0,0.0,0,-1.0,0.0,0,-1.0,0.0,0,-1.0,0.0,0,-1.0,0.0,1,19.77914172055096,0.23823555797866902,1,0
214,1,80,1,80,0,10,0,70,70,72,0,0,0,70,main_0.71,main_0.71,,,main_0.10;main_0.11;main_0.12;main_0.13;main_0.14;main_0.15;main_0.16;main_0.17;main_0.18;main_0.19;main_0.20;main_0.21;main_0.22;main_0.23;main_0.24;main_0.25;main_0.26;main_0.27;main_0.28;main_0.29;main_0.3;main_0.30;main_0.31;main_0.32;main_0.33;main_0.34;main_0.35;main_0.36;main_0.37;main_0.38;main_0.39;main_0.40;main_0.41;main_0.42;main_0.43;main_0.44;main_0.45;main_0.46;main_0.47;main_0.48;main_0.49;main_0.50;main_0.51;main_0.52;main_0.53;main_0.54;main_0.55;main_0.56;main_0.57;main_0.58;main_0.59;main_0.6;main_0.60;main_0.61;main_0.62;main_0.63;main_0.64;main_0.65;main_0.66;main_0.67;main_0.68;main_0.69;main_0.70;main_0.71;main_0.9;ramp_0.3;ramp_0.4;ramp_0.5;ramp_0.6;ramp_0.7,,,0,-1.0,0.0,0,-1.0,0.0,0,-1.0,0.0,0,-1.0,0.0,0,-1.0,0.0,0,-1.0,0.0,1,-1.0,0.0,1,0
215,0,80,0,80,1,11,0,69,69,71,0,0,0,69,,,main_0.9,,main_0.10;main_0.11;main_0.12;main_0.13;main_0.14;main_0.15;main_0.16;main_0.17;main_0.18;main_0.19;main_0.20;main_0.21;main_0.22;main_0.23;main_0.24;main_0.25;main_0.26;main_0.27;main_0.28;main_0.29;main_0.3;main_0.30;main_0.31;main_0.32;main_0.33;main_0.34;main_0.35;main_0.36;main_0.37;main_0.38;main_0.39;main_0.40;main_0.41;main_0.42;main_0.43;main_0.44;main_0.45;main_0.46;main_0.47;main_0.48;main_0.49;main_0.50;main_0.51;main_0.52;main_0.53;main_0.54;main_0.55;main_0.56;main_0.57;main_0.58;main_0.59;main_0.6;main_0.60;main_0.61;main_0.62;main_0.63;main_0.64;main_0.65;main_0.66;main_0.67;main_0.68;main_0.69;main_0.70;main_0.71;ramp_0.3;ramp_0.4;ramp_0.5;ramp_0.6;ramp_0.7,,,0,-1.0,0.0,0,-1.0,0.0,0,-1.0,0.0,0,-1.0,0.0,0,-1.0,0.0,1,32.49074191447943,0.1538899915908587,0,-1.0,0.0,1,0
216,0,80,0,80,0,11,0,69,69,71,0,0,0,69,,,,,main_0.10;main_0.11;main_0.12;main_0.13;main_0.14;main_0.15;main_0.16;main_0.17;main_0.18;main_0.19;main_0.20;main_0.21;main_0.22;main_0.23;main_0.24;main_0.25;main_0.26;main_0.27;main_0.28;main_0.29;main_0.3;main_0.30;main_0.31;main_0.32;main_0.33;main_0.34;main_0.35;main_0.36;main_0.37;main_0.38;main_0.39;main_0.40;main_0.41;main_0.42;main_0.43;main_0.44;main_0.45;main_0.46;main_0.47;main_0.48;main_0.49;main_0.50;main_0.51;main_0.52;main_0.53;main_0.54;main_0.55;main_0.56;main_0.57;main_0.58;main_0.59;main_0.6;main_0.60;main_0.61;main_0.62;main_0.63;main_0.64;main_0.65;main_0.66;main_0.67;main_0.68;main_0.69;main_0.70;main_0.71;ramp_0.3;ramp_0.4;ramp_0.5;ramp_0.6;ramp_0.7,,,0,-1.0,0.0,1,32.094322489745494,0.1557907945119439,0,-1.0,0.0,0,-1.0,0.0,1,31.909140565332507,0.15669491284990045,0,-1.0,0.0,0,-1.0,0.0,1,0
217,1,81,1,81,1,12,0,69,69,71,0,0,0,69,main_0.72,main_0.72,main_0.3,,main_0.10;main_0.11;main_0.12;main_0.13;main_0.14;main_0.15;main_0.16;main_0.17;main_0.18;main_0.19;main_0.20;main_0.21;main_0.22;main_0.23;main_0.24;main_0.25;main_0.26;main_0.27;main_0.28;main_0.29;main_0.30;main_0.31;main_0.32;main_0.33;main_0.34;main_0.35;main_0.36;main_0.37;main_0.38;main_0.39;main_0.40;main_0.41;main_0.42;main_0.43;main_0.44;main_0.45;main_0.46;main_0.47;main_0.48;main_0.49;main_0.50;main_0.51;main_0.52;main_0.53;main_0.54;main_0.55;main_0.56;main_0.57;main_0.58;main_0.59;main_0.6;main_0.60;main_0.61;main_0.62;main_0.63;main_0.64;main_0.65;main_0.66;main_0.67;main_0.68;main_0.69;main_0.70;main_0.71;main_0.72;ramp_0.3;ramp_0.4;ramp_0.5;ramp_0.6;ramp_0.7,,,0,-1.0,0.0,0,-1.0,0.0,0,-1.0,0.0,0,-1.0,0.0,0,-1.0,0.0,0,-1.0,0.0,0,-1.0,0.0,1,0
218,0,81,0,81,0,12,0,69,69,71,0,0,0,69,,,,,main_0.10;main_0.11;main_0.12;main_0.13;main_0.14;main_0.15;main_0.16;main_0.17;main_0.18;main_0.19;main_0.20;main_0.21;main_0.22;main_0.23;main_0.24;main_0.25;main_0.26;main_0.27;main_0.28;main_0.29;main_0.30;main_0.31;main_0.32;main_0.33;main_0.34;main_0.35;main_0.36;main_0.37;main_0.38;main_0.39;main_0.40;main_0.41;main_0.42;main_0.43;main_0.44;main_0.45;main_0.46;main_0.47;main_0.48;main_0.49;main_0.50;main_0.51;main_0.52;main_0.53;main_0.54;main_0.55;main_0.56;main_0.57;main_0.58;main_0.59;main_0.6;main_0.60;main_0.61;main_0.62;main_0.63;main_0.64;main_0.65;main_0.66;main_0.67;main_0.68;main_0.69;main_0.70;main_0.71;main_0.72;ramp_0.3;ramp_0.4;ramp_0.5;ramp_0.6;ramp_0.7,,,0,-1.0,0.0,0,-1.0,0.0,1,30.084452045592435,0.07520609368805253,0,-1.0,0.0,0,-1.0,0.0,0,-1.0,0.0,0,-1.0,0.0,1,0
219,0,81,0,81,0,12,0,69,69,71,0,0,0,69,,,,,main_0.10;main_0.11;main_0.12;main_0.13;main_0.14;main_0.15;main_0.16;main_0.17;main_0.18;main_0.19;main_0.20;main_0.21;main_0.22;main_0.23;main_0.24;main_0.25;main_0.26;main_0.27;main_0.28;main_0.29;main_0.30;main_0.31;main_0.32;main_0.33;main_0.34;main_0.35;main_0.36;main_0.37;main_0.38;main_0.39;main_0.40;main_0.41;main_0.42;main_0.43;main_0.44;main_0.45;main_0.46;main_0.47;main_0.48;main_0.49;main_0.50;main_0.51;main_0.52;main_0.53;main_0.54;main_0.55;main_0.56;main_0.57;main_0.58;main_0.59;main_0.6;main_0.60;main_0.61;main_0.62;main_0.63;main_0.64;main_0.65;main_0.66;main_0.67;main_0.68;main_0.69;main_0.70;main_0.71;main_0.72;ramp_0.3;ramp_0.4;ramp_0.5;ramp_0.6;ramp_0.7,,,0,-1.0,0.0,0,-1.0,0.0,1,-1.0,0.0,0,-1.0,0.0,0,-1.0,0.0,0,-1.0,0.0,0,-1.0,0.0,1,0
220,1,82,1,82,0,12,0,70,70,72,0,0,0,70,main_0.73,main_0.73,,,main_0.10;main_0.11;main_0.12;main_0.13;main_0.14;main_0.15;main_0.16;main_0.17;main_0.18;main_0.19;main_0.20;main_0.21;main_0.22;main_0.23;main_0.24;main_0.25;main_0.26;main_0.27;main_0.28;main_0.29;main_0.30;main_0.31;main_0.32;main_0.33;main_0.34;main_0.35;main_0.36;main_0.37;main_0.38;main_0.39;main_0.40;main_0.41;main_0.42;main_0.43;main_0.44;main_0.45;main_0.46;main_0.47;main_0.48;main_0.49;main_0.50;main_0.51;main_0.52;main_0.53;main_0.54;main_0.55;main_0.56;main_0.57;main_0.58;main_0.59;main_0.6;main_0.60;main_0.61;main_0.62;main_0.63;main_0.64;main_0.65;main_0.66;main_0.67;main_0.68;main_0.69;main_0.70;main_0.71;main_0.72;main_0.73;ramp_0.3;ramp_0.4;ramp_0.5;ramp_0.6;ramp_0.7,,,1,33.16211887049198,0.11102207850098011,1,31.3815413140833,0.15932933153146678,0,-1.0,0.0,0,-1.0,0.0,1,32.0705847662399,0.1559061063726972,1,32.26696429758434,0.15495724834499924,0,-1.0,0.0,1,0
221,0,82,0,82,1,13,0,69,69,71,0,0,0,69,,,main_0.11,,main_0.10;main_0.12;main_0.13;main_0.14;main_0.15;main_0.16;main_0.17;main_0.18;main_0.19;main_0.20;main_0.21;main_0.22;main_0.23;main_0.24;main_0.25;main_0.26;main_0.27;main_0.28;main_0.29;main_0.30;main_0.31;main_0.32;main_0.33;main_0.34;main_0.35;main_0.36;main_0.37;main_0.38;main_0.39;main_0.40;main_0.41;main_0.42;main_0.43;main_0.44;main_0.45;main_0.46;main_0.47;main_0.48;main_0.49;main_0.50;main_0.51;main_0.52;main_0.53;main_0.54;main_0.55;main_0.56;main_0.57;main_0.58;main_0.59;main_0.6;main_0.60;main_0.61;main_0.62;main_0.63;main_0.64;main_0.65;main_0.66;main_0.67;main_0.68;main_0.69;main_0.70;main_0.71;main_0.72;main_0.73;ramp_0.3;ramp_0.4;ramp_0.5;ramp_0.6;ramp_0.7,,,1,-1.0,0.0,0,-1.0,0.0,0,-1.0,0.0,0,-1.0,0.0,0,-1.0,0.0,0,-1.0,0.0,0,-1.0,0.0,1,0
222,0,82,0,82,0,13,0,69,69,71,0,0,0,69,,,,,main_0.10;main_0.12;main_0.13;main_0.14;main_0.15;main_0.16;main_0.17;main_0.18;main_0.19;main_0.20;main_0.21;main_0.22;main_0.23;main_0.24;main_0.25;main_0.26;main_0.27;main_0.28;main_0.29;main_0.30;main_0.31;main_0.32;main_0.33;main_0.34;main_0.35;main_0.36;main_0.37;main_0.38;main_0.39;main_0.40;main_0.41;main_0.42;main_0.43;main_0.44;main_0.45;main_0.46;main_0.47;main_0.48;main_0.49;main_0.50;main_0.51;main_0.52;main_0.53;main_0.54;main_0.55;main_0.56;main_0.57;main_0.58;main_0.59;main_0.6;main_0.60;main_0.61;main_0.62;main_0.63;main_0.64;main_0.65;main_0.66;main_0.67;main_0.68;main_0.69;main_0.70;main_0.71;main_0.72;main_0.73;ramp_0.3;ramp_0.4;ramp_0.5;ramp_0.6;ramp_0.7,,,0,-1.0,0.0,0,-1.0,0.0,0,-1.0,0.0,0,-1.0,0.0,0,-1.0,0.0,0,-1.0,0.0,0,-1.0,0.0,1,0
223,1,83,1,83,1,14,0,69,69,71,0,0,0,69,main_0.74,main_0.74,main_0.12,,main_0.10;main_0.13;main_0.14;main_0.15;main_0.16;main_0.17;main_0.18;main_0.19;main_0.20;main_0.21;main_0.22;main_0.23;main_0.24;main_0.25;main_0.26;main_0.27;main_0.28;main_0.29;main_0.30;main_0.31;main_0.32;main_0.33;main_0.34;main_0.35;main_0.36;main_0.37;main_0.38;main_0.39;main_0.40;main_0.41;main_0.42;main_0.43;main_0.44;main_0.45;main_0.46;main_0.47;main_0.48;main_0.49;main_0.50;main_0.51;main_0.52;main_0.53;main_0.54;main_0.55;main_0.56;main_0.57;main_0.58;main_0.59;main_0.6;main_0.60;main_0.61;main_0.62;main_0.63;main_0.64;main_0.65;main_0.66;main_0.67;main_0.68;main_0.69;main_0.70;main_0.71;main_0.72;main_0.73;main_0.74;ramp_0.3;ramp_0.4;ramp_0.5;ramp_0.6;ramp_0.7,,,0,-1.0,0.0,0,-1.0,0.0,0,-1.0,0.0,0,-1.0,0.0,0,-1.0,0.0,1,31.6550371332452,0.15795274473865106,0,-1.0,0.0,1,0
224,0,83,0,83,0,14,0,69,69,71,0,0,0,69,,,,,main_0.10;main_0.13;main_0.14;main_0.15;main_0.16;main_0.17;main_0.18;main_0.19;main_0.20;main_0.21;main_0.22;main_0.23;main_0.24;main_0.25;main_0.26;main_0.27;main_0.28;main_0.29;main_0.30;main_0.31;main_0.32;main_0.33;main_0.34;main_0.35;main_0.36;main_0.37;main_0.38;main_0.39;main_0.40;main_0.41;main_0.42;main_0.43;main_0.44;main_0.45;main_0.46;main_0.47;main_0.48;main_0.49;main_0.50;main_0.51;main_0.52;main_0.53;main_0.54;main_0.55;main_0.56;main_0.57;main_0.58;main_0.59;main_0.6;main_0.60;main_0.61;main_0.62;main_0.63;main_0.64;main_0.65;main_0.66;main_0.67;main_0.68;main_0.69;main_0.70;main_0.71;main_0.72;main_0.73;main_0.74;ramp_0.3;ramp_0.4;ramp_0.5;ramp_0.6;ramp_0.7,,,1,32.05333073951117,0.15599002926197159,0,-1.0,0.0,1,30.87330033519017,0.16195223528794145,0,-1.0,0.0,0,-1.0,0.0,0,-1.0,0.0,0,-1.0,0.0,1,0
225,0,83,0,83,0,14,0,69,69,71,0,0,0,69,,,,,main_0.10;main_0.13;main_0.14;main_0.15;main_0.16;main_0.17;main_0.18;main_0.19;main_0.20;main_0.21;main_0.22;main_0.23;main_0.24;main_0.25;main_0.26;main_0.27;main_0.28;main_0.29;main_0.30;main_0.31;main_0.32;main_0.33;main_0.34;main_0.35;main_0.36;main_0.37;main_0.38;main_0.39;main_0.40;main_0.41;main_0.42;main_0.43;main_0.44;main_0.45;main_0.46;main_0.47;main_0.48;main_0.49;main_0.50;main_0.51;main_0.52;main_0.53;main_0.54;main_0.55;main_0.56;main_0.57;main_0.58;main_0.59;main_0.6;main_0.60;main_0.61;main_0.62;main_0.63;main_0.64;main_0.65;main_0.66;main_0.67;main_0.68;main_0.69;main_0.70;main_0.71;main_0.72;main_0.73;main_0.74;ramp_0.3;ramp_0.4;ramp_0.5;ramp_0.6;ramp_0.7,,,0,-1.0,0.0,1,31.86631481402201,0.15690549814689803,0,-1.0,0.0,0,-1.0,0.0,0,-1.0,0.0,0,-1.0,0.0,0,-1.0,0.0,1,0
226,1,84,1,84,0,14,0,70,70,72,0,0,0,70,main_0.75,main_0.75,,,main_0.10;main_0.13;main_0.14;main_0.15;main_0.16;main_0.17;main_0.18;main_0.19;main_0.20;main_0.21;main_0.22;main_0.23;main_0.24;main_0.25;main_0.26;main_0.27;main_0.28;main_0.29;main_0.30;main_0.31;main_0.32;main_0.33;main_0.34;main_0.35;main_0.36;main_0.37;main_0.38;main_0.39;main_0.40;main_0.41;main_0.42;main_0.43;main_0.44;main_0.45;main_0.46;main_0.47;main_0.48;main_0.49;main_0.50;main_0.51;main_0.52;main_0.53;main_0.54;main_0.55;main_0.56;main_0.57;main_0.58;main_0.59;main_0.6;main_0.60;main_0.61;main_0.62;main_0.63;main_0.64;main_0.65;main_0.66;main_0.67;main_0.68;main_0.69;main_0.70;main_0.71;main_0.72;main_0.73;main_0.74;main_0.75;ramp_0.3;ramp_0.4;ramp_0.5;ramp_0.6;ramp_0.7,,,0,-1.0,0.0,0,-1.0,0.0,0,-1.0,0.0,0,-1.0,0.0,1,32.66714196903583,0.15305899747028207,0,-1.0,0.0,0,-1.0,0.0,1,0
227,0,84,0,84,1,15,0,69,69,71,0,0,0,69,,,main_0.14,,main_0.10;main_0.13;main_0.15;main_0.16;main_0.17;main_0.18;main_0.19;main_0.20;main_0.21;main_0.22;main_0.23;main_0.24;main_0.25;main_0.26;main_0.27;main_0.28;main_0.29;main_0.30;main_0.31;main_0.32;main_0.33;main_0.34;main_0.35;main_0.36;main_0.37;main_0.38;main_0.39;main_0.40;main_0.41;main_0.42;main_0.43;main_0.44;main_0.45;main_0.46;main_0.47;main_0.48;main_0.49;main_0.50;main_0.51;main_0.52;main_0.53;main_0.54;main_0.55;main_0.56;main_0.57;main_0.58;main_0.59;main_0.6;main_0.60;main_0.61;main_0.62;main_0.63;main_0.64;main_0.65;main_0.66;main_0.67;main_0.68;main_0.69;main_0.70;main_0.71;main_0.72;main_0.73;main_0.74;main_0.75;ramp_0.3;ramp_0.4;ramp_0.5;ramp_0.6;ramp_0.7,,,0,-1.0,0.0,0,-1.0,0.0,0,-1.0,0.0,0,-1.0,0.0,0,-1.0,0.0,0,-1.0,0.0,0,-1.0,0.0,0,0
228,0,84,0,84,0,15,0,69,69,71,0,0,0,69,,,,,main_0.10;main_0.13;main_0.15;main_0.16;main_0.17;main_0.18;main_0.19;main_0.20;main_0.21;main_0.22;main_0.23;main_0.24;main_0.25;main_0.26;main_0.27;main_0.28;main_0.29;main_0.30;main_0.31;main_0.32;main_0.33;main_0.34;main_0.35;main_0.36;main_0.37;main_0.38;main_0.39;main_0.40;main_0.41;main_0.42;main_0.43;main_0.44;main_0.45;main_0.46;main_0.47;main_0.48;main_0.49;main_0.50;main_0.51;main_0.52;main_0.53;main_0.54;main_0.55;main_0.56;main_0.57;main_0.58;main_0.59;main_0.6;main_0.60;main_0.61;main_0.62;main_0.63;main_0.64;main_0.65;main_0.66;main_0.67;main_0.68;main_0.69;main_0.70;main_0.71;main_0.72;main_0.73;main_0.74;main_0.75;ramp_0.3;ramp_0.4;ramp_0.5;ramp_0.6;ramp_0.7,,,0,-1.0,0.0,0,-1.0,0.0,0,-1.0,0.0,0,-1.0,0.0,0,-1.0,0.0,0,-1.0,0.0,0,-1.0,0.0,0,0
229,1,85,1,85,0,15,0,70,70,72,0,0,0,70,main_0.76,main_0.76,,,main_0.10;main_0.13;main_0.15;main_0.16;main_0.17;main_0.18;main_0.19;main_0.20;main_0.21;main_0.22;main_0.23;main_0.24;main_0.25;main_0.26;main_0.27;main_0.28;main_0.29;main_0.30;main_0.31;main_0.32;main_0.33;main_0.34;main_0.35;main_0.36;main_0.37;main_0.38;main_0.39;main_0.40;main_0.41;main_0.42;main_0.43;main_0.44;main_0.45;main_0.46;main_0.47;main_0.48;main_0.49;main_0.50;main_0.51;main_0.52;main_0.53;main_0.54;main_0.55;main_0.56;main_0.57;main_0.58;main_0.59;main_0.6;main_0.60;main_0.61;main_0.62;main_0.63;main_0.64;main_0.65;main_0.66;main_0.67;main_0.68;main_0.69;main_0.70;main_0.71;main_0.72;main_0.73;main_0.74;main_0.75;main_0.76;ramp_0.3;ramp_0.4;ramp_0.5;ramp_0.6;ramp_0.7,,,1,32.82507323365949,0.07712732671100753,0,-1.0,0.0,0,-1.0,0.0,0,-1.0,0.0,0,-1.0,0.0,0,-1.0,0.0,0,-1.0,0.0,0,0
230,0,85,0,85,1,16,0,69,69,71,0,0,0,69,,,main_0.13,,main_0.10;main_0.15;main_0.16;main_0.17;main_0.18;main_0.19;main_0.20;main_0.21;main_0.22;main_0.23;main_0.24;main_0.25;main_0.26;main_0.27;main_0.28;main_0.29;main_0.30;main_0.31;main_0.32;main_0.33;main_0.34;main_0.35;main_0.36;main_0.37;main_0.38;main_0.39;main_0.40;main_0.41;main_0.42;main_0.43;main_0.44;main_0.45;main_0.46;main_0.47;main_0.48;main_0.49;main_0.50;main_0.51;main_0.52;main_0.53;main_0.54;main_0.55;main_0.56;main_0.57;main_0.58;main_0.59;main_0.6;main_0.60;main_0.61;main_0.62;main_0.63;main_0.64;main_0.65;main_0.66;main_0.67;main_0.68;main_0.69;main_0.70;main_0.71;main_0.72;main_0.73;main_0.74;main_0.75;main_0.76;ramp_0.3;ramp_0.4;ramp_0.5;ramp_0.6;ramp_0.7,,,1,-1.0,0.0,0,-1.0,0.0,0,-1.0,0.0,0,-1.0,0.0,1,32.104421596202634,0.010857049527317031,0,-1.0,0.0,0,-1.0,0.0,0,0
231,0,85,0,85,0,16,0,69,69,71,0,0,0,69,,,,,main_0.10;main_0.15;main_0.16;main_0.17;main_0.18;main_0.19;main_0.20;main_0.21;main_0.22;main_0.23;main_0.24;main_0.25;main_0.26;main_0.27;main_0.28;main_0.29;main_0.30;main_0.31;main_0.32;main_0.33;main_0.34;main_0.35;main_0.36;main_0.37;main_0.38;main_0.39;main_0.40;main_0.41;main_0.42;main_0.43;main_0.44;main_0.45;main_0.46;main_0.47;main_0.48;main_0.49;main_0.50;main_0.51;main_0.52;main_0.53;main_0.54;main_0.55;main_0.56;main_0.57;main_0.58;main_0.59;main_0.6;main_0.60;main_0.61;main_0.62;main_0.63;main_0.64;main_0.65;main_0.66;main_0.67;main_0.68;main_0.69;main_0.70;main_0.71;main_0.72;main_0.73;main_0.74;main_0.75;main_0.76;ramp_0.3;ramp_0.4;ramp_0.5;ramp_0.6;ramp_0.7,,,0,-1.0,0.0,1,32.69778502846609,0.15291555668517276,0,-1.0,0.0,0,-1.0,0.0,1,-1.0,0.0,0,-1.0,0.0,0,-1.0,0.0,0,0
232,1,86,1,86,0,16,0,70,70,72,0,0,0,70,main_0.77,main_0.77,,,main_0.10;main_0.15;main_0.16;main_0.17;main_0.18;main_0.19;main_0.20;main_0.21;main_0.22;main_0.23;main_0.24;main_0.25;main_0.26;main_0.27;main_0.28;main_0.29;main_0.30;main_0.31;main_0.32;main_0.33;main_0.34;main_0.35;main_0.36;main_0.37;main_0.38;main_0.39;main_0.40;main_0.41;main_0.42;main_0.43;main_0.44;main_0.45;main_0.46;main_0.47;main_0.48;main_0.49;main_0.50;main_0.51;main_0.52;main_0.53;main_0.54;main_0.55;main_0.56;main_0.57;main_0.58;main_0.59;main_0.6;main_0.60;main_0.61;main_0.62;main_0.63;main_0.64;main_0.65;main_0.66;main_0.67;main_0.68;main_0.69;main_0.70;main_0.71;main_0.72;main_0.73;main_0.74;main_0.75;main_0.76;main_0.77;ramp_0.3;ramp_0.4;ramp_0.5;ramp_0.6;ramp_0.7,,,0,-1.0,0.0,0,-1.0,0.0,0,-1.0,0.0,0,-1.0,0.0,0,-1.0,0.0,0,-1.0,0.0,0,-1.0,0.0,0,0
233,0,86,0,86,1,17,0,69,69,71,0,0,0,69,,,main_0.10,,main_0.15;main_0.16;main_0.17;main_0.18;main_0.19;main_0.20;main_0.21;main_0.22;main_0.23;main_0.24;main_0.25;main_0.26;main_0.27;main_0.28;main_0.29;main_0.30;main_0.31;main_0.32;main_0.33;main_0.34;main_0.35;main_0.36;main_0.37;main_0.38;main_0.39;main_0.40;main_0.41;main_0.42;main_0.43;main_0.44;main_0.45;main_0.46;main_0.47;main_0.48;main_0.49;main_0.50;main_0.51;main_0.52;main_0.53;main_0.54;main_0.55;main_0.56;main_0.57;main_0.58;main_0.59;main_0.6;main_0.60;main_0.61;main_0.62;main_0.63;main_0.64;main_0.65;main_0.66;main_0.67;main_0.68;main_0.69;main_0.70;main_0.71;main_0.72;main_0.73;main_0.74;main_0.75;main_0.76;main_0.77;ramp_0.3;ramp_0.4;ramp_0.5;ramp_0.6;ramp_0.7,,,0,-1.0,0.0,0,-1.0,0.0,1,27.894585372288923,0.17924625633500568,0,-1.0,0.0,0,-1.0,0.0,0,-1.0,0.0,0,-1.0,0.0,0,0
234,0,86,0,86,0,17,0,69,69,71,0,0,0,69,,,,,main_0.15;main_0.16;main_0.17;main_0.18;main_0.19;main_0.20;main_0.21;main_0.22;main_0.23;main_0.24;main_0.25;main_0.26;main_0.27;main_0.28;main_0.29;main_0.30;main_0.31;main_0.32;main_0.33;main_0.34;main_0.35;main_0.36;main_0.37;main_0.38;main_0.39;main_0.40;main_0.41;main_0.42;main_0.43;main_0.44;main_0.45;main_0.46;main_0.47;main_0.48;main_0.49;main_0.50;main_0.51;main_0.52;main_0.53;main_0.54;main_0.55;main_0.56;main_0.57;main_0.58;main_0.59;main_0.6;main_0.60;main_0.61;main_0.62;main_0.63;main_0.64;main_0.65;main_0.66;main_0.67;main_0.68;main_0.69;main_0.70;main_0.71;main_0.72;main_0.73;main_0.74;main_0.75;main_0.76;main_0.77;ramp_0.3;ramp_0.4;ramp_0.5;ramp_0.6;ramp_0.7,,,0,-1.0,0.0,0,-1.0,0.0,0,-1.0,0.0,0,-1.0,0.0,1,31.596178860307806,0.1582469836655207,0,-1.0,0.0,0,-1.0,0.0,0,0
235,1,87,1,87,0,17,0,70,70,72,0,0,0,70,main_0.78,main_0.78,,,main_0.15;main_0.16;main_0.17;main_0.18;main_0.19;main_0.20;main_0.21;main_0.22;main_0.23;main_0.24;main_0.25;main_0.26;main_0.27;main_0.28;main_0.29;main_0.30;main_0.31;main_0.32;main_0.33;main_0.34;main_0.35;main_0.36;main_0.37;main_0.38;main_0.39;main_0.40;main_0.41;main_0.42;main_0.43;main_0.44;main_0.45;main_0.46;main_0.47;main_0.48;main_0.49;main_0.50;main_0.51;main_0.52;main_0.53;main_0.54;main_0.55;main_0.56;main_0.57;main_0.58;main_0.59;main_0.6;main_0.60;main_0.61;main_0.62;main_0.63;main_0.64;main_0.65;main_0.66;main_0.67;main_0.68;main_0.69;main_0.70;main_0.71;main_0.72;main_0.73;main_0.74;main_0.75;main_0.76;main_0.77;main_0.78;ramp_0.3;ramp_0.4;ramp_0.5;ramp_0.6;ramp_0.7,,,0,-1.0,0.0,0,-1.0,0.0,0,-1.0,0.0,1,30.389116412270006,0.16453258897587375,0,-1.0,0.0,0,-1.0,0.0,0,-1.0,0.0,0,0
236,0,87,0,87,1,18,0,69,69,71,0,0,0,69,,,main_0.16,,main_0.15;main_0.17;main_0.18;main_0.19;main_0.20;main_0.21;main_0.22;main_0.23;main_0.24;main_0.25;main_0.26;main_0.27;main_0.28;main_0.29;main_0.30;main_0.31;main_0.32;main_0.33;main_0.34;main_0.35;main_0.36;main_0.37;main_0.38;main_0.39;main_0.40;main_0.41;main_0.42;main_0.43;main_0.44;main_0.45;main_0.46;main_0.47;main_0.48;main_0.49;main_0.50;main_0.51;main_0.52;main_0.53;main_0.54;main_0.55;main_0.56;main_0.57;main_0.58;main_0.59;main_0.6;main_0.60;main_0.61;main_0.62;main_0.63;main_0.64;main_0.65;main_0.66;main_0.67;main_0.68;main_0.69;main_0.70;main_0.71;main_0.72;main_0.73;main_0.74;main_0.75;main_0.76;main_0.77;main_0.78;ramp_0.3;ramp_0.4;ramp_0.5;ramp_0.6;ramp_0.7,,,0,-1.0,0.0,0,-1.0,0.0,0,-1.0,0.0,0,-1.0,0.0,0,-1.0,0.0,0,-1.0,0.0,0,-1.0,0.0,0,0
237,0,87,0,87,0,18,0,69,69,71,0,0,0,69,,,,,main_0.15;main_0.17;main_0.18;main_0.19;main_0.20;main_0.21;main_0.22;main_0.23;main_0.24;main_0.25;main_0.26;main_0.27;main_0.28;main_0.29;main_0.30;main_0.31;main_0.32;main_0.33;main_0.34;main_0.35;main_0.36;main_0.37;main_0.38;main_0.39;main_0.40;main_0.41;main_0.42;main_0.43;main_0.44;main_0.45;main_0.46;main_0.47;main_0.48;main_0.49;main_0.50;main_0.51;main_0.52;main_0.53;main_0.54;main_0.55;main_0.56;main_0.57;main_0.58;main_0.59;main_0.6;main_0.60;main_0.61;main_0.62;main_0.63;main_0.64;main_0.65;main_0.66;main_0.67;main_0.68;main_0.69;main_0.70;main_0.71;main_0.72;main_0.73;main_0.74;main_0.75;main_0.76;main_0.77;main_0.78;ramp_0.3;ramp_0.4;ramp_0.5;ramp_0.6;ramp_0.7,,,0,-1.0,0.0,1,32.61276189985798,0.15331421531709566,0,-1.0,0.0,0,-1.0,0.0,0,-1.0,0.0,0,-1.0,0.0,0,-1.0,0.0,0,0
238,1,88,1,88,0,18,0,70,70,72,0,0,0,70,main_0.79,main_0.79,,,main_0.15;main_0.17;main_0.18;main_0.19;main_0.20;main_0.21;main_0.22;main_0.23;main_0.24;main_0.25;main_0.26;main_0.27;main_0.28;main_0.29;main_0.30;main_0.31;main_0.32;main_0.33;main_0.34;main_0.35;main_0.36;main_0.37;main_0.38;main_0.39;main_0.40;main_0.41;main_0.42;main_0.43;main_0.44;main_0.45;main_0.46;main_0.47;main_0.48;main_0.49;main_0.50;main_0.51;main_0.52;main_0.53;main_0.54;main_0.55;main_0.56;main_0.57;main_0.58;main_0.59;main_0.6;main_0.60;main_0.61;main_0.62;main_0.63;main_0.64;main_0.65;main_0.66;main_0.67;main_0.68;main_0.69;main_0.70;main_0.71;main_0.72;main_0.73;main_0.74;main_0.75;main_0.76;main_0.77;main_0.78;main_0.79;ramp_0.3;ramp_0.4;ramp_0.5;ramp_0.6;ramp_0.7,,,1,33.14413460427291,0.12811274965150687,0,-1.0,0.0,0,-1.0,0.0,0,-1.0,0.0,0,-1.0,0.0,1,33.194467681535876,0.15062750961905635,0,-1.0,0.0,0,0
239,0,88,0,88,0,18,0,70,70,72,0,0,0,70,,,,,main_0.15;main_0.17;main_0.18;main_0.19;main_0.20;main_0.21;main_0.22;main_0.23;main_0.24;main_0.25;main_0.26;main_0.27;main_0.28;main_0.29;main_0.30;main_0.31;main_0.32;main_0.33;main_0.34;main_0.35;main_0.36;main_0.37;main_0.38;main_0.39;main_0.40;main_0.41;main_0.42;main_0.43;main_0.44;main_0.45;main_0.46;main_0.47;main_0.48;main_0.49;main_0.50;main_0.51;main_0.52;main_0.53;main_0.54;main_0.55;main_0.56;main_0.57;main_0.58;main_0.59;main_0.6;main_0.60;main_0.61;main_0.62;main_0.63;main_0.64;main_0.65;main_0.66;main_0.67;main_0.68;main_0.69;main_0.70;main_0.71;main_0.72;main_0.73;main_0.74;main_0.75;main_0.76;main_0.77;main_0.78;main_0.79;ramp_0.3;ramp_0.4;ramp_0.5;ramp_0.6;ramp_0.7,,,1,-1.0,0.0,0,-1.0,0.0,1,30.513596646166835,0.16386137819083046,0,-1.0,0.0,0,-1.0,0.0,0,-1.0,0.0,0,-1.0,0.0,0,0
240,0,88,0,88,1,19,0,69,69,71,0,0,0,69,,,main_0.18,,main_0.15;main_0.17;main_0.19;main_0.20;main_0.21;main_0.22;main_0.23;main_0.24;main_0.25;main_0.26;main_0.27;main_0.28;main_0.29;main_0.30;main_0.31;main_0.32;main_0.33;main_0.34;main_0.35;main_0.36;main_0.37;main_0.38;main_0.39;main_0.40;main_0.41;main_0.42;main_0.43;main_0.44;main_0.45;main_0.46;main_0.47;main_0.48;main_0.49;main_0.50;main_0.51;main_0.52;main_0.53;main_0.54;main_0.55;main_0.56;main_0.57;main_0.58;main_0.59;main_0.6;main_0.60;main_0.61;main_0.62;main_0.63;main_0.64;main_0.65;main_0.66;main_0.67;main_0.68;main_0.69;main_0.70;main_0.71;main_0.72;main_0.73;main_0.74;main_0.75;main_0.76;main_0.77;main_0.78;main_0.79;ramp_0.3;ramp_0.4;ramp_0.5;ramp_0.6;ramp_0.7,,,0,-1.0,0.0,0,-1.0,0.0,0,-1.0,0.0,0,-1.0,0.0,0,-1.0,0.0,1,29.772580881985593,0.16793975704757713,0,-1.0,0.0,0,0
241,2,90,2,90,0,19,0,71,71,73,0,0,0,71,main_0.80;ramp_0.8,main_0.80;ramp_0.8,,,main_0.15;main_0.17;main_0.19;main_0.20;main_0.21;main_0.22;main_0.23;main_0.24;main_0.25;main_0.26;main_0.27;main_0.28;main_0.29;main_0.30;main_0.31;main_0.32;main_0.33;main_0.34;main_0.35;main_0.36;main_0.37;main_0.38;main_0.39;main_0.40;main_0.41;main_0.42;main_0.43;main_0.44;main_0.45;main_0.46;main_0.47;main_0.48;main_0.49;main_0.50;main_0.51;main_0.52;main_0.53;main_0.54;main_0.55;main_0.56;main_0.57;main_0.58;main_0.59;main_0.6;main_0.60;main_0.61;main_0.62;main_0.63;main_0.64;main_0.65;main_0.66;main_0.67;main_0.68;main_0.69;main_0.70;main_0.71;main_0.72;main_0.73;main_0.74;main_0.75;main_0.76;main_0.77;main_0.78;main_0.79;main_0.80;ramp_0.3;ramp_0.4;ramp_0.5;ramp_0.6;ramp_0.7;ramp_0.8,,,0,-1.0,0.0,0,-1.0,0.0,0,-1.0,0.0,0,-1.0,0.0,0,-1.0,0.0,1,21.77252779909719,0.2296471978879424,0,-1.0,0.0,1,0
242,0,90,0,90,0,19,0,71,71,73,0,0,0,71,,,,,main_0.15;main_0.17;main_0.19;main_0.20;main_0.21;main_0.22;main_0.23;main_0.24;main_0.25;main_0.26;main_0.27;main_0.28;main_0.29;main_0.30;main_0.31;main_0.32;main_0.33;main_0.34;main_0.35;main_0.36;main_0.37;main_0.38;main_0.39;main_0.40;main_0.41;main_0.42;main_0.43;main_0.44;main_0.45;main_0.46;main_0.47;main_0.48;main_0.49;main_0.50;main_0.51;main_0.52;main_0.53;main_0.54;main_0.55;main_0.56;main_0.57;main_0.58;main_0.59;main_0.6;main_0.60;main_0.61;main_0.62;main_0.63;main_0.64;main_0.65;main_0.66;main_0.67;main_0.68;main_0.69;main_0.70;main_0.71;main_0.72;main_0.73;main_0.74;main_0.75;main_0.76;main_0.77;main_0.78;main_0.79;main_0.80;ramp_0.3;ramp_0.4;ramp_0.5;ramp_0.6;ramp_0.7;ramp_0.8,,,1,32.0297187549641,0.1561050235330299,1,32.61492658072197,0.15330403972012618,0,-1.0,0.0,0,-1.0,0.0,0,-1.0,0.0,0,-1.0,0.0,0,-1.0,0.0,1,0
243,0,90,0,90,0,19,0,71,71,73,0,0,0,71,,,,,main_0.15;main_0.17;main_0.19;main_0.20;main_0.21;main_0.22;main_0.23;main_0.24;main_0.25;main_0.26;main_0.27;main_0.28;main_0.29;main_0.30;main_0.31;main_0.32;main_0.33;main_0.34;main_0.35;main_0.36;main_0.37;main_0.38;main_0.39;main_0.40;main_0.41;main_0.42;main_0.43;main_0.44;main_0.45;main_0.46;main_0.47;main_0.48;main_0.49;main_0.50;main_0.51;main_0.52;main_0.53;main_0.54;main_0.55;main_0.56;main_0.57;main_0.58;main_0.59;main_0.6;main_0.60;main_0.61;main_0.62;main_0.63;main_0.64;main_0.65;main_0.66;main_0.67;main_0.68;main_0.69;main_0.70;main_0.71;main_0.72;main_0.73;main_0.74;main_0.75;main_0.76;main_0.77;main_0.78;main_0.79;main_0.80;ramp_0.3;ramp_0.4;ramp_0.5;ramp_0.6;ramp_0.7;ramp_0.8,,,0,-1.0,0.0,0,-1.0,0.0,0,-1.0,0.0,0,-1.0,0.0,0,-1.0,0.0,0,-1.0,0.0,1,20.402951113783292,0.24506258786368562,1,0
244,1,91,1,91,0,19,0,72,72,74,0,0,0,72,main_0.81,main_0.81,,,main_0.15;main_0.17;main_0.19;main_0.20;main_0.21;main_0.22;main_0.23;main_0.24;main_0.25;main_0.26;main_0.27;main_0.28;main_0.29;main_0.30;main_0.31;main_0.32;main_0.33;main_0.34;main_0.35;main_0.36;main_0.37;main_0.38;main_0.39;main_0.40;main_0.41;main_0.42;main_0.43;main_0.44;main_0.45;main_0.46;main_0.47;main_0.48;main_0.49;main_0.50;main_0.51;main_0.52;main_0.53;main_0.54;main_0.55;main_0.56;main_0.57;main_0.58;main_0.59;main_0.6;main_0.60;main_0.61;main_0.62;main_0.63;main_0.64;main_0.65;main_0.66;main_0.67;main_0.68;main_0.69;main_0.70;main_0.71;main_0.72;main_0.73;main_0.74;main_0.75;main_0.76;main_0.77;main_0.78;main_0.79;main_0.80;main_0.81;ramp_0.3;ramp_0.4;ramp_0.5;ramp_0.6;ramp_0.7;ramp_0.8,,,0,-1.0,0.0,0,-1.0,0.0,0,-1.0,0.0,0,-1.0,0.0,0,-1.0,0.0,0,-1.0,0.0,0,-1.0,0.0,1,0
245,0,91,0,91,0,19,0,72,72,74,0,0,0,72,,,,,main_0.15;main_0.17;main_0.19;main_0.20;main_0.21;main_0.22;main_0.23;main_0.24;main_0.25;main_0.26;main_0.27;main_0.28;main_0.29;main_0.30;main_0.31;main_0.32;main_0.33;main_0.34;main_0.35;main_0.36;main_0.37;main_0.38;main_0.39;main_0.40;main_0.41;main_0.42;main_0.43;main_0.44;main_0.45;main_0.46;main_0.47;main_0.48;main_0.49;main_0.50;main_0.51;main_0.52;main_0.53;main_0.54;main_0.55;main_0.56;main_0.57;main_0.58;main_0.59;main_0.6;main_0.60;main_0.61;main_0.62;main_0.63;main_0.64;main_0.65;main_0.66;main_0.67;main_0.68;main_0.69;main_0.70;main_0.71;main_0.72;main_0.73;main_0.74;main_0.75;main_0.76;main_0.77;main_0.78;main_0.79;main_0.80;main_0.81;ramp_0.3;ramp_0.4;ramp_0.5;ramp_0.6;ramp_0.7;ramp_0.8,,,0,-1.0,0.0,0,-1.0,0.0,0,-1.0,0.0,0,-1.0,0.0,0,-1.0,0.0,0,-1.0,0.0,0,-1.0,0.0,1,0
246,0,91,0,91,1,20,0,71,71,73,0,0,0,71,,,main_0.20,,main_0.15;main_0.17;main_0.19;main_0.21;main_0.22;main_0.23;main_0.24;main_0.25;main_0.26;main_0.27;main_0.28;main_0.29;main_0.30;main_0.31;main_0.32;main_0.33;main_0.34;main_0.35;main_0.36;main_0.37;main_0.38;main_0.39;main_0.40;main_0.41;main_0.42;main_0.43;main_0.44;main_0.45;main_0.46;main_0.47;main_0.48;main_0.49;main_0.50;main_0.51;main_0.52;main_0.53;main_0.54;main_0.55;main_0.56;main_0.57;main_0.58;main_0.59;main_0.6;main_0.60;main_0.61;main_0.62;main_0.63;main_0.64;main_0.65;main_0.66;main_0.67;main_0.68;main_0.69;main_0.70;main_0.71;main_0.72;main_0.73;main_0.74;main_0.75;main_0.76;main_0.77;main_0.78;main_0.79;main_0.80;main_0.81;ramp_0.3;ramp_0.4;ramp_0.5;ramp_0.6;ramp_0.7;ramp_0.8,,,0,-1.0,0.0,0,-1.0,0.0,0,-1.0,0.0,0,-1.0,0.0,0,-1.0,0.0,1,26.72292033633644,0.18710529901184714,0,-1.0,0.0,1,0
247,1,92,1,92,0,20,0,72,72,74,0,0,0,72,main_0.82,main_0.82,,,main_0.15;main_0.17;main_0.19;main_0.21;main_0.22;main_0.23;main_0.24;main_0.25;main_0.26;main_0.27;main_0.28;main_0.29;main_0.30;main_0.31;main_0.32;main_0.33;main_0.34;main_0.35;main_0.36;main_0.37;main_0.38;main_0.39;main_0.40;main_0.41;main_0.42;main_0.43;main_0.44;main_0.45;main_0.46;main_0.47;main_0.48;main_0.49;main_0.50;main_0.51;main_0.52;main_0.53;main_0.54;main_0.55;main_0.56;main_0.57;main_0.58;main_0.59;main_0.6;main_0.60;main_0.61;main_0.62;main_0.63;main_0.64;main_0.65;main_0.66;main_0.67;main_0.68;main_0.69;main_0.70;main_0.71;main_0.72;main_0.73;main_0.74;main_0.75;main_0.76;main_0.77;main_0.78;main_0.79;main_0.80;main_0.81;main_0.82;ramp_0.3;ramp_0.4;ramp_0.5;ramp_0.6;ramp_0.7;ramp_0.8,,,0,-1.0,0.0,0,-1.0,0.0,1,31.781286939774986,0.14650842983115808,0,-1.0,0.0,0,-1.0,0.0,0,-1.0,0.0,0,-1.0,0.0,1,0
248,0,92,0,92,0,20,0,72,72,74,0,0,0,72,,,,,main_0.15;main_0.17;main_0.19;main_0.21;main_0.22;main_0.23;main_0.24;main_0.25;main_0.26;main_0.27;main_0.28;main_0.29;main_0.30;main_0.31;main_0.32;main_0.33;main_0.34;main_0.35;main_0.36;main_0.37;main_0.38;main_0.39;main_0.40;main_0.41;main_0.42;main_0.43;main_0.44;main_0.45;main_0.46;main_0.47;main_0.48;main_0.49;main_0.50;main_0.51;main_0.52;main_0.53;main_0.54;main_0.55;main_0.56;main_0.57;main_0.58;main_0.59;main_0.6;main_0.60;main_0.61;main_0.62;main_0.63;main_0.64;main_0.65;main_0.66;main_0.67;main_0.68;main_0.69;main_0.70;main_0.71;main_0.72;main_0.73;main_0.74;main_0.75;main_0.76;main_0.77;main_0.78;main_0.79;main_0.80;main_0.81;main_0.82;ramp_0.3;ramp_0.4;ramp_0.5;ramp_0.6;ramp_0.7;ramp_0.8,,,1,32.1266992719969,0.1556337909994454,0,-1.0,0.0,1,-1.0,0.0,0,-1.0,0.0,1,33.16011612591814,0.1507835491592857,0,-1.0,0.0,0,-1.0,0.0,1,0
249,0,92,0,92,0,20,0,72,72,74,0,0,0,72,,,,,main_0.15;main_0.17;main_0.19;main_0.21;main_0.22;main_0.23;main_0.24;main_0.25;main_0.26;main_0.27;main_0.28;main_0.29;main_0.30;main_0.31;main_0.32;main_0.33;main_0.34;main_0.35;main_0.36;main_0.37;main_0.38;main_0.39;main_0.40;main_0.41;main_0.42;main_0.43;main_0.44;main_0.45;main_0.46;main_0.47;main_0.48;main_0.49;main_0.50;main_0.51;main_0.52;main_0.53;main_0.54;main_0.55;main_0.56;main_0.57;main_0.58;main_0.59;main_0.6;main_0.60;main_0.61;main_0.62;main_0.63;main_0.64;main_0.65;main_0.66;main_0.67;main_0.68;main_0.69;main_0.70;main_0.71;main_0.72;main_0.73;main_0.74;main_0.75;main_0.76;main_0.77;main_0.78;main_0.79;main_0.80;main_0.81;main_0.82;ramp_0.3;ramp_0.4;ramp_0.5;ramp_0.6;ramp_0.7;ramp_0.8,,,0,-1.0,0.0,0,-1.0,0.0,0,-1.0,0.0,0,-1.0,0.0,0,-1.0,0.0,0,-1.0,0.0,0,-1.0,0.0,1,0
250,1,93,1,93,0,20,0,73,73,75,0,0,0,73,main_0.83,main_0.83,,,main_0.15;main_0.17;main_0.19;main_0.21;main_0.22;main_0.23;main_0.24;main_0.25;main_0.26;main_0.27;main_0.28;main_0.29;main_0.30;main_0.31;main_0.32;main_0.33;main_0.34;main_0.35;main_0.36;main_0.37;main_0.38;main_0.39;main_0.40;main_0.41;main_0.42;main_0.43;main_0.44;main_0.45;main_0.46;main_0.47;main_0.48;main_0.49;main_0.50;main_0.51;main_0.52;main_0.53;main_0.54;main_0.55;main_0.56;main_0.57;main_0.58;main_0.59;main_0.6;main_0.60;main_0.61;main_0.62;main_0.63;main_0.64;main_0.65;main_0.66;main_0.67;main_0.68;main_0.69;main_0.70;main_0.71;main_0.72;main_0.73;main_0.74;main_0.75;main_0.76;main_0.77;main_0.78;main_0.79;main_0.80;main_0.81;main_0.82;main_0.83;ramp_0.3;ramp_0.4;ramp_0.5;ramp_0.6;ramp_0.7;ramp_0.8,,,0,-1.0,0.0,0,-1.0,0.0,0,-1.0,0.0,0,-1.0,0.0,0,-1.0,0.0,0,-1.0,0.0,0,-1.0,0.0,1,0
251,0,93,0,93,1,21,0,72,72,74,0,0,0,72,,,main_0.17,,main_0.15;main_0.19;main_0.21;main_0.22;main_0.23;main_0.24;main_0.25;main_0.26;main_0.27;main_0.28;main_0.29;main_0.30;main_0.31;main_0.32;main_0.33;main_0.34;main_0.35;main_0.36;main_0.37;main_0.38;main_0.39;main_0.40;main_0.41;main_0.42;main_0.43;main_0.44;main_0.45;main_0.46;main_0.47;main_0.48;main_0.49;main_0.50;main_0.51;main_0.52;main_0.53;main_0.54;main_0.55;main_0.56;main_0.57;main_0.58;main_0.59;main_0.6;main_0.60;main_0.61;main_0.62;main_0.63;main_0.64;main_0.65;main_0.66;main_0.67;main_0.68;main_0.69;main_0.70;main_0.71;main_0.72;main_0.73;main_0.74;main_0.75;main_0.76;main_0.77;main_0.78;main_0.79;main_0.80;main_0.81;main_0.82;main_0.83;ramp_0.3;ramp_0.4;ramp_0.5;ramp_0.6;ramp_0.7;ramp_0.8,,,0,-1.0,0.0,1,33.03977424075489,0.15133275317094785,1,31.540746079130805,0.1585251023376486,0,-1.0,0.0,0,-1.0,0.0,0,-1.0,0.0,0,-1.0,0.0,1,0
252,0,93,0,93,0,21,0,72,72,74,0,0,0,72,,,,,main_0.15;main_0.19;main_0.21;main_0.22;main_0.23;main_0.24;main_0.25;main_0.26;main_0.27;main_0.28;main_0.29;main_0.30;main_0.31;main_0.32;main_0.33;main_0.34;main_0.35;main_0.36;main_0.37;main_0.38;main_0.39;main_0.40;main_0.41;main_0.42;main_0.43;main_0.44;main_0.45;main_0.46;main_0.47;main_0.48;main_0.49;main_0.50;main_0.51;main_0.52;main_0.53;main_0.54;main_0.55;main_0.56;main_0.57;main_0.58;main_0.59;main_0.6;main_0.60;main_0.61;main_0.62;main_0.63;main_0.64;main_0.65;main_0.66;main_0.67;main_0.68;main_0.69;main_0.70;main_0.71;main_0.72;main_0.73;main_0.74;main_0.75;main_0.76;main_0.77;main_0.78;main_0.79;main_0.80;main_0.81;main_0.82;main_0.83;ramp_0.3;ramp_0.4;ramp_0.5;ramp_0.6;ramp_0.7;ramp_0.8,,,0,-1.0,0.0,0,-1.0,0.0,0,-1.0,0.0,1,28.954686326108764,0.17268361824702083,1,30.649416051485787,0.16313524510877642,0,-1.0,0.0,0,-1.0,0.0,1,0
253,1,94,1,94,0,21,0,73,73,75,0,0,0,73,main_0.84,main_0.84,,,main_0.15;main_0.19;main_0.21;main_0.22;main_0.23;main_0.24;main_0.25;main_0.26;main_0.27;main_0.28;main_0.29;main_0.30;main_0.31;main_0.32;main_0.33;main_0.34;main_0.35;main_0.36;main_0.37;main_0.38;main_0.39;main_0.40;main_0.41;main_0.42;main_0.43;main_0.44;main_0.45;main_0.46;main_0.47;main_0.48;main_0.49;main_0.50;main_0.51;main_0.52;main_0.53;main_0.54;main_0.55;main_0.56;main_0.57;main_0.58;main_0.59;main_0.6;main_0.60;main_0.61;main_0.62;main_0.63;main_0.64;main_0.65;main_0.66;main_0.67;main_0.68;main_0.69;main_0.70;main_0.71;main_0.72;main_0.73;main_0.74;main_0.75;main_0.76;main_0.77;main_0.78;main_0.79;main_0.80;main_0.81;main_0.82;main_0.83;main_0.84;ramp_0.3;ramp_0.4;ramp_0.5;ramp_0.6;ramp_0.7;ramp_0.8,,,0,-1.0,0.0,0,-1.0,0.0,0,-1.0,0.0,0,-1.0,0.0,0,-1.0,0.0,0,-1.0,0.0,0,-1.0,0.0,1,0
254,0,94,0,94,1,22,0,72,72,74,0,0,0,72,,,main_0.22,,main_0.15;main_0.19;main_0.21;main_0.23;main_0.24;main_0.25;main_0.26;main_0.27;main_0.28;main_0.29;main_0.30;main_0.31;main_0.32;main_0.33;main_0.34;main_0.35;main_0.36;main_0.37;main_0.38;main_0.39;main_0.40;main_0.41;main_0.42;main_0.43;main_0.44;main_0.45;main_0.46;main_0.47;main_0.48;main_0.49;main_0.50;main_0.51;main_0.52;main_0.53;main_0.54;main_0.55;main_0.56;main_0.57;main_0.58;main_0.59;main_0.6;main_0.60;main_0.61;main_0.62;main_0.63;main_0.64;main_0.65;main_0.66;main_0.67;main_0.68;main_0.69;main_0.70;main_0.71;main_0.72;main_0.73;main_0.74;main_0.75;main_0.76;main_0.77;main_0.78;main_0.79;main_0.80;main_0.81;main_0.82;main_0.83;main_0.84;ramp_0.3;ramp_0.4;ramp_0.5;ramp_0.6;ramp_0.7;ramp_0.8,,,0,-1.0,0.0,0,-1.0,0.0,0,-1.0,0.0,0,-1.0,0.0,0,-1.0,0.0,0,-1.0,0.0,0,-1.0,0.0,1,0
255,0,94,0,94,1,23,0,71,71,73,0,0,0,71,,,main_0.6,,main_0.15;main_0.19;main_0.21;main_0.23;main_0.24;main_0.25;main_0.26;main_0.27;main_0.28;main_0.29;main_0.30;main_0.31;main_0.32;main_0.33;main_0.34;main_0.35;main_0.36;main_0.37;main_0.38;main_0.39;main_0.40;main_0.41;main_0.42;main_0.43;main_0.44;main_0.45;main_0.46;main_0.47;main_0.48;main_0.49;main_0.50;main_0.51;main_0.52;main_0.53;main_0.54;main_0.55;main_0.56;main_0.57;main_0.58;main_0.59;main_0.60;main_0.61;main_0.62;main_0.63;main_0.64;main_0.65;main_0.66;main_0.67;main_0.68;main_0.69;main_0.70;main_0.71;main_0.72;main_0.73;main_0.74;main_0.75;main_0.76;main_0.77;main_0.78;main_0.79;main_0.80;main_0.81;main_0.82;main_0.83;main_0.84;ramp_0.3;ramp_0.4;ramp_0.5;ramp_0.6;ramp_0.7;ramp_0.8,,,0,-1.0,0.0,1,32.30600383546595,0.15476999338775954,0,-1.0,0.0,0,-1.0,0.0,1,27.270702881723285,0.18334694274972207,0,-1.0,0.0,0,-1.0,0.0,1,0
256,1,95,1,95,0,23,0,72,72,74,0,0,0,72,main_0.85,main_0.85,,,main_0.15;main_0.19;main_0.21;main_0.23;main_0.24;main_0.25;main_0.26;main_0.27;main_0.28;main_0.29;main_0.30;main_0.31;main_0.32;main_0.33;main_0.34;main_0.35;main_0.36;main_0.37;main_0.38;main_0.39;main_0.40;main_0.41;main_0.42;main_0.43;main_0.44;main_0.45;main_0.46;main_0.47;main_0.48;main_0.49;main_0.50;main_0.51;main_0.52;main_0.53;main_0.54;main_0.55;main_0.56;main_0.57;main_0.58;main_0.59;main_0.60;main_0.61;main_0.62;main_0.63;main_0.64;main_0.65;main_0.66;main_0.67;main_0.68;main_0.69;main_0.70;main_0.71;main_0.72;main_0.73;main_0.74;main_0.75;main_0.76;main_0.77;main_0.78;main_0.79;main_0.80;main_0.81;main_0.82;main_0.83;main_0.84;main_0.85;ramp_0.3;ramp_0.4;ramp_0.5;ramp_0.6;ramp_0.7;ramp_0.8,,,1,33.21630099232599,0.13679823630130272,0,-1.0,0.0,1,32.11129300220632,0.155708460561101,1,30.390404807512507,0.13727844631839048,0,-1.0,0.0,0,-1.0,0.0,0,-1.0,0.0,0,0
257,0,95,0,95,0,23,0,72,72,74,0,0,0,72,,,,,main_0.15;main_0.19;main_0.21;main_0.23;main_0.24;main_0.25;main_0.26;main_0.27;main_0.28;main_0.29;main_0.30;main_0.31;main_0.32;main_0.33;main_0.34;main_0.35;main_0.36;main_0.37;main_0.38;main_0.39;main_0.40;main_0.41;main_0.42;main_0.43;main_0.44;main_0.45;main_0.46;main_0.47;main_0.48;main_0.49;main_0.50;main_0.51;main_0.52;main_0.53;main_0.54;main_0.55;main_0.56;main_0.57;main_0.58;main_0.59;main_0.60;main_0.61;main_0.62;main_0.63;main_0.64;main_0.65;main_0.66;main_0.67;main_0.68;main_0.69;main_0.70;main_0.71;main_0.72;main_0.73;main_0.74;main_0.75;main_0.76;main_0.77;main_0.78;main_0.79;main_0.80;main_0.81;main_0.82;main_0.83;main_0.84;main_0.85;ramp_0.3;ramp_0.4;ramp_0.5;ramp_0.6;ramp_0.7;ramp_0.8,,,1,-1.0,0.0,0,-1.0,0.0,0,-1.0,0.0,1,-1.0,0.0,0,-1.0,0.0,1,30.441556755434007,0.16424915585525923,0,-1.0,0.0,0,0
258,0,95,0,95,1,24,0,71,71,73,0,0,0,71,,,main_0.24,,main_0.15;main_0.19;main_0.21;main_0.23;main_0.25;main_0.26;main_0.27;main_0.28;main_0.29;main_0.30;main_0.31;main_0.32;main_0.33;main_0.34;main_0.35;main_0.36;main_0.37;main_0.38;main_0.39;main_0.40;main_0.41;main_0.42;main_0.43;main_0.44;main_0.45;main_0.46;main_0.47;main_0.48;main_0.49;main_0.50;main_0.51;main_0.52;main_0.53;main_0.54;main_0.55;main_0.56;main_0.57;main_0.58;main_0.59;main_0.60;main_0.61;main_0.62;main_0.63;main_0.64;main_0.65;main_0.66;main_0.67;main_0.68;main_0.69;main_0.70;main_0.71;main_0.72;main_0.73;main_0.74;main_0.75;main_0.76;main_0.77;main_0.78;main_0.79;main_0.80;main_0.81;main_0.82;main_0.83;main_0.84;main_0.85;ramp_0.3;ramp_0.4;ramp_0.5;ramp_0.6;ramp_0.7;ramp_0.8,,,0,-1.0,0.0,0,-1.0,0.0,0,-1.0,0.0,0,-1.0,0.0,0,-1.0,0.0,0,-1.0,0.0,0,-1.0,0.0,0,0
259,1,96,1,96,0,24,0,72,72,74,0,0,0,72,main_0.86,main_0.86,,,main_0.15;main_0.19;main_0.21;main_0.23;main_0.25;main_0.26;main_0.27;main_0.28;main_0.29;main_0.30;main_0.31;main_0.32;main_0.33;main_0.34;main_0.35;main_0.36;main_0.37;main_0.38;main_0.39;main_0.40;main_0.41;main_0.42;main_0.43;main_0.44;main_0.45;main_0.46;main_0.47;main_0.48;main_0.49;main_0.50;main_0.51;main_0.52;main_0.53;main_0.54;main_0.55;main_0.56;main_0.57;main_0.58;main_0.59;main_0.60;main_0.61;main_0.62;main_0.63;main_0.64;main_0.65;main_0.66;main_0.67;main_0.68;main_0.69;main_0.70;main_0.71;main_0.72;main_0.73;main_0.74;main_0.75;main_0.76;main_0.77;main_0.78;main_0.79;main_0.80;main_0.81;main_0.82;main_0.83;main_0.84;main_0.85;main_0.86;ramp_0.3;ramp_0.4;ramp_0.5;ramp_0.6;ramp_0.7;ramp_0.8,,,0,-1.0,0.0,0,-1.0,0.0,0,-1.0,0.0,0,-1.0,0.0,0,-1.0,0.0,0,-1.0,0.0,0,-1.0,0.0,0,0
260,0,96,0,96,1,25,0,71,71,73,0,0,0,71,,,main_0.21,,main_0.15;main_0.19;main_0.23;main_0.25;main_0.26;main_0.27;main_0.28;main_0.29;main_0.30;main_0.31;main_0.32;main_0.33;main_0.34;main_0.35;main_0.36;main_0.37;main_0.38;main_0.39;main_0.40;main_0.41;main_0.42;main_0.43;main_0.44;main_0.45;main_0.46;main_0.47;main_0.48;main_0.49;main_0.50;main_0.51;main_0.52;main_0.53;main_0.54;main_0.55;main_0.56;main_0.57;main_0.58;main_0.59;main_0.60;main_0.61;main_0.62;main_0.63;main_0.64;main_0.65;main_0.66;main_0.67;main_0.68;main_0.69;main_0.70;main_0.71;main_0.72;main_0.73;main_0.74;main_0.75;main_0.76;main_0.77;main_0.78;main_0.79;main_0.80;main_0.81;main_0.82;main_0.83;main_0.84;main_0.85;main_0.86;ramp_0.3;ramp_0.4;ramp_0.5;ramp_0.6;ramp_0.7;ramp_0.8,,,1,32.069141024161375,0.1559131252138286,1,32.58684190303588,0.15343616343301392,0,-1.0,0.0,0,-1.0,0.0,0,-1.0,0.0,0,-1.0,0.0,0,-1.0,0.0,0,0
261,0,96,0,96,0,25,0,71,71,73,0,0,0,71,,,,,main_0.15;main_0.19;main_0.23;main_0.25;main_0.26;main_0.27;main_0.28;main_0.29;main_0.30;main_0.31;main_0.32;main_0.33;main_0.34;main_0.35;main_0.36;main_0.37;main_0.38;main_0.39;main_0.40;main_0.41;main_0.42;main_0.43;main_0.44;main_0.45;main_0.46;main_0.47;main_0.48;main_0.49;main_0.50;main_0.51;main_0.52;main_0.53;main_0.54;main_0.55;main_0.56;main_0.57;main_0.58;main_0.59;main_0.60;main_0.61;main_0.62;main_0.63;main_0.64;main_0.65;main_0.66;main_0.67;main_0.68;main_0.69;main_0.70;main_0.71;main_0.72;main_0.73;main_0.74;main_0.75;main_0.76;main_0.77;main_0.78;main_0.79;main_0.80;main_0.81;main_0.82;main_0.83;main_0.84;main_0.85;main_0.86;ramp_0.3;ramp_0.4;ramp_0.5;ramp_0.6;ramp_0.7;ramp_0.8,,,0,-1.0,0.0,0,-1.0,0.0,0,-1.0,0.0,0,-1.0,0.0,0,-1.0,0.0,0,-1.0,0.0,0,-1.0,0.0,0,0
262,1,97,1,97,1,26,0,71,71,73,0,0,0,71,main_0.87,main_0.87,main_0.25,,main_0.15;main_0.19;main_0.23;main_0.26;main_0.27;main_0.28;main_0.29;main_0.30;main_0.31;main_0.32;main_0.33;main_0.34;main_0.35;main_0.36;main_0.37;main_0.38;main_0.39;main_0.40;main_0.41;main_0.42;main_0.43;main_0.44;main_0.45;main_0.46;main_0.47;main_0.48;main_0.49;main_0.50;main_0.51;main_0.52;main_0.53;main_0.54;main_0.55;main_0.56;main_0.57;main_0.58;main_0.59;main_0.60;main_0.61;main_0.62;main_0.63;main_0.64;main_0.65;main_0.66;main_0.67;main_0.68;main_0.69;main_0.70;main_0.71;main_0.72;main_0.73;main_0.74;main_0.75;main_0.76;main_0.77;main_0.78;main_0.79;main_0.80;main_0.81;main_0.82;main_0.83;main_0.84;main_0.85;main_0.86;main_0.87;ramp_0.3;ramp_0.4;ramp_0.5;ramp_0.6;ramp_0.7;ramp_0.8,,,0,-1.0,0.0,0,-1.0,0.0,0,-1.0,0.0,0,-1.0,0.0,0,-1.0,0.0,0,-1.0,0.0,0,-1.0,0.0,0,0
263,0,97,0,97,0,26,0,71,71,73,0,0,0,71,,,,,main_0.15;main_0.19;main_0.23;main_0.26;main_0.27;main_0.28;main_0.29;main_0.30;main_0.31;main_0.32;main_0.33;main_0.34;main_0.35;main_0.36;main_0.37;main_0.38;main_0.39;main_0.40;main_0.41;main_0.42;main_0.43;main_0.44;main_0.45;main_0.46;main_0.47;main_0.48;main_0.49;main_0.50;main_0.51;main_0.52;main_0.53;main_0.54;main_0.55;main_0.56;main_0.57;main_0.58;main_0.59;main_0.60;main_0.61;main_0.62;main_0.63;main_0.64;main_0.65;main_0.66;main_0.67;main_0.68;main_0.69;main_0.70;main_0.71;main_0.72;main_0.73;main_0.74;main_0.75;main_0.76;main_0.77;main_0.78;main_0.79;main_0.80;main_0.81;main_0.82;main_0.83;main_0.84;main_0.85;main_0.86;main_0.87;ramp_0.3;ramp_0.4;ramp_0.5;ramp_0.6;ramp_0.7;ramp_0.8,,,0,-1.0,0.0,0,-1.0,0.0,0,-1.0,0.0,0,-1.0,0.0,1,29.056787997948614,0.009033597926304537,0,-1.0,0.0,0,-1.0,0.0,0,0
264,0,97,0,97,1,27,0,70,70,72,0,0,0,70,,,main_0.23,,main_0.15;main_0.19;main_0.26;main_0.27;main_0.28;main_0.29;main_0.30;main_0.31;main_0.32;main_0.33;main_0.34;main_0.35;main_0.36;main_0.37;main_0.38;main_0.39;main_0.40;main_0.41;main_0.42;main_0.43;main_0.44;main_0.45;main_0.46;main_0.47;main_0.48;main_0.49;main_0.50;main_0.51;main_0.52;main_0.53;main_0.54;main_0.55;main_0.56;main_0.57;main_0.58;main_0.59;main_0.60;main_0.61;main_0.62;main_0.63;main_0.64;main_0.65;main_0.66;main_0.67;main_0.68;main_0.69;main_0.70;main_0.71;main_0.72;main_0.73;main_0.74;main_0.75;main_0.76;main_0.77;main_0.78;main_0.79;main_0.80;main_0.81;main_0.82;main_0.83;main_0.84;main_0.85;main_0.86;main_0.87;ramp_0.3;ramp_0.4;ramp_0.5;ramp_0.6;ramp_0.7;ramp_0.8,,,0,-1.0,0.0,0,-1.0,0.0,0,-1.0,0.0,0,-1.0,0.0,1,-1.0,0.0,0,-1.0,0.0,0,-1.0,0.0,0,0
265,1,98,1,98,0,27,0,71,71,73,0,0,0,71,main_0.88,main_0.88,,,main_0.15;main_0.19;main_0.26;main_0.27;main_0.28;main_0.29;main_0.30;main_0.31;main_0.32;main_0.33;main_0.34;main_0.35;main_0.36;main_0.37;main_0.38;main_0.39;main_0.40;main_0.41;main_0.42;main_0.43;main_0.44;main_0.45;main_0.46;main_0.47;main_0.48;main_0.49;main_0.50;main_0.51;main_0.52;main_0.53;main_0.54;main_0.55;main_0.56;main_0.57;main_0.58;main_0.59;main_0.60;main_0.61;main_0.62;main_0.63;main_0.64;main_0.65;main_0.66;main_0.67;main_0.68;main_0.69;main_0.70;main_0.71;main_0.72;main_0.73;main_0.74;main_0.75;main_0.76;main_0.77;main_0.78;main_0.79;main_0.80;main_0.81;main_0.82;main_0.83;main_0.84;main_0.85;main_0.86;main_0.87;main_0.88;ramp_0.3;ramp_0.4;ramp_0.5;ramp_0.6;ramp_0.7;ramp_0.8,,,1,32.869486803514654,0.0997285671610939,0,-1.0,0.0,0,-1.0,0.0,0,-1.0,0.0,0,-1.0,0.0,0,-1.0,0.0,0,-1.0,0.0,0,0
266,0,98,0,98,1,28,0,70,70,72,0,0,0,70,,,main_0.26,,main_0.15;main_0.19;main_0.27;main_0.28;main_0.29;main_0.30;main_0.31;main_0.32;main_0.33;main_0.34;main_0.35;main_0.36;main_0.37;main_0.38;main_0.39;main_0.40;main_0.41;main_0.42;main_0.43;main_0.44;main_0.45;main_0.46;main_0.47;main_0.48;main_0.49;main_0.50;main_0.51;main_0.52;main_0.53;main_0.54;main_0.55;main_0.56;main_0.57;main_0.58;main_0.59;main_0.60;main_0.61;main_0.62;main_0.63;main_0.64;main_0.65;main_0.66;main_0.67;main_0.68;main_0.69;main_0.70;main_0.71;main_0.72;main_0.73;main_0.74;main_0.75;main_0.76;main_0.77;main_0.78;main_0.79;main_0.80;main_0.81;main_0.82;main_0.83;main_0.84;main_0.85;main_0.86;main_0.87;main_0.88;ramp_0.3;ramp_0.4;ramp_0.5;ramp_0.6;ramp_0.7;ramp_0.8,,,1,-1.0,0.0,0,-1.0,0.0,0,-1.0,0.0,0,-1.0,0.0,0,-1.0,0.0,0,-1.0,0.0,0,-1.0,0.0,0,0
267,0,98,0,98,0,28,0,70,70,72,0,0,0,70,,,,,main_0.15;main_0.19;main_0.27;main_0.28;main_0.29;main_0.30;main_0.31;main_0.32;main_0.33;main_0.34;main_0.35;main_0.36;main_0.37;main_0.38;main_0.39;main_0.40;main_0.41;main_0.42;main_0.43;main_0.44;main_0.45;main_0.46;main_0.47;main_0.48;main_0.49;main_0.50;main_0.51;main_0.52;main_0.53;main_0.54;main_0.55;main_0.56;main_0.57;main_0.58;main_0.59;main_0.60;main_0.61;main_0.62;main_0.63;main_0.64;main_0.65;main_0.66;main_0.67;main_0.68;main_0.69;main_0.70;main_0.71;main_0.72;main_0.73;main_0.74;main_0.75;main_0.76;main_0.77;main_0.78;main_0.79;main_0.80;main_0.81;main_0.82;main_0.83;main_0.84;main_0.85;main_0.86;main_0.87;main_0.88;ramp_0.3;ramp_0.4;ramp_0.5;ramp_0.6;ramp_0.7;ramp_0.8,,,0,-1.0,0.0,0,-1.0,0.0,1,32.76366591789406,0.1526080754372856,1,29.29733436619223,0.17066399070660054,0,-1.0,0.0,0,-1.0,0.0,0,-1.0,0.0,0,0
268,1,99,1,99,0,28,0,71,71,73,0,0,0,71,main_0.89,main_0.89,,,main_0.15;main_0.19;main_0.27;main_0.28;main_0.29;main_0.30;main_0.31;main_0.32;main_0.33;main_0.34;main_0.35;main_0.36;main_0.37;main_0.38;main_0.39;main_0.40;main_0.41;main_0.42;main_0.43;main_0.44;main_0.45;main_0.46;main_0.47;main_0.48;main_0.49;main_0.50;main_0.51;main_0.52;main_0.53;main_0.54;main_0.55;main_0.56;main_0.57;main_0.58;main_0.59;main_0.60;main_0.61;main_0.62;main_0.63;main_0.64;main_0.65;main_0.66;main_0.67;main_0.68;main_0.69;main_0.70;main_0.71;main_0.72;main_0.73;main_0.74;main_0.75;main_0.76;main_0.77;main_0.78;main_0.79;main_0.80;main_0.81;main_0.82;main_0.83;main_0.84;main_0.85;main_0.86;main_0.87;main_0.88;main_0.89;ramp_0.3;ramp_0.4;ramp_0.5;ramp_0.6;ramp_0.7;ramp_0.8,,,0,-1.0,0.0,0,-1.0,0.0,0,-1.0,0.0,0,-1.0,0.0,0,-1.0,0.0,0,-1.0,0.0,0,-1.0,0.0,0,0
269,0,99,0,99,2,30,0,69,69,71,0,0,0,69,,,main_0.19;main_0.27,,main_0.15;main_0.28;main_0.29;main_0.30;main_0.31;main_0.32;main_0.33;main_0.34;main_0.35;main_0.36;main_0.37;main_0.38;main_0.39;main_0.40;main_0.41;main_0.42;main_0.43;main_0.44;main_0.45;main_0.46;main_0.47;main_0.48;main_0.49;main_0.50;main_0.51;main_0.52;main_0.53;main_0.54;main_0.55;main_0.56;main_0.57;main_0.58;main_0.59;main_0.60;main_0.61;main_0.62;main_0.63;main_0.64;main_0.65;main_0.66;main_0.67;main_0.68;main_0.69;main_0.70;main_0.71;main_0.72;main_0.73;main_0.74;main_0.75;main_0.76;main_0.77;main_0.78;main_0.79;main_0.80;main_0.81;main_0.82;main_0.83;main_0.84;main_0.85;main_0.86;main_0.87;main_0.88;main_0.89;ramp_0.3;ramp_0.4;ramp_0.5;ramp_0.6;ramp_0.7;ramp_0.8,,,1,31.945132865268388,0.15651836607122505,0,-1.0,0.0,0,-1.0,0.0,0,-1.0,0.0,0,-1.0,0.0,0,-1.0,0.0,0,-1.0,0.0,0,0
270,0,99,0,99,0,30,0,69,69,71,0,0,0,69,,,,,main_0.15;main_0.28;main_0.29;main_0.30;main_0.31;main_0.32;main_0.33;main_0.34;main_0.35;main_0.36;main_0.37;main_0.38;main_0.39;main_0.40;main_0.41;main_0.42;main_0.43;main_0.44;main_0.45;main_0.46;main_0.47;main_0.48;main_0.49;main_0.50;main_0.51;main_0.52;main_0.53;main_0.54;main_0.55;main_0.56;main_0.57;main_0.58;main_0.59;main_0.60;main_0.61;main_0.62;main_0.63;main_0.64;main_0.65;main_0.66;main_0.67;main_0.68;main_0.69;main_0.70;main_0.71;main_0.72;main_0.73;main_0.74;main_0.75;main_0.76;main_0.77;main_0.78;main_0.79;main_0.80;main_0.81;main_0.82;main_0.83;main_0.84;main_0.85;main_0.86;main_0.87;main_0.88;main_0.89;ramp_0.3;ramp_0.4;ramp_0.5;ramp_0.6;ramp_0.7;ramp_0.8,,,0,-1.0,0.0,0,-1.0,0.0,0,-1.0,0.0,1,29.434927746846373,0.09620244347070184,0,-1.0,0.0,0,-1.0,0.0,0,-1.0,0.0,0,0
271,2,101,2,101,0,30,0,71,71,73,0,0,0,71,main_0.90;ramp_0.9,main_0.90;ramp_0.9,,,main_0.15;main_0.28;main_0.29;main_0.30;main_0.31;main_0.32;main_0.33;main_0.34;main_0.35;main_0.36;main_0.37;main_0.38;main_0.39;main_0.40;main_0.41;main_0.42;main_0.43;main_0.44;main_0.45;main_0.46;main_0.47;main_0.48;main_0.49;main_0.50;main_0.51;main_0.52;main_0.53;main_0.54;main_0.55;main_0.56;main_0.57;main_0.58;main_0.59;main_0.60;main_0.61;main_0.62;main_0.63;main_0.64;main_0.65;main_0.66;main_0.67;main_0.68;main_0.69;main_0.70;main_0.71;main_0.72;main_0.73;main_0.74;main_0.75;main_0.76;main_0.77;main_0.78;main_0.79;main_0.80;main_0.81;main_0.82;main_0.83;main_0.84;main_0.85;main_0.86;main_0.87;main_0.88;main_0.89;main_0.90;ramp_0.3;ramp_0.4;ramp_0.5;ramp_0.6;ramp_0.7;ramp_0.8;ramp_0.9,,,0,-1.0,0.0,0,-1.0,0.0,0,-1.0,0.0,1,-1.0,0.0,0,-1.0,0.0,0,-1.0,0.0,0,-1.0,0.0,1,0
272,0,101,0,101,0,30,0,71,71,73,0,0,0,71,,,,,main_0.15;main_0.28;main_0.29;main_0.30;main_0.31;main_0.32;main_0.33;main_0.34;main_0.35;main_0.36;main_0.37;main_0.38;main_0.39;main_0.40;main_0.41;main_0.42;main_0.43;main_0.44;main_0.45;main_0.46;main_0.47;main_0.48;main_0.49;main_0.50;main_0.51;main_0.52;main_0.53;main_0.54;main_0.55;main_0.56;main_0.57;main_0.58;main_0.59;main_0.60;main_0.61;main_0.62;main_0.63;main_0.64;main_0.65;main_0.66;main_0.67;main_0.68;main_0.69;main_0.70;main_0.71;main_0.72;main_0.73;main_0.74;main_0.75;main_0.76;main_0.77;main_0.78;main_0.79;main_0.80;main_0.81;main_0.82;main_0.83;main_0.84;main_0.85;main_0.86;main_0.87;main_0.88;main_0.89;main_0.90;ramp_0.3;ramp_0.4;ramp_0.5;ramp_0.6;ramp_0.7;ramp_0.8;ramp_0.9,,,1,31.585910172242947,0.15829843030434176,0,-1.0,0.0,0,-1.0,0.0,0,-1.0,0.0,1,29.73966324335676,0.1681256428186657,0,-1.0,0.0,0,-1.0,0.0,1,0
273,0,101,0,101,1,31,0,70,70,72,0,0,0,70,,,main_0.28,,main_0.15;main_0.29;main_0.30;main_0.31;main_0.32;main_0.33;main_0.34;main_0.35;main_0.36;main_0.37;main_0.38;main_0.39;main_0.40;main_0.41;main_0.42;main_0.43;main_0.44;main_0.45;main_0.46;main_0.47;main_0.48;main_0.49;main_0.50;main_0.51;main_0.52;main_0.53;main_0.54;main_0.55;main_0.56;main_0.57;main_0.58;main_0.59;main_0.60;main_0.61;main_0.62;main_0.63;main_0.64;main_0.65;main_0.66;main_0.67;main_0.68;main_0.69;main_0.70;main_0.71;main_0.72;main_0.73;main_0.74;main_0.75;main_0.76;main_0.77;main_0.78;main_0.79;main_0.80;main_0.81;main_0.82;main_0.83;main_0.84;main_0.85;main_0.86;main_0.87;main_0.88;main_0.89;main_0.90;ramp_0.3;ramp_0.4;ramp_0.5;ramp_0.6;ramp_0.7;ramp_0.8;ramp_0.9,,,0,-1.0,0.0,1,32.82692806039861,0.15231397804876678,0,-1.0,0.0,0,-1.0,0.0,0,-1.0,0.0,0,-1.0,0.0,1,21.215449516372317,0.2356773065845914,1,0
274,1,102,1,102,0,31,0,71,71,73,0,0,0,71,main_0.91,main_0.91,,,main_0.15;main_0.29;main_0.30;main_0.31;main_0.32;main_0.33;main_0.34;main_0.35;main_0.36;main_0.37;main_0.38;main_0.39;main_0.40;main_0.41;main_0.42;main_0.43;main_0.44;main_0.45;main_0.46;main_0.47;main_0.48;main_0.49;main_0.50;main_0.51;main_0.52;main_0.53;main_0.54;main_0.55;main_0.56;main_0.57;main_0.58;main_0.59;main_0.60;main_0.61;main_0.62;main_0.63;main_0.64;main_0.65;main_0.66;main_0.67;main_0.68;main_0.69;main_0.70;main_0.71;main_0.72;main_0.73;main_0.74;main_0.75;main_0.76;main_0.77;main_0.78;main_0.79;main_0.80;main_0.81;main_0.82;main_0.83;main_0.84;main_0.85;main_0.86;main_0.87;main_0.88;main_0.89;main_0.90;main_0.91;ramp_0.3;ramp_0.4;ramp_0.5;ramp_0.6;ramp_0.7;ramp_0.8;ramp_0.9,,,0,-1.0,0.0,0,-1.0,0.0,0,-1.0,0.0,0,-1.0,0.0,0,-1.0,0.0,1,29.695987214959796,0.1683729173172992,0,-1.0,0.0,1,0
275,0,102,0,102,0,31,0,71,71,73,0,0,0,71,,,,,main_0.15;main_0.29;main_0.30;main_0.31;main_0.32;main_0.33;main_0.34;main_0.35;main_0.36;main_0.37;main_0.38;main_0.39;main_0.40;main_0.41;main_0.42;main_0.43;main_0.44;main_0.45;main_0.46;main_0.47;main_0.48;main_0.49;main_0.50;main_0.51;main_0.52;main_0.53;main_0.54;main_0.55;main_0.56;main_0.57;main_0.58;main_0.59;main_0.60;main_0.61;main_0.62;main_0.63;main_0.64;main_0.65;main_0.66;main_0.67;main_0.68;main_0.69;main_0.70;main_0.71;main_0.72;main_0.73;main_0.74;main_0.75;main_0.76;main_0.77;main_0.78;main_0.79;main_0.80;main_0.81;main_0.82;main_0.83;main_0.84;main_0.85;main_0.86;main_0.87;main_0.88;main_0.89;main_0.90;main_0.91;ramp_0.3;ramp_0.4;ramp_0.5;ramp_0.6;ramp_0.7;ramp_0.8;ramp_0.9,,,0,-1.0,0.0,0,-1.0,0.0,0,-1.0,0.0,0,-1.0,0.0,0,-1.0,0.0,0,-1.0,0.0,0,-1.0,0.0,1,0
276,0,102,0,102,0,31,0,71,71,73,0,0,0,71,,,,,main_0.15;main_0.29;main_0.30;main_0.31;main_0.32;main_0.33;main_0.34;main_0.35;main_0.36;main_0.37;main_0.38;main_0.39;main_0.40;main_0.41;main_0.42;main_0.43;main_0.44;main_0.45;main_0.46;main_0.47;main_0.48;main_0.49;main_0.50;main_0.51;main_0.52;main_0.53;main_0.54;main_0.55;main_0.56;main_0.57;main_0.58;main_0.59;main_0.60;main_0.61;main_0.62;main_0.63;main_0.64;main_0.65;main_0.66;main_0.67;main_0.68;main_0.69;main_0.70;main_0.71;main_0.72;main_0.73;main_0.74;main_0.75;main_0.76;main_0.77;main_0.78;main_0.79;main_0.80;main_0.81;main_0.82;main_0.83;main_0.84;main_0.85;main_0.86;main_0.87;main_0.88;main_0.89;main_0.90;main_0.91;ramp_0.3;ramp_0.4;ramp_0.5;ramp_0.6;ramp_0.7;ramp_0.8;ramp_0.9,,,0,-1.0,0.0,0,-1.0,0.0,0,-1.0,0.0,0,-1.0,0.0,0,-1.0,0.0,0,-1.0,0.0,0,-1.0,0.0,1,0
277,1,103,1,103,1,32,0,71,71,73,0,0,0,71,main_0.92,main_0.92,main_0.30,,main_0.15;main_0.29;main_0.31;main_0.32;main_0.33;main_0.34;main_0.35;main_0.36;main_0.37;main_0.38;main_0.39;main_0.40;main_0.41;main_0.42;main_0.43;main_0.44;main_0.45;main_0.46;main_0.47;main_0.48;main_0.49;main_0.50;main_0.51;main_0.52;main_0.53;main_0.54;main_0.55;main_0.56;main_0.57;main_0.58;main_0.59;main_0.60;main_0.61;main_0.62;main_0.63;main_0.64;main_0.65;main_0.66;main_0.67;main_0.68;main_0.69;main_0.70;main_0.71;main_0.72;main_0.73;main_0.74;main_0.75;main_0.76;main_0.77;main_0.78;main_0.79;main_0.80;main_0.81;main_0.82;main_0.83;main_0.84;main_0.85;main_0.86;main_0.87;main_0.88;main_0.89;main_0.90;main_0.91;main_0.92;ramp_0.3;ramp_0.4;ramp_0.5;ramp_0.6;ramp_0.7;ramp_0.8;ramp_0.9,,,0,-1.0,0.0,0,-1.0,0.0,0,-1.0,0.0,1,30.05501083490021,0.07872173043830344,0,-1.0,0.0,0,-1.0,0.0,0,-1.0,0.0,1,0
278,0,103,0,103,0,32,0,71,71,73,0,0,0,71,,,,,main_0.15;main_0.29;main_0.31;main_0.32;main_0.33;main_0.34;main_0.35;main_0.36;main_0.37;main_0.38;main_0.39;main_0.40;main_0.41;main_0.42;main_0.43;main_0.44;main_0.45;main_0.46;main_0.47;main_0.48;main_0.49;main_0.50;main_0.51;main_0.52;main_0.53;main_0.54;main_0.55;main_0.56;main_0.57;main_0.58;main_0.59;main_0.60;main_0.61;main_0.62;main_0.63;main_0.64;main_0.65;main_0.66;main_0.67;main_0.68;main_0.69;main_0.70;main_0.71;main_0.72;main_0.73;main_0.74;main_0.75;main_0.76;main_0.77;main_0.78;main_0.79;main_0.80;main_0.81;main_0.82;main_0.83;main_0.84;main_0.85;main_0.86;main_0.87;main_0.88;main_0.89;main_0.90;main_0.91;main_0.92;ramp_0.3;ramp_0.4;ramp_0.5;ramp_0.6;ramp_0.7;ramp_0.8;ramp_0.9,,,0,-1.0,0.0,0,-1.0,0.0,0,-1.0,0.0,1,-1.0,0.0,0,-1.0,0.0,1,29.92092784274547,0.16710711734202732,0,-1.0,0.0,1,0
279,0,103,0,103,0,32,0,71,71,73,0,0,0,71,,,,,main_0.15;main_0.29;main_0.31;main_0.32;main_0.33;main_0.34;main_0.35;main_0.36;main_0.37;main_0.38;main_0.39;main_0.40;main_0.41;main_0.42;main_0.43;main_0.44;main_0.45;main_0.46;main_0.47;main_0.48;main_0.49;main_0.50;main_0.51;main_0.52;main_0.53;main_0.54;main_0.55;main_0.56;main_0.57;main_0.58;main_0.59;main_0.60;main_0.61;main_0.62;main_0.63;main_0.64;main_0.65;main_0.66;main_0.67;main_0.68;main_0.69;main_0.70;main_0.71;main_0.72;main_0.73;main_0.74;main_0.75;main_0.76;main_0.77;main_0.78;main_0.79;main_0.80;main_0.81;main_0.82;main_0.83;main_0.84;main_0.85;main_0.86;main_0.87;main_0.88;main_0.89;main_0.90;main_0.91;main_0.92;ramp_0.3;ramp_0.4;ramp_0.5;ramp_0.6;ramp_0.7;ramp_0.8;ramp_0.9,,,0,-1.0,0.0,0,-1.0,0.0,0,-1.0,0.0,0,-1.0,0.0,0,-1.0,0.0,0,-1.0,0.0,0,-1.0,0.0,1,0
280,1,104,1,104,1,33,0,71,71,73,0,0,0,71,main_0.93,main_0.93,main_0.31,,main_0.15;main_0.29;main_0.32;main_0.33;main_0.34;main_0.35;main_0.36;main_0.37;main_0.38;main_0.39;main_0.40;main_0.41;main_0.42;main_0.43;main_0.44;main_0.45;main_0.46;main_0.47;main_0.48;main_0.49;main_0.50;main_0.51;main_0.52;main_0.53;main_0.54;main_0.55;main_0.56;main_0.57;main_0.58;main_0.59;main_0.60;main_0.61;main_0.62;main_0.63;main_0.64;main_0.65;main_0.66;main_0.67;main_0.68;main_0.69;main_0.70;main_0.71;main_0.72;main_0.73;main_0.74;main_0.75;main_0.76;main_0.77;main_0.78;main_0.79;main_0.80;main_0.81;main_0.82;main_0.83;main_0.84;main_0.85;main_0.86;main_0.87;main_0.88;main_0.89;main_0.90;main_0.91;main_0.92;main_0.93;ramp_0.3;ramp_0.4;ramp_0.5;ramp_0.6;ramp_0.7;ramp_0.8;ramp_0.9,,,0,-1.0,0.0,0,-1.0,0.0,0,-1.0,0.0,0,-1.0,0.0,0,-1.0,0.0,0,-1.0,0.0,0,-1.0,0.0,1,0
281,0,104,0,104,0,33,0,71,71,73,0,0,0,71,,,,,main_0.15;main_0.29;main_0.32;main_0.33;main_0.34;main_0.35;main_0.36;main_0.37;main_0.38;main_0.39;main_0.40;main_0.41;main_0.42;main_0.43;main_0.44;main_0.45;main_0.46;main_0.47;main_0.48;main_0.49;main_0.50;main_0.51;main_0.52;main_0.53;main_0.54;main_0.55;main_0.56;main_0.57;main_0.58;main_0.59;main_0.60;main_0.61;main_0.62;main_0.63;main_0.64;main_0.65;main_0.66;main_0.67;main_0.68;main_0.69;main_0.70;main_0.71;main_0.72;main_0.73;main_0.74;main_0.75;main_0.76;main_0.77;main_0.78;main_0.79;main_0.80;main_0.81;main_0.82;main_0.83;main_0.84;main_0.85;main_0.86;main_0.87;main_0.88;main_0.89;main_0.90;main_0.91;main_0.92;main_0.93;ramp_0.3;ramp_0.4;ramp_0.5;ramp_0.6;ramp_0.7;ramp_0.8;ramp_0.9,,,1,32.040091040038476,0.15605448791490062,0,-1.0,0.0,1,33.041681325118525,0.151324018617629,0,-1.0,0.0,0,-1.0,0.0,0,-1.0,0.0,0,-1.0,0.0,1,0
282,0,104,0,104,0,33,0,71,71,73,0,0,0,71,,,,,main_0.15;main_0.29;main_0.32;main_0.33;main_0.34;main_0.35;main_0.36;main_0.37;main_0.38;main_0.39;main_0.40;main_0.41;main_0.42;main_0.43;main_0.44;main_0.45;main_0.46;main_0.47;main_0.48;main_0.49;main_0.50;main_0.51;main_0.52;main_0.53;main_0.54;main_0.55;main_0.56;main_0.57;main_0.58;main_0.59;main_0.60;main_0.61;main_0.62;main_0.63;main_0.64;main_0.65;main_0.66;main_0.67;main_0.68;main_0.69;main_0.70;main_0.71;main_0.72;main_0.73;main_0.74;main_0.75;main_0.76;main_0.77;main_0.78;main_0.79;main_0.80;main_0.81;main_0.82;main_0.83;main_0.84;main_0.85;main_0.86;main_0.87;main_0.88;main_0.89;main_0.90;main_0.91;main_0.92;main_0.93;ramp_0.3;ramp_0.4;ramp_0.5;ramp_0.6;ramp_0.7;ramp_0.8;ramp_0.9,,,0,-1.0,0.0,0,-1.0,0.0,0,-1.0,0.0,0,-1.0,0.0,0,-1.0,0.0,0,-1.0,0.0,0,-1.0,0.0,1,0
283,1,105,1,105,1,34,0,71,71,73,0,0,0,71,main_0.94,main_0.94,main_0.32,,main_0.15;main_0.29;main_0.33;main_0.34;main_0.35;main_0.36;main_0.37;main_0.38;main_0.39;main_0.40;main_0.41;main_0.42;main_0.43;main_0.44;main_0.45;main_0.46;main_0.47;main_0.48;main_0.49;main_0.50;main_0.51;main_0.52;main_0.53;main_0.54;main_0.55;main_0.56;main_0.57;main_0.58;main_0.59;main_0.60;main_0.61;main_0.62;main_0.63;main_0.64;main_0.65;main_0.66;main_0.67;main_0.68;main_0.69;main_0.70;main_0.71;main_0.72;main_0.73;main_0.74;main_0.75;main_0.76;main_0.77;main_0.78;main_0.79;main_0.80;main_0.81;main_0.82;main_0.83;main_0.84;main_0.85;main_0.86;main_0.87;main_0.88;main_0.89;main_0.90;main_0.91;main_0.92;main_0.93;main_0.94;ramp_0.3;ramp_0.4;ramp_0.5;ramp_0.6;ramp_0.7;ramp_0.8;ramp_0.9,,,0,-1.0,0.0,1,32.341334825761194,0.15460091634861328,0,-1.0,0.0,1,31.42094130409565,0.1591295420340657,1,30.654084380120597,0.1631104011458433,0,-1.0,0.0,0,-1.0,0.0,1,0
284,0,105,0,105,0,34,0,71,71,73,0,0,0,71,,,,,main_0.15;main_0.29;main_0.33;main_0.34;main_0.35;main_0.36;main_0.37;main_0.38;main_0.39;main_0.40;main_0.41;main_0.42;main_0.43;main_0.44;main_0.45;main_0.46;main_0.47;main_0.48;main_0.49;main_0.50;main_0.51;main_0.52;main_0.53;main_0.54;main_0.55;main_0.56;main_0.57;main_0.58;main_0.59;main_0.60;main_0.61;main_0.62;main_0.63;main_0.64;main_0.65;main_0.66;main_0.67;main_0.68;main_0.69;main_0.70;main_0.71;main_0.72;main_0.73;main_0.74;main_0.75;main_0.76;main_0.77;main_0.78;main_0.79;main_0.80;main_0.81;main_0.82;main_0.83;main_0.84;main_0.85;main_0.86;main_0.87;main_0.88;main_0.89;main_0.90;main_0.91;main_0.92;main_0.93;main_0.94;ramp_0.3;ramp_0.4;ramp_0.5;ramp_0.6;ramp_0.7;ramp_0.8;ramp_0.9,,,0,-1.0,0.0,0,-1.0,0.0,0,-1.0,0.0,0,-1.0,0.0,0,-1.0,0.0,0,-1.0,0.0,0,-1.0,0.0,1,0
285,0,105,0,105,0,34,0,71,71,73,0,0,0,71,,,,,main_0.15;main_0.29;main_0.33;main_0.34;main_0.35;main_0.36;main_0.37;main_0.38;main_0.39;main_0.40;main_0.41;main_0.42;main_0.43;main_0.44;main_0.45;main_0.46;main_0.47;main_0.48;main_0.49;main_0.50;main_0.51;main_0.52;main_0.53;main_0.54;main_0.55;main_0.56;main_0.57;main_0.58;main_0.59;main_0.60;main_0.61;main_0.62;main_0.63;main_0.64;main_0.65;main_0.66;main_0.67;main_0.68;main_0.69;main_0.70;main_0.71;main_0.72;main_0.73;main_0.74;main_0.75;main_0.76;main_0.77;main_0.78;main_0.79;main_0.80;main_0.81;main_0.82;main_0.83;main_0.84;main_0.85;main_0.86;main_0.87;main_0.88;main_0.89;main_0.90;main_0.91;main_0.92;main_0.93;main_0.94;ramp_0.3;ramp_0.4;ramp_0.5;ramp_0.6;ramp_0.7;ramp_0.8;ramp_0.9,,,0,-1.0,0.0,0,-1.0,0.0,0,-1.0,0.0,0,-1.0,0.0,0,-1.0,0.0,0,-1.0,0.0,0,-1.0,0.0,1,0
286,1,106,1,106,0,34,0,72,72,74,0,0,0,72,main_0.95,main_0.95,,,main_0.15;main_0.29;main_0.33;main_0.34;main_0.35;main_0.36;main_0.37;main_0.38;main_0.39;main_0.40;main_0.41;main_0.42;main_0.43;main_0.44;main_0.45;main_0.46;main_0.47;main_0.48;main_0.49;main_0.50;main_0.51;main_0.52;main_0.53;main_0.54;main_0.55;main_0.56;main_0.57;main_0.58;main_0.59;main_0.60;main_0.61;main_0.62;main_0.63;main_0.64;main_0.65;main_0.66;main_0.67;main_0.68;main_0.69;main_0.70;main_0.71;main_0.72;main_0.73;main_0.74;main_0.75;main_0.76;main_0.77;main_0.78;main_0.79;main_0.80;main_0.81;main_0.82;main_0.83;main_0.84;main_0.85;main_0.86;main_0.87;main_0.88;main_0.89;main_0.90;main_0.91;main_0.92;main_0.93;main_0.94;main_0.95;ramp_0.3;ramp_0.4;ramp_0.5;ramp_0.6;ramp_0.7;ramp_0.8;ramp_0.9,,,0,-1.0,0.0,0,-1.0,0.0,1,32.51803431470314,0.15376083165455157,0,-1.0,0.0,1,29.161770779970844,0.17145735208350743,0,-1.0,0.0,0,-1.0,0.0,0,0
287,0,106,0,106,0,34,0,72,72,74,0,0,0,72,,,,,main_0.15;main_0.29;main_0.33;main_0.34;main_0.35;main_0.36;main_0.37;main_0.38;main_0.39;main_0.40;main_0.41;main_0.42;main_0.43;main_0.44;main_0.45;main_0.46;main_0.47;main_0.48;main_0.49;main_0.50;main_0.51;main_0.52;main_0.53;main_0.54;main_0.55;main_0.56;main_0.57;main_0.58;main_0.59;main_0.60;main_0.61;main_0.62;main_0.63;main_0.64;main_0.65;main_0.66;main_0.67;main_0.68;main_0.69;main_0.70;main_0.71;main_0.72;main_0.73;main_0.74;main_0.75;main_0.76;main_0.77;main_0.78;main_0.79;main_0.80;main_0.81;main_0.82;main_0.83;main_0.84;main_0.85;main_0.86;main_0.87;main_0.88;main_0.89;main_0.90;main_0.91;main_0.92;main_0.93;main_0.94;main_0.95;ramp_0.3;ramp_0.4;ramp_0.5;ramp_0.6;ramp_0.7;ramp_0.8;ramp_0.9,,,0,-1.0,0.0,0,-1.0,0.0,0,-1.0,0.0,0,-1.0,0.0,0,-1.0,0.0,0,-1.0,0.0,0,-1.0,0.0,0,0
288,0,106,0,106,0,34,0,72,72,74,0,0,0,72,,,,,main_0.15;main_0.29;main_0.33;main_0.34;main_0.35;main_0.36;main_0.37;main_0.38;main_0.39;main_0.40;main_0.41;main_0.42;main_0.43;main_0.44;main_0.45;main_0.46;main_0.47;main_0.48;main_0.49;main_0.50;main_0.51;main_0.52;main_0.53;main_0.54;main_0.55;main_0.56;main_0.57;main_0.58;main_0.59;main_0.60;main_0.61;main_0.62;main_0.63;main_0.64;main_0.65;main_0.66;main_0.67;main_0.68;main_0.69;main_0.70;main_0.71;main_0.72;main_0.73;main_0.74;main_0.75;main_0.76;main_0.77;main_0.78;main_0.79;main_0.80;main_0.81;main_0.82;main_0.83;main_0.84;main_0.85;main_0.86;main_0.87;main_0.88;main_0.89;main_0.90;main_0.91;main_0.92;main_0.93;main_0.94;main_0.95;ramp_0.3;ramp_0.4;ramp_0.5;ramp_0.6;ramp_0.7;ramp_0.8;ramp_0.9,,,0,-1.0,0.0,0,-1.0,0.0,0,-1.0,0.0,0,-1.0,0.0,0,-1.0,0.0,0,-1.0,0.0,0,-1.0,0.0,0,0
289,1,107,1,107,0,34,0,73,73,75,0,0,0,73,main_0.96,main_0.96,,,main_0.15;main_0.29;main_0.33;main_0.34;main_0.35;main_0.36;main_0.37;main_0.38;main_0.39;main_0.40;main_0.41;main_0.42;main_0.43;main_0.44;main_0.45;main_0.46;main_0.47;main_0.48;main_0.49;main_0.50;main_0.51;main_0.52;main_0.53;main_0.54;main_0.55;main_0.56;main_0.57;main_0.58;main_0.59;main_0.60;main_0.61;main_0.62;main_0.63;main_0.64;main_0.65;main_0.66;main_0.67;main_0.68;main_0.69;main_0.70;main_0.71;main_0.72;main_0.73;main_0.74;main_0.75;main_0.76;main_0.77;main_0.78;main_0.79;main_0.80;main_0.81;main_0.82;main_0.83;main_0.84;main_0.85;main_0.86;main_0.87;main_0.88;main_0.89;main_0.90;main_0.91;main_0.92;main_0.93;main_0.94;main_0.95;main_0.96;ramp_0.3;ramp_0.4;ramp_0.5;ramp_0.6;ramp_0.7;ramp_0.8;ramp_0.9,,,0,-1.0,0.0,0,-1.0,0.0,0,-1.0,0.0,0,-1.0,0.0,0,-1.0,0.0,0,-1.0,0.0,0,-1.0,0.0,0,0
290,0,107,0,107,0,34,0,73,73,75,0,0,0,73,,,,,main_0.15;main_0.29;main_0.33;main_0.34;main_0.35;main_0.36;main_0.37;main_0.38;main_0.39;main_0.40;main_0.41;main_0.42;main_0.43;main_0.44;main_0.45;main_0.46;main_0.47;main_0.48;main_0.49;main_0.50;main_0.51;main_0.52;main_0.53;main_0.54;main_0.55;main_0.56;main_0.57;main_0.58;main_0.59;main_0.60;main_0.61;main_0.62;main_0.63;main_0.64;main_0.65;main_0.66;main_0.67;main_0.68;main_0.69;main_0.70;main_0.71;main_0.72;main_0.73;main_0.74;main_0.75;main_0.76;main_0.77;main_0.78;main_0.79;main_0.80;main_0.81;main_0.82;main_0.83;main_0.84;main_0.85;main_0.86;main_0.87;main_0.88;main_0.89;main_0.90;main_0.91;main_0.92;main_0.93;main_0.94;main_0.95;main_0.96;ramp_0.3;ramp_0.4;ramp_0.5;ramp_0.6;ramp_0.7;ramp_0.8;ramp_0.9,,,0,-1.0,0.0,0,-1.0,0.0,0,-1.0,0.0,0,-1.0,0.0,1,29.67266792683453,0.1685052389737507,0,-1.0,0.0,0,-1.0,0.0,0,0
291,0,107,0,107,0,34,0,73,73,75,0,0,0,73,,,,,main_0.15;main_0.29;main_0.33;main_0.34;main_0.35;main_0.36;main_0.37;main_0.38;main_0.39;main_0.40;main_0.41;main_0.42;main_0.43;main_0.44;main_0.45;main_0.46;main_0.47;main_0.48;main_0.49;main_0.50;main_0.51;main_0.52;main_0.53;main_0.54;main_0.55;main_0.56;main_0.57;main_0.58;main_0.59;main_0.60;main_0.61;main_0.62;main_0.63;main_0.64;main_0.65;main_0.66;main_0.67;main_0.68;main_0.69;main_0.70;main_0.71;main_0.72;main_0.73;main_0.74;main_0.75;main_0.76;main_0.77;main_0.78;main_0.79;main_0.80;main_0.81;main_0.82;main_0.83;main_0.84;main_0.85;main_0.86;main_0.87;main_0.88;main_0.89;main_0.90;main_0.91;main_0.92;main_0.93;main_0.94;main_0.95;main_0.96;ramp_0.3;ramp_0.4;ramp_0.5;ramp_0.6;ramp_0.7;ramp_0.8;ramp_0.9,,,0,-1.0,0.0,0,-1.0,0.0,1,32.58424361952119,0.15344839850769176,0,-1.0,0.0,0,-1.0,0.0,0,-1.0,0.0,0,-1.0,0.0,0,0
292,1,108,1,108,0,34,0,74,74,76,0,0,0,74,main_0.97,main_0.97,,,main_0.15;main_0.29;main_0.33;main_0.34;main_0.35;main_0.36;main_0.37;main_0.38;main_0.39;main_0.40;main_0.41;main_0.42;main_0.43;main_0.44;main_0.45;main_0.46;main_0.47;main_0.48;main_0.49;main_0.50;main_0.51;main_0.52;main_0.53;main_0.54;main_0.55;main_0.56;main_0.57;main_0.58;main_0.59;main_0.60;main_0.61;main_0.62;main_0.63;main_0.64;main_0.65;main_0.66;main_0.67;main_0.68;main_0.69;main_0.70;main_0.71;main_0.72;main_0.73;main_0.74;main_0.75;main_0.76;main_0.77;main_0.78;main_0.79;main_0.80;main_0.81;main_0.82;main_0.83;main_0.84;main_0.85;main_0.86;main_0.87;main_0.88;main_0.89;main_0.90;main_0.91;main_0.92;main_0.93;main_0.94;main_0.95;main_0.96;main_0.97;ramp_0.3;ramp_0.4;ramp_0.5;ramp_0.6;ramp_0.7;ramp_0.8;ramp_0.9,,,0,-1.0,0.0,0,-1.0,0.0,0,-1.0,0.0,0,-1.0,0.0,0,-1.0,0.0,1,30.552651250673687,0.1636519187476324,0,-1.0,0.0,0,0
293,0,108,0,108,0,34,0,74,74,76,0,0,0,74,,,,,main_0.15;main_0.29;main_0.33;main_0.34;main_0.35;main_0.36;main_0.37;main_0.38;main_0.39;main_0.40;main_0.41;main_0.42;main_0.43;main_0.44;main_0.45;main_0.46;main_0.47;main_0.48;main_0.49;main_0.50;main_0.51;main_0.52;main_0.53;main_0.54;main_0.55;main_0.56;main_0.57;main_0.58;main_0.59;main_0.60;main_0.61;main_0.62;main_0.63;main_0.64;main_0.65;main_0.66;main_0.67;main_0.68;main_0.69;main_0.70;main_0.71;main_0.72;main_0.73;main_0.74;main_0.75;main_0.76;main_0.77;main_0.78;main_0.79;main_0.80;main_0.81;main_0.82;main_0.83;main_0.84;main_0.85;main_0.86;main_0.87;main_0.88;main_0.89;main_0.90;main_0.91;main_0.92;main_0.93;main_0.94;main_0.95;main_0.96;main_0.97;ramp_0.3;ramp_0.4;ramp_0.5;ramp_0.6;ramp_0.7;ramp_0.8;ramp_0.9,,,1,32.917386858701114,0.15189541081929292,0,-1.0,0.0,0,-1.0,0.0,0,-1.0,0.0,1,31.13908727526038,0.1605698958290418,0,-1.0,0.0,0,-1.0,0.0,0,0
294,0,108,0,108,1,35,0,73,73,75,0,0,0,73,,,main_0.37,,main_0.15;main_0.29;main_0.33;main_0.34;main_0.35;main_0.36;main_0.38;main_0.39;main_0.40;main_0.41;main_0.42;main_0.43;main_0.44;main_0.45;main_0.46;main_0.47;main_0.48;main_0.49;main_0.50;main_0.51;main_0.52;main_0.53;main_0.54;main_0.55;main_0.56;main_0.57;main_0.58;main_0.59;main_0.60;main_0.61;main_0.62;main_0.63;main_0.64;main_0.65;main_0.66;main_0.67;main_0.68;main_0.69;main_0.70;main_0.71;main_0.72;main_0.73;main_0.74;main_0.75;main_0.76;main_0.77;main_0.78;main_0.79;main_0.80;main_0.81;main_0.82;main_0.83;main_0.84;main_0.85;main_0.86;main_0.87;main_0.88;main_0.89;main_0.90;main_0.91;main_0.92;main_0.93;main_0.94;main_0.95;main_0.96;main_0.97;ramp_0.3;ramp_0.4;ramp_0.5;ramp_0.6;ramp_0.7;ramp_0.8;ramp_0.9,,,0,-1.0,0.0,0,-1.0,0.0,0,-1.0,0.0,0,-1.0,0.0,0,-1.0,0.0,0,-1.0,0.0,0,-1.0,0.0,0,0
295,1,109,1,109,1,36,0,73,73,75,0,0,0,73,main_0.98,main_0.98,main_0.15,,main_0.29;main_0.33;main_0.34;main_0.35;main_0.36;main_0.38;main_0.39;main_0.40;main_0.41;main_0.42;main_0.43;main_0.44;main_0.45;main_0.46;main_0.47;main_0.48;main_0.49;main_0.50;main_0.51;main_0.52;main_0.53;main_0.54;main_0.55;main_0.56;main_0.57;main_0.58;main_0.59;main_0.60;main_0.61;main_0.62;main_0.63;main_0.64;main_0.65;main_0.66;main_0.67;main_0.68;main_0.69;main_0.70;main_0.71;main_0.72;main_0.73;main_0.74;main_0.75;main_0.76;main_0.77;main_0.78;main_0.79;main_0.80;main_0.81;main_0.82;main_0.83;main_0.84;main_0.85;main_0.86;main_0.87;main_0.88;main_0.89;main_0.90;main_0.91;main_0.92;main_0.93;main_0.94;main_0.95;main_0.96;main_0.97;main_0.98;ramp_0.3;ramp_0.4;ramp_0.5;ramp_0.6;ramp_0.7;ramp_0.8;ramp_0.9,,,0,-1.0,0.0,0,-1.0,0.0,0,-1.0,0.0,0,-1.0,0.0,0,-1.0,0.0,0,-1.0,0.0,0,-1.0,0.0,0,0
296,0,109,0,109,0,36,0,73,73,75,0,0,0,73,,,,,main_0.29;main_0.33;main_0.34;main_0.35;main_0.36;main_0.38;main_0.39;main_0.40;main_0.41;main_0.42;main_0.43;main_0.44;main_0.45;main_0.46;main_0.47;main_0.48;main_0.49;main_0.50;main_0.51;main_0.52;main_0.53;main_0.54;main_0.55;main_0.56;main_0.57;main_0.58;main_0.59;main_0.60;main_0.61;main_0.62;main_0.63;main_0.64;main_0.65;main_0.66;main_0.67;main_0.68;main_0.69;main_0.70;main_0.71;main_0.72;main_0.73;main_0.74;main_0.75;main_0.76;main_0.77;main_0.78;main_0.79;main_0.80;main_0.81;main_0.82;main_0.83;main_0.84;main_0.85;main_0.86;main_0.87;main_0.88;main_0.89;main_0.90;main_0.91;main_0.92;main_0.93;main_0.94;main_0.95;main_0.96;main_0.97;main_0.98;ramp_0.3;ramp_0.4;ramp_0.5;ramp_0.6;ramp_0.7;ramp_0.8;ramp_0.9,,,0,-1.0,0.0,1,33.16955124429877,0.15074065859903385,0,-1.0,0.0,0,-1.0,0.0,0,-1.0,0.0,0,-1.0,0.0,0,-1.0,0.0,0,0
297,0,109,0,109,1,37,0,72,72,74,0,0,0,72,,,ramp_0.3,,main_0.29;main_0.33;main_0.34;main_0.35;main_0.36;main_0.38;main_0.39;main_0.40;main_0.41;main_0.42;main_0.43;main_0.44;main_0.45;main_0.46;main_0.47;main_0.48;main_0.49;main_0.50;main_0.51;main_0.52;main_0.53;main_0.54;main_0.55;main_0.56;main_0.57;main_0.58;main_0.59;main_0.60;main_0.61;main_0.62;main_0.63;main_0.64;main_0.65;main_0.66;main_0.67;main_0.68;main_0.69;main_0.70;main_0.71;main_0.72;main_0.73;main_0.74;main_0.75;main_0.76;main_0.77;main_0.78;main_0.79;main_0.80;main_0.81;main_0.82;main_0.83;main_0.84;main_0.85;main_0.86;main_0.87;main_0.88;main_0.89;main_0.90;main_0.91;main_0.92;main_0.93;main_0.94;main_0.95;main_0.96;main_0.97;main_0.98;ramp_0.4;ramp_0.5;ramp_0.6;ramp_0.7;ramp_0.8;ramp_0.9,,,0,-1.0,0.0,0,-1.0,0.0,0,-1.0,0.0,1,31.5989424642576,0.1582331435824358,0,-1.0,0.0,0,-1.0,0.0,0,-1.0,0.0,0,0
298,1,110,1,110,0,37,0,73,73,75,0,0,0,73,main_0.99,main_0.99,,,main_0.29;main_0.33;main_0.34;main_0.35;main_0.36;main_0.38;main_0.39;main_0.40;main_0.41;main_0.42;main_0.43;main_0.44;main_0.45;main_0.46;main_0.47;main_0.48;main_0.49;main_0.50;main_0.51;main_0.52;main_0.53;main_0.54;main_0.55;main_0.56;main_0.57;main_0.58;main_0.59;main_0.60;main_0.61;main_0.62;main_0.63;main_0.64;main_0.65;main_0.66;main_0.67;main_0.68;main_0.69;main_0.70;main_0.71;main_0.72;main_0.73;main_0.74;main_0.75;main_0.76;main_0.77;main_0.78;main_0.79;main_0.80;main_0.81;main_0.82;main_0.83;main_0.84;main_0.85;main_0.86;main_0.87;main_0.88;main_0.89;main_0.90;main_0.91;main_0.92;main_0.93;main_0.94;main_0.95;main_0.96;main_0.97;main_0.98;main_0.99;ramp_0.4;ramp_0.5;ramp_0.6;ramp_0.7;ramp_0.8;ramp_0.9,,,0,-1.0,0.0,0,-1.0,0.0,0,-1.0,0.0,0,-1.0,0.0,0,-1.0,0.0,0,-1.0,0.0,0,-1.0,0.0,0,0
299,0,110,0,110,0,37,0,73,73,75,0,0,0,73,,,,,main_0.29;main_0.33;main_0.34;main_0.35;main_0.36;main_0.38;main_0.39;main_0.40;main_0.41;main_0.42;main_0.43;main_0.44;main_0.45;main_0.46;main_0.47;main_0.48;main_0.49;main_0.50;main_0.51;main_0.52;main_0.53;main_0.54;main_0.55;main_0.56;main_0.57;main_0.58;main_0.59;main_0.60;main_0.61;main_0.62;main_0.63;main_0.64;main_0.65;main_0.66;main_0.67;main_0.68;main_0.69;main_0.70;main_0.71;main_0.72;main_0.73;main_0.74;main_0.75;main_0.76;main_0.77;main_0.78;main_0.79;main_0.80;main_0.81;main_0.82;main_0.83;main_0.84;main_0.85;main_0.86;main_0.87;main_0.88;main_0.89;main_0.90;main_0.91;main_0.92;main_0.93;main_0.94;main_0.95;main_0.96;main_0.97;main_0.98;main_0.99;ramp_0.4;ramp_0.5;ramp_0.6;ramp_0.7;ramp_0.8;ramp_0.9,,,1,32.075946453400995,1.0,0,-1.0,0.0,0,-1.0,0.0,0,-1.0,0.0,0,-1.0,0.0,1,30.150057617558804,0.16583716235049906,0,-1.0,0.0,0,0
300,0,110,0,110,1,38,0,72,72,74,0,0,0,72,,,main_0.34,,main_0.29;main_0.33;main_0.35;main_0.36;main_0.38;main_0.39;main_0.40;main_0.41;main_0.42;main_0.43;main_0.44;main_0.45;main_0.46;main_0.47;main_0.48;main_0.49;main_0.50;main_0.51;main_0.52;main_0.53;main_0.54;main_0.55;main_0.56;main_0.57;main_0.58;main_0.59;main_0.60;main_0.61;main_0.62;main_0.63;main_0.64;main_0.65;main_0.66;main_0.67;main_0.68;main_0.69;main_0.70;main_0.71;main_0.72;main_0.73;main_0.74;main_0.75;main_0.76;main_0.77;main_0.78;main_0.79;main_0.80;main_0.81;main_0.82;main_0.83;main_0.84;main_0.85;main_0.86;main_0.87;main_0.88;main_0.89;main_0.90;main_0.91;main_0.92;main_0.93;main_0.94;main_0.95;main_0.96;main_0.97;main_0.98;main_0.99;ramp_0.4;ramp_0.5;ramp_0.6;ramp_0.7;ramp_0.8;ramp_0.9,,,1,-1.0,0.0,1,32.29415407509666,0.15482678345972545,1,31.82942049959333,0.15708737141676465,0,-1.0,0.0,0,-1.0,0.0,0,-1.0,0.0,0,-1.0,0.0,0,0
301,2,112,2,112,1,39,0,73,73,75,0,0,0,73,main_0.100;ramp_0.10,main_0.100;ramp_0.10,ramp_0.4,,main_0.100;main_0.29;main_0.33;main_0.35;main_0.36;main_0.38;main_0.39;main_0.40;main_0.41;main_0.42;main_0.43;main_0.44;main_0.45;main_0.46;main_0.47;main_0.48;main_0.49;main_0.50;main_0.51;main_0.52;main_0.53;main_0.54;main_0.55;main_0.56;main_0.57;main_0.58;main_0.59;main_0.60;main_0.61;main_0.62;main_0.63;main_0.64;main_0.65;main_0.66;main_0.67;main_0.68;main_0.69;main_0.70;main_0.71;main_0.72;main_0.73;main_0.74;main_0.75;main_0.76;main_0.77;main_0.78;main_0.79;main_0.80;main_0.81;main_0.82;main_0.83;main_0.84;main_0.85;main_0.86;main_0.87;main_0.88;main_0.89;main_0.90;main_0.91;main_0.92;main_0.93;main_0.94;main_0.95;main_0.96;main_0.97;main_0.98;main_0.99;ramp_0.10;ramp_0.5;ramp_0.6;ramp_0.7;ramp_0.8;ramp_0.9,,,0,-1.0,0.0,0,-1.0,0.0,0,-1.0,0.0,0,-1.0,0.0,0,-1.0,0.0,0,-1.0,0.0,0,-1.0,0.0,1,0
302,0,112,0,112,0,39,0,73,73,75,0,0,0,73,,,,,main_0.100;main_0.29;main_0.33;main_0.35;main_0.36;main_0.38;main_0.39;main_0.40;main_0.41;main_0.42;main_0.43;main_0.44;main_0.45;main_0.46;main_0.47;main_0.48;main_0.49;main_0.50;main_0.51;main_0.52;main_0.53;main_0.54;main_0.55;main_0.56;main_0.57;main_0.58;main_0.59;main_0.60;main_0.61;main_0.62;main_0.63;main_0.64;main_0.65;main_0.66;main_0.67;main_0.68;main_0.69;main_0.70;main_0.71;main_0.72;main_0.73;main_0.74;main_0.75;main_0.76;main_0.77;main_0.78;main_0.79;main_0.80;main_0.81;main_0.82;main_0.83;main_0.84;main_0.85;main_0.86;main_0.87;main_0.88;main_0.89;main_0.90;main_0.91;main_0.92;main_0.93;main_0.94;main_0.95;main_0.96;main_0.97;main_0.98;main_0.99;ramp_0.10;ramp_0.5;ramp_0.6;ramp_0.7;ramp_0.8;ramp_0.9,,,1,30.823128389059143,0.16221585093143176,0,-1.0,0.0,0,-1.0,0.0,0,-1.0,0.0,0,-1.0,0.0,0,-1.0,0.0,0,-1.0,0.0,1,0
303,0,112,0,112,0,39,0,73,73,75,0,0,0,73,,,,,main_0.100;main_0.29;main_0.33;main_0.35;main_0.36;main_0.38;main_0.39;main_0.40;main_0.41;main_0.42;main_0.43;main_0.44;main_0.45;main_0.46;main_0.47;main_0.48;main_0.49;main_0.50;main_0.51;main_0.52;main_0.53;main_0.54;main_0.55;main_0.56;main_0.57;main_0.58;main_0.59;main_0.60;main_0.61;main_0.62;main_0.63;main_0.64;main_0.65;main_0.66;main_0.67;main_0.68;main_0.69;main_0.70;main_0.71;main_0.72;main_0.73;main_0.74;main_0.75;main_0.76;main_0.77;main_0.78;main_0.79;main_0.80;main_0.81;main_0.82;main_0.83;main_0.84;main_0.85;main_0.86;main_0.87;main_0.88;main_0.89;main_0.90;main_0.91;main_0.92;main_0.93;main_0.94;main_0.95;main_0.96;main_0.97;main_0.98;main_0.99;ramp_0.10;ramp_0.5;ramp_0.6;ramp_0.7;ramp_0.8;ramp_0.9,,,0,-1.0,0.0,1,31.811462521924685,0.09205289608854628,1,32.03135615642762,0.15609704364629806,1,32.65673096064958,0.15310779287813148,1,30.527336627742198,0.1637876261847282,0,-1.0,0.0,1,24.44792882748078,0.20451630218997252,1,0
304,1,113,1,113,0,39,0,74,74,76,0,0,0,74,main_0.101,main_0.101,,,main_0.100;main_0.101;main_0.29;main_0.33;main_0.35;main_0.36;main_0.38;main_0.39;main_0.40;main_0.41;main_0.42;main_0.43;main_0.44;main_0.45;main_0.46;main_0.47;main_0.48;main_0.49;main_0.50;main_0.51;main_0.52;main_0.53;main_0.54;main_0.55;main_0.56;main_0.57;main_0.58;main_0.59;main_0.60;main_0.61;main_0.62;main_0.63;main_0.64;main_0.65;main_0.66;main_0.67;main_0.68;main_0.69;main_0.70;main_0.71;main_0.72;main_0.73;main_0.74;main_0.75;main_0.76;main_0.77;main_0.78;main_0.79;main_0.80;main_0.81;main_0.82;main_0.83;main_0.84;main_0.85;main_0.86;main_0.87;main_0.88;main_0.89;main_0.90;main_0.91;main_0.92;main_0.93;main_0.94;main_0.95;main_0.96;main_0.97;main_0.98;main_0.99;ramp_0.10;ramp_0.5;ramp_0.6;ramp_0.7;ramp_0.8;ramp_0.9,,,0,-1.0,0.0,1,-1.0,0.0,0,-1.0,0.0,0,-1.0,0.0,0,-1.0,0.0,1,31.45249198933353,0.1589699156968436,0,-1.0,0.0,1,0
305,0,113,0,113,0,39,0,74,74,76,0,0,0,74,,,,,main_0.100;main_0.101;main_0.29;main_0.33;main_0.35;main_0.36;main_0.38;main_0.39;main_0.40;main_0.41;main_0.42;main_0.43;main_0.44;main_0.45;main_0.46;main_0.47;main_0.48;main_0.49;main_0.50;main_0.51;main_0.52;main_0.53;main_0.54;main_0.55;main_0.56;main_0.57;main_0.58;main_0.59;main_0.60;main_0.61;main_0.62;main_0.63;main_0.64;main_0.65;main_0.66;main_0.67;main_0.68;main_0.69;main_0.70;main_0.71;main_0.72;main_0.73;main_0.74;main_0.75;main_0.76;main_0.77;main_0.78;main_0.79;main_0.80;main_0.81;main_0.82;main_0.83;main_0.84;main_0.85;main_0.86;main_0.87;main_0.88;main_0.89;main_0.90;main_0.91;main_0.92;main_0.93;main_0.94;main_0.95;main_0.96;main_0.97;main_0.98;main_0.99;ramp_0.10;ramp_0.5;ramp_0.6;ramp_0.7;ramp_0.8;ramp_0.9,,,0,-1.0,0.0,0,-1.0,0.0,0,-1.0,0.0,0,-1.0,0.0,0,-1.0,0.0,0,-1.0,0.0,0,-1.0,0.0,1,0
306,0,113,0,113,0,39,0,74,74,76,0,0,0,74,,,,,main_0.100;main_0.101;main_0.29;main_0.33;main_0.35;main_0.36;main_0.38;main_0.39;main_0.40;main_0.41;main_0.42;main_0.43;main_0.44;main_0.45;main_0.46;main_0.47;main_0.48;main_0.49;main_0.50;main_0.51;main_0.52;main_0.53;main_0.54;main_0.55;main_0.56;main_0.57;main_0.58;main_0.59;main_0.60;main_0.61;main_0.62;main_0.63;main_0.64;main_0.65;main_0.66;main_0.67;main_0.68;main_0.69;main_0.70;main_0.71;main_0.72;main_0.73;main_0.74;main_0.75;main_0.76;main_0.77;main_0.78;main_0.79;main_0.80;main_0.81;main_0.82;main_0.83;main_0.84;main_0.85;main_0.86;main_0.87;main_0.88;main_0.89;main_0.90;main_0.91;main_0.92;main_0.93;main_0.94;main_0.95;main_0.96;main_0.97;main_0.98;main_0.99;ramp_0.10;ramp_0.5;ramp_0.6;ramp_0.7;ramp_0.8;ramp_0.9,,,0,-1.0,0.0,0,-1.0,0.0,0,-1.0,0.0,0,-1.0,0.0,0,-1.0,0.0,0,-1.0,0.0,0,-1.0,0.0,1,0
307,1,114,1,114,0,39,0,75,75,77,0,0,0,75,main_0.102,main_0.102,,,main_0.100;main_0.101;main_0.102;main_0.29;main_0.33;main_0.35;main_0.36;main_0.38;main_0.39;main_0.40;main_0.41;main_0.42;main_0.43;main_0.44;main_0.45;main_0.46;main_0.47;main_0.48;main_0.49;main_0.50;main_0.51;main_0.52;main_0.53;main_0.54;main_0.55;main_0.56;main_0.57;main_0.58;main_0.59;main_0.60;main_0.61;main_0.62;main_0.63;main_0.64;main_0.65;main_0.66;main_0.67;main_0.68;main_0.69;main_0.70;main_0.71;main_0.72;main_0.73;main_0.74;main_0.75;main_0.76;main_0.77;main_0.78;main_0.79;main_0.80;main_0.81;main_0.82;main_0.83;main_0.84;main_0.85;main_0.86;main_0.87;main_0.88;main_0.89;main_0.90;main_0.91;main_0.92;main_0.93;main_0.94;main_0.95;main_0.96;main_0.97;main_0.98;main_0.99;ramp_0.10;ramp_0.5;ramp_0.6;ramp_0.7;ramp_0.8;ramp_0.9,,,0,-1.0,0.0,0,-1.0,0.0,0,-1.0,0.0,0,-1.0,0.0,0,-1.0,0.0,0,-1.0,0.0,0,-1.0,0.0,1,0
308,0,114,0,114,0,39,0,75,75,77,0,0,0,75,,,,,main_0.100;main_0.101;main_0.102;main_0.29;main_0.33;main_0.35;main_0.36;main_0.38;main_0.39;main_0.40;main_0.41;main_0.42;main_0.43;main_0.44;main_0.45;main_0.46;main_0.47;main_0.48;main_0.49;main_0.50;main_0.51;main_0.52;main_0.53;main_0.54;main_0.55;main_0.56;main_0.57;main_0.58;main_0.59;main_0.60;main_0.61;main_0.62;main_0.63;main_0.64;main_0.65;main_0.66;main_0.67;main_0.68;main_0.69;main_0.70;main_0.71;main_0.72;main_0.73;main_0.74;main_0.75;main_0.76;main_0.77;main_0.78;main_0.79;main_0.80;main_0.81;main_0.82;main_0.83;main_0.84;main_0.85;main_0.86;main_0.87;main_0.88;main_0.89;main_0.90;main_0.91;main_0.92;main_0.93;main_0.94;main_0.95;main_0.96;main_0.97;main_0.98;main_0.99;ramp_0.10;ramp_0.5;ramp_0.6;ramp_0.7;ramp_0.8;ramp_0.9,,,0,-1.0,0.0,0,-1.0,0.0,0,-1.0,0.0,0,-1.0,0.0,0,-1.0,0.0,0,-1.0,0.0,0,-1.0,0.0,1,0
309,0,114,0,114,1,40,0,74,74,76,0,0,0,74,,,main_0.29,,main_0.100;main_0.101;main_0.102;main_0.33;main_0.35;main_0.36;main_0.38;main_0.39;main_0.40;main_0.41;main_0.42;main_0.43;main_0.44;main_0.45;main_0.46;main_0.47;main_0.48;main_0.49;main_0.50;main_0.51;main_0.52;main_0.53;main_0.54;main_0.55;main_0.56;main_0.57;main_0.58;main_0.59;main_0.60;main_0.61;main_0.62;main_0.63;main_0.64;main_0.65;main_0.66;main_0.67;main_0.68;main_0.69;main_0.70;main_0.71;main_0.72;main_0.73;main_0.74;main_0.75;main_0.76;main_0.77;main_0.78;main_0.79;main_0.80;main_0.81;main_0.82;main_0.83;main_0.84;main_0.85;main_0.86;main_0.87;main_0.88;main_0.89;main_0.90;main_0.91;main_0.92;main_0.93;main_0.94;main_0.95;main_0.96;main_0.97;main_0.98;main_0.99;ramp_0.10;ramp_0.5;ramp_0.6;ramp_0.7;ramp_0.8;ramp_0.9,,,0,-1.0,0.0,0,-1.0,0.0,0,-1.0,0.0,0,-1.0,0.0,0,-1.0,0.0,0,-1.0,0.0,0,-1.0,0.0,1,0
310,1,115,1,115,1,41,0,74,74,76,0,0,0,74,main_0.103,main_0.103,main_0.33,,main_0.100;main_0.101;main_0.102;main_0.103;main_0.35;main_0.36;main_0.38;main_0.39;main_0.40;main_0.41;main_0.42;main_0.43;main_0.44;main_0.45;main_0.46;main_0.47;main_0.48;main_0.49;main_0.50;main_0.51;main_0.52;main_0.53;main_0.54;main_0.55;main_0.56;main_0.57;main_0.58;main_0.59;main_0.60;main_0.61;main_0.62;main_0.63;main_0.64;main_0.65;main_0.66;main_0.67;main_0.68;main_0.69;main_0.70;main_0.71;main_0.72;main_0.73;main_0.74;main_0.75;main_0.76;main_0.77;main_0.78;main_0.79;main_0.80;main_0.81;main_0.82;main_0.83;main_0.84;main_0.85;main_0.86;main_0.87;main_0.88;main_0.89;main_0.90;main_0.91;main_0.92;main_0.93;main_0.94;main_0.95;main_0.96;main_0.97;main_0.98;main_0.99;ramp_0.10;ramp_0.5;ramp_0.6;ramp_0.7;ramp_0.8;ramp_0.9,,,0,-1.0,0.0,0,-1.0,0.0,0,-1.0,0.0,0,-1.0,0.0,1,30.160964677507987,0.04565805311131044,0,-1.0,0.0,0,-1.0,0.0,1,0
311,0,115,0,115,0,41,0,74,74,76,0,0,0,74,,,,,main_0.100;main_0.101;main_0.102;main_0.103;main_0.35;main_0.36;main_0.38;main_0.39;main_0.40;main_0.41;main_0.42;main_0.43;main_0.44;main_0.45;main_0.46;main_0.47;main_0.48;main_0.49;main_0.50;main_0.51;main_0.52;main_0.53;main_0.54;main_0.55;main_0.56;main_0.57;main_0.58;main_0.59;main_0.60;main_0.61;main_0.62;main_0.63;main_0.64;main_0.65;main_0.66;main_0.67;main_0.68;main_0.69;main_0.70;main_0.71;main_0.72;main_0.73;main_0.74;main_0.75;main_0.76;main_0.77;main_0.78;main_0.79;main_0.80;main_0.81;main_0.82;main_0.83;main_0.84;main_0.85;main_0.86;main_0.87;main_0.88;main_0.89;main_0.90;main_0.91;main_0.92;main_0.93;main_0.94;main_0.95;main_0.96;main_0.97;main_0.98;main_0.99;ramp_0.10;ramp_0.5;ramp_0.6;ramp_0.7;ramp_0.8;ramp_0.9,,,1,32.55538848153529,0.15358440593746536,0,-1.0,0.0,0,-1.0,0.0,0,-1.0,0.0,1,-1.0,0.0,0,-1.0,0.0,0,-1.0,0.0,1,0
312,0,115,0,115,0,41,0,74,74,76,0,0,0,74,,,,,main_0.100;main_0.101;main_0.102;main_0.103;main_0.35;main_0.36;main_0.38;main_0.39;main_0.40;main_0.41;main_0.42;main_0.43;main_0.44;main_0.45;main_0.46;main_0.47;main_0.48;main_0.49;main_0.50;main_0.51;main_0.52;main_0.53;main_0.54;main_0.55;main_0.56;main_0.57;main_0.58;main_0.59;main_0.60;main_0.61;main_0.62;main_0.63;main_0.64;main_0.65;main_0.66;main_0.67;main_0.68;main_0.69;main_0.70;main_0.71;main_0.72;main_0.73;main_0.74;main_0.75;main_0.76;main_0.77;main_0.78;main_0.79;main_0.80;main_0.81;main_0.82;main_0.83;main_0.84;main_0.85;main_0.86;main_0.87;main_0.88;main_0.89;main_0.90;main_0.91;main_0.92;main_0.93;main_0.94;main_0.95;main_0.96;main_0.97;main_0.98;main_0.99;ramp_0.10;ramp_0.5;ramp_0.6;ramp_0.7;ramp_0.8;ramp_0.9,,,0,-1.0,0.0,0,-1.0,0.0,0,-1.0,0.0,1,29.865735300633748,0.16741593500609042,0,-1.0,0.0,0,-1.0,0.0,0,-1.0,0.0,1,0
313,1,116,1,116,0,41,0,75,75,77,0,0,0,75,main_0.104,main_0.104,,,main_0.100;main_0.101;main_0.102;main_0.103;main_0.104;main_0.35;main_0.36;main_0.38;main_0.39;main_0.40;main_0.41;main_0.42;main_0.43;main_0.44;main_0.45;main_0.46;main_0.47;main_0.48;main_0.49;main_0.50;main_0.51;main_0.52;main_0.53;main_0.54;main_0.55;main_0.56;main_0.57;main_0.58;main_0.59;main_0.60;main_0.61;main_0.62;main_0.63;main_0.64;main_0.65;main_0.66;main_0.67;main_0.68;main_0.69;main_0.70;main_0.71;main_0.72;main_0.73;main_0.74;main_0.75;main_0.76;main_0.77;main_0.78;main_0.79;main_0.80;main_0.81;main_0.82;main_0.83;main_0.84;main_0.85;main_0.86;main_0.87;main_0.88;main_0.89;main_0.90;main_0.91;main_0.92;main_0.93;main_0.94;main_0.95;main_0.96;main_0.97;main_0.98;main_0.99;ramp_0.10;ramp_0.5;ramp_0.6;ramp_0.7;ramp_0.8;ramp_0.9,,,0,-1.0,0.0,0,-1.0,0.0,1,33.06364768940344,0.15122348408044672,0,-1.0,0.0,0,-1.0,0.0,0,-1.0,0.0,0,-1.0,0.0,1,0
314,0,116,0,116,0,41,0,75,75,77,0,0,0,75,,,,,main_0.100;main_0.101;main_0.102;main_0.103;main_0.104;main_0.35;main_0.36;main_0.38;main_0.39;main_0.40;main_0.41;main_0.42;main_0.43;main_0.44;main_0.45;main_0.46;main_0.47;main_0.48;main_0.49;main_0.50;main_0.51;main_0.52;main_0.53;main_0.54;main_0.55;main_0.56;main_0.57;main_0.58;main_0.59;main_0.60;main_0.61;main_0.62;main_0.63;main_0.64;main_0.65;main_0.66;main_0.67;main_0.68;main_0.69;main_0.70;main_0.71;main_0.72;main_0.73;main_0.74;main_0.75;main_0.76;main_0.77;main_0.78;main_0.79;main_0.80;main_0.81;main_0.82;main_0.83;main_0.84;main_0.85;main_0.86;main_0.87;main_0.88;main_0.89;main_0.90;main_0.91;main_0.92;main_0.93;main_0.94;main_0.95;main_0.96;main_0.97;main_0.98;main_0.99;ramp_0.10;ramp_0.5;ramp_0.6;ramp_0.7;ramp_0.8;ramp_0.9,,,0,-1.0,0.0,0,-1.0,0.0,0,-1.0,0.0,0,-1.0,0.0,0,-1.0,0.0,0,-1.0,0.0,0,-1.0,0.0,0,0
315,0,116,0,116,1,42,0,74,74,76,0,0,0,74,,,main_0.36,,main_0.100;main_0.101;main_0.102;main_0.103;main_0.104;main_0.35;main_0.38;main_0.39;main_0.40;main_0.41;main_0.42;main_0.43;main_0.44;main_0.45;main_0.46;main_0.47;main_0.48;main_0.49;main_0.50;main_0.51;main_0.52;main_0.53;main_0.54;main_0.55;main_0.56;main_0.57;main_0.58;main_0.59;main_0.60;main_0.61;main_0.62;main_0.63;main_0.64;main_0.65;main_0.66;main_0.67;main_0.68;main_0.69;main_0.70;main_0.71;main_0.72;main_0.73;main_0.74;main_0.75;main_0.76;main_0.77;main_0.78;main_0.79;main_0.80;main_0.81;main_0.82;main_0.83;main_0.84;main_0.85;main_0.86;main_0.87;main_0.88;main_0.89;main_0.90;main_0.91;main_0.92;main_0.93;main_0.94;main_0.95;main_0.96;main_0.97;main_0.98;main_0.99;ramp_0.10;ramp_0.5;ramp_0.6;ramp_0.7;ramp_0.8;ramp_0.9,,,0,-1.0,0.0,0,-1.0,0.0,0,-1.0,0.0,0,-1.0,0.0,1,31.24648587033986,0.1600179943673652,0,-1.0,0.0,0,-1.0,0.0,0,0
316,1,117,1,117,0,42,0,75,75,77,0,0,0,75,main_0.105,main_0.105,,,main_0.100;main_0.101;main_0.102;main_0.103;main_0.104;main_0.105;main_0.35;main_0.38;main_0.39;main_0.40;main_0.41;main_0.42;main_0.43;main_0.44;main_0.45;main_0.46;main_0.47;main_0.48;main_0.49;main_0.50;main_0.51;main_0.52;main_0.53;main_0.54;main_0.55;main_0.56;main_0.57;main_0.58;main_0.59;main_0.60;main_0.61;main_0.62;main_0.63;main_0.64;main_0.65;main_0.66;main_0.67;main_0.68;main_0.69;main_0.70;main_0.71;main_0.72;main_0.73;main_0.74;main_0.75;main_0.76;main_0.77;main_0.78;main_0.79;main_0.80;main_0.81;main_0.82;main_0.83;main_0.84;main_0.85;main_0.86;main_0.87;main_0.88;main_0.89;main_0.90;main_0.91;main_0.92;main_0.93;main_0.94;main_0.95;main_0.96;main_0.97;main_0.98;main_0.99;ramp_0.10;ramp_0.5;ramp_0.6;ramp_0.7;ramp_0.8;ramp_0.9,,,0,-1.0,0.0,0,-1.0,0.0,0,-1.0,0.0,1,31.71279656609942,0.016328857336645797,0,-1.0,0.0,0,-1.0,0.0,0,-1.0,0.0,0,0
317,0,117,0,117,1,43,0,74,74,76,0,0,0,74,,,main_0.39,,main_0.100;main_0.101;main_0.102;main_0.103;main_0.104;main_0.105;main_0.35;main_0.38;main_0.40;main_0.41;main_0.42;main_0.43;main_0.44;main_0.45;main_0.46;main_0.47;main_0.48;main_0.49;main_0.50;main_0.51;main_0.52;main_0.53;main_0.54;main_0.55;main_0.56;main_0.57;main_0.58;main_0.59;main_0.60;main_0.61;main_0.62;main_0.63;main_0.64;main_0.65;main_0.66;main_0.67;main_0.68;main_0.69;main_0.70;main_0.71;main_0.72;main_0.73;main_0.74;main_0.75;main_0.76;main_0.77;main_0.78;main_0.79;main_0.80;main_0.81;main_0.82;main_0.83;main_0.84;main_0.85;main_0.86;main_0.87;main_0.88;main_0.89;main_0.90;main_0.91;main_0.92;main_0.93;main_0.94;main_0.95;main_0.96;main_0.97;main_0.98;main_0.99;ramp_0.10;ramp_0.5;ramp_0.6;ramp_0.7;ramp_0.8;ramp_0.9,,,1,32.763266648896774,0.152609935193027,0,-1.0,0.0,0,-1.0,0.0,1,-1.0,0.0,0,-1.0,0.0,1,32.82807656806258,0.15230864926348886,0,-1.0,0.0,0,0
318,0,117,0,117,0,43,0,74,74,76,0,0,0,74,,,,,main_0.100;main_0.101;main_0.102;main_0.103;main_0.104;main_0.105;main_0.35;main_0.38;main_0.40;main_0.41;main_0.42;main_0.43;main_0.44;main_0.45;main_0.46;main_0.47;main_0.48;main_0.49;main_0.50;main_0.51;main_0.52;main_0.53;main_0.54;main_0.55;main_0.56;main_0.57;main_0.58;main_0.59;main_0.60;main_0.61;main_0.62;main_0.63;main_0.64;main_0.65;main_0.66;main_0.67;main_0.68;main_0.69;main_0.70;main_0.71;main_0.72;main_0.73;main_0.74;main_0.75;main_0.76;main_0.77;main_0.78;main_0.79;main_0.80;main_0.81;main_0.82;main_0.83;main_0.84;main_0.85;main_0.86;main_0.87;main_0.88;main_0.89;main_0.90;main_0.91;main_0.92;main_0.93;main_0.94;main_0.95;main_0.96;main_0.97;main_0.98;main_0.99;ramp_0.10;ramp_0.5;ramp_0.6;ramp_0.7;ramp_0.8;ramp_0.9,,,0,-1.0,0.0,0,-1.0,0.0,0,-1.0,0.0,0,-1.0,0.0,1,31.423633925417647,0.15911590657742636,0,-1.0,0.0,0,-1.0,0.0,0,0
319,1,118,1,118,0,43,0,75,75,77,0,0,0,75,main_0.106,main_0.106,,,main_0.100;main_0.101;main_0.102;main_0.103;main_0.104;main_0.105;main_0.106;main_0.35;main_0.38;main_0.40;main_0.41;main_0.42;main_0.43;main_0.44;main_0.45;main_0.46;main_0.47;main_0.48;main_0.49;main_0.50;main_0.51;main_0.52;main_0.53;main_0.54;main_0.55;main_0.56;main_0.57;main_0.58;main_0.59;main_0.60;main_0.61;main_0.62;main_0.63;main_0.64;main_0.65;main_0.66;main_0.67;main_0.68;main_0.69;main_0.70;main_0.71;main_0.72;main_0.73;main_0.74;main_0.75;main_0.76;main_0.77;main_0.78;main_0.79;main_0.80;main_0.81;main_0.82;main_0.83;main_0.84;main_0.85;main_0.86;main_0.87;main_0.88;main_0.89;main_0.90;main_0.91;main_0.92;main_0.93;main_0.94;main_0.95;main_0.96;main_0.97;main_0.98;main_0.99;ramp_0.10;ramp_0.5;ramp_0.6;ramp_0.7;ramp_0.8;ramp_0.9,,,0,-1.0,0.0,0,-1.0,0.0,0,-1.0,0.0,0,-1.0,0.0,0,-1.0,0.0,0,-1.0,0.0,0,-1.0,0.0,0,0
320,0,118,0,118,0,43,0,75,75,77,0,0,0,75,,,,,main_0.100;main_0.101;main_0.102;main_0.103;main_0.104;main_0.105;main_0.106;main_0.35;main_0.38;main_0.40;main_0.41;main_0.42;main_0.43;main_0.44;main_0.45;main_0.46;main_0.47;main_0.48;main_0.49;main_0.50;main_0.51;main_0.52;main_0.53;main_0.54;main_0.55;main_0.56;main_0.57;main_0.58;main_0.59;main_0.60;main_0.61;main_0.62;main_0.63;main_0.64;main_0.65;main_0.66;main_0.67;main_0.68;main_0.69;main_0.70;main_0.71;main_0.72;main_0.73;main_0.74;main_0.75;main_0.76;main_0.77;main_0.78;main_0.79;main_0.80;main_0.81;main_0.82;main_0.83;main_0.84;main_0.85;main_0.86;main_0.87;main_0.88;main_0.89;main_0.90;main_0.91;main_0.92;main_0.93;main_0.94;main_0.95;main_0.96;main_0.97;main_0.98;main_0.99;ramp_0.10;ramp_0.5;ramp_0.6;ramp_0.7;ramp_0.8;ramp_0.9,,,0,-1.0,0.0,0,-1.0,0.0,0,-1.0,0.0,0,-1.0,0.0,0,-1.0,0.0,1,25.05366561228265,0.19957159472699004,0,-1.0,0.0,0,0
321,0,118,0,118,0,43,0,75,75,77,0,0,0,75,,,,,main_0.100;main_0.101;main_0.102;main_0.103;main_0.104;main_0.105;main_0.106;main_0.35;main_0.38;main_0.40;main_0.41;main_0.42;main_0.43;main_0.44;main_0.45;main_0.46;main_0.47;main_0.48;main_0.49;main_0.50;main_0.51;main_0.52;main_0.53;main_0.54;main_0.55;main_0.56;main_0.57;main_0.58;main_0.59;main_0.60;main_0.61;main_0.62;main_0.63;main_0.64;main_0.65;main_0.66;main_0.67;main_0.68;main_0.69;main_0.70;main_0.71;main_0.72;main_0.73;main_0.74;main_0.75;main_0.76;main_0.77;main_0.78;main_0.79;main_0.80;main_0.81;main_0.82;main_0.83;main_0.84;main_0.85;main_0.86;main_0.87;main_0.88;main_0.89;main_0.90;main_0.91;main_0.92;main_0.93;main_0.94;main_0.95;main_0.96;main_0.97;main_0.98;main_0.99;ramp_0.10;ramp_0.5;ramp_0.6;ramp_0.7;ramp_0.8;ramp_0.9,,,0,-1.0,0.0,0,-1.0,0.0,0,-1.0,0.0,1,32.34467863408161,0.1545849336320657,0,-1.0,0.0,0,-1.0,0.0,0,-1.0,0.0,0,0
322,1,119,1,119,1,44,0,75,75,77,0,0,0,75,main_0.107,main_0.107,main_0.38,,main_0.100;main_0.101;main_0.102;main_0.103;main_0.104;main_0.105;main_0.106;main_0.107;main_0.35;main_0.40;main_0.41;main_0.42;main_0.43;main_0.44;main_0.45;main_0.46;main_0.47;main_0.48;main_0.49;main_0.50;main_0.51;main_0.52;main_0.53;main_0.54;main_0.55;main_0.56;main_0.57;main_0.58;main_0.59;main_0.60;main_0.61;main_0.62;main_0.63;main_0.64;main_0.65;main_0.66;main_0.67;main_0.68;main_0.69;main_0.70;main_0.71;main_0.72;main_0.73;main_0.74;main_0.75;main_0.76;main_0.77;main_0.78;main_0.79;main_0.80;main_0.81;main_0.82;main_0.83;main_0.84;main_0.85;main_0.86;main_0.87;main_0.88;main_0.89;main_0.90;main_0.91;main_0.92;main_0.93;main_0.94;main_0.95;main_0.96;main_0.97;main_0.98;main_0.99;ramp_0.10;ramp_0.5;ramp_0.6;ramp_0.7;ramp_0.8;ramp_0.9,,,0,-1.0,0.0,0,-1.0,0.0,0,-1.0,0.0,0,-1.0,0.0,0,-1.0,0.0,0,-1.0,0.0,0,-1.0,0.0,0,0
323,0,119,0,119,1,45,0,74,74,76,0,0,0,74,,,main_0.35,,main_0.100;main_0.101;main_0.102;main_0.103;main_0.104;main_0.105;main_0.106;main_0.107;main_0.40;main_0.41;main_0.42;main_0.43;main_0.44;main_0.45;main_0.46;main_0.47;main_0.48;main_0.49;main_0.50;main_0.51;main_0.52;main_0.53;main_0.54;main_0.55;main_0.56;main_0.57;main_0.58;main_0.59;main_0.60;main_0.61;main_0.62;main_0.63;main_0.64;main_0.65;main_0.66;main_0.67;main_0.68;main_0.69;main_0.70;main_0.71;main_0.72;main_0.73;main_0.74;main_0.75;main_0.76;main_0.77;main_0.78;main_0.79;main_0.80;main_0.81;main_0.82;main_0.83;main_0.84;main_0.85;main_0.86;main_0.87;main_0.88;main_0.89;main_0.90;main_0.91;main_0.92;main_0.93;main_0.94;main_0.95;main_0.96;main_0.97;main_0.98;main_0.99;ramp_0.10;ramp_0.5;ramp_0.6;ramp_0.7;ramp_0.8;ramp_0.9,,,1,32.33635817513362,0.15462470983652565,1,33.22543868486314,0.15048710259100062,0,-1.0,0.0,0,-1.0,0.0,0,-1.0,0.0,0,-1.0,0.0,0,-1.0,0.0,0,0
324,0,119,0,119,0,45,0,74,74,76,0,0,0,74,,,,,main_0.100;main_0.101;main_0.102;main_0.103;main_0.104;main_0.105;main_0.106;main_0.107;main_0.40;main_0.41;main_0.42;main_0.43;main_0.44;main_0.45;main_0.46;main_0.47;main_0.48;main_0.49;main_0.50;main_0.51;main_0.52;main_0.53;main_0.54;main_0.55;main_0.56;main_0.57;main_0.58;main_0.59;main_0.60;main_0.61;main_0.62;main_0.63;main_0.64;main_0.65;main_0.66;main_0.67;main_0.68;main_0.69;main_0.70;main_0.71;main_0.72;main_0.73;main_0.74;main_0.75;main_0.76;main_0.77;main_0.78;main_0.79;main_0.80;main_0.81;main_0.82;main_0.83;main_0.84;main_0.85;main_0.86;main_0.87;main_0.88;main_0.89;main_0.90;main_0.91;main_0.92;main_0.93;main_0.94;main_0.95;main_0.96;main_0.97;main_0.98;main_0.99;ramp_0.10;ramp_0.5;ramp_0.6;ramp_0.7;ramp_0.8;ramp_0.9,,,0,-1.0,0.0,0,-1.0,0.0,0,-1.0,0.0,0,-1.0,0.0,0,-1.0,0.0,0,-1.0,0.0,0,-1.0,0.0,0,0
325,1,120,1,120,0,45,0,75,75,77,0,0,0,75,main_0.108,main_0.108,,,main_0.100;main_0.101;main_0.102;main_0.103;main_0.104;main_0.105;main_0.106;main_0.107;main_0.108;main_0.40;main_0.41;main_0.42;main_0.43;main_0.44;main_0.45;main_0.46;main_0.47;main_0.48;main_0.49;main_0.50;main_0.51;main_0.52;main_0.53;main_0.54;main_0.55;main_0.56;main_0.57;main_0.58;main_0.59;main_0.60;main_0.61;main_0.62;main_0.63;main_0.64;main_0.65;main_0.66;main_0.67;main_0.68;main_0.69;main_0.70;main_0.71;main_0.72;main_0.73;main_0.74;main_0.75;main_0.76;main_0.77;main_0.78;main_0.79;main_0.80;main_0.81;main_0.82;main_0.83;main_0.84;main_0.85;main_0.86;main_0.87;main_0.88;main_0.89;main_0.90;main_0.91;main_0.92;main_0.93;main_0.94;main_0.95;main_0.96;main_0.97;main_0.98;main_0.99;ramp_0.10;ramp_0.5;ramp_0.6;ramp_0.7;ramp_0.8;ramp_0.9,,,0,-1.0,0.0,0,-1.0,0.0,0,-1.0,0.0,1,31.77280222666457,0.1573672968575579,0,-1.0,0.0,0,-1.0,0.0,0,-1.0,0.0,0,0
326,0,120,0,120,0,45,0,75,75,77,0,0,0,75,,,,,main_0.100;main_0.101;main_0.102;main_0.103;main_0.104;main_0.105;main_0.106;main_0.107;main_0.108;main_0.40;main_0.41;main_0.42;main_0.43;main_0.44;main_0.45;main_0.46;main_0.47;main_0.48;main_0.49;main_0.50;main_0.51;main_0.52;main_0.53;main_0.54;main_0.55;main_0.56;main_0.57;main_0.58;main_0.59;main_0.60;main_0.61;main_0.62;main_0.63;main_0.64;main_0.65;main_0.66;main_0.67;main_0.68;main_0.69;main_0.70;main_0.71;main_0.72;main_0.73;main_0.74;main_0.75;main_0.76;main_0.77;main_0.78;main_0.79;main_0.80;main_0.81;main_0.82;main_0.83;main_0.84;main_0.85;main_0.86;main_0.87;main_0.88;main_0.89;main_0.90;main_0.91;main_0.92;main_0.93;main_0.94;main_0.95;main_0.96;main_0.97;main_0.98;main_0.99;ramp_0.10;ramp_0.5;ramp_0.6;ramp_0.7;ramp_0.8;ramp_0.9,,,0,-1.0,0.0,0,-1.0,0.0,0,-1.0,0.0,0,-1.0,0.0,0,-1.0,0.0,0,-1.0,0.0,0,-1.0,0.0,0,0
327,0,120,0,120,0,45,0,75,75,77,0,0,0,75,,,,,main_0.100;main_0.101;main_0.102;main_0.103;main_0.104;main_0.105;main_0.106;main_0.107;main_0.108;main_0.40;main_0.41;main_0.42;main_0.43;main_0.44;main_0.45;main_0.46;main_0.47;main_0.48;main_0.49;main_0.50;main_0.51;main_0.52;main_0.53;main_0.54;main_0.55;main_0.56;main_0.57;main_0.58;main_0.59;main_0.60;main_0.61;main_0.62;main_0.63;main_0.64;main_0.65;main_0.66;main_0.67;main_0.68;main_0.69;main_0.70;main_0.71;main_0.72;main_0.73;main_0.74;main_0.75;main_0.76;main_0.77;main_0.78;main_0.79;main_0.80;main_0.81;main_0.82;main_0.83;main_0.84;main_0.85;main_0.86;main_0.87;main_0.88;main_0.89;main_0.90;main_0.91;main_0.92;main_0.93;main_0.94;main_0.95;main_0.96;main_0.97;main_0.98;main_0.99;ramp_0.10;ramp_0.5;ramp_0.6;ramp_0.7;ramp_0.8;ramp_0.9,,,0,-1.0,0.0,0,-1.0,0.0,0,-1.0,0.0,0,-1.0,0.0,1,32.960087690623595,0.1045398245782394,1,20.574024703703312,0.19791722412850277,0,-1.0,0.0,0,0
328,1,121,1,121,0,45,0,76,76,78,0,0,0,76,main_0.109,main_0.109,,,main_0.100;main_0.101;main_0.102;main_0.103;main_0.104;main_0.105;main_0.106;main_0.107;main_0.108;main_0.109;main_0.40;main_0.41;main_0.42;main_0.43;main_0.44;main_0.45;main_0.46;main_0.47;main_0.48;main_0.49;main_0.50;main_0.51;main_0.52;main_0.53;main_0.54;main_0.55;main_0.56;main_0.57;main_0.58;main_0.59;main_0.60;main_0.61;main_0.62;main_0.63;main_0.64;main_0.65;main_0.66;main_0.67;main_0.68;main_0.69;main_0.70;main_0.71;main_0.72;main_0.73;main_0.74;main_0.75;main_0.76;main_0.77;main_0.78;main_0.79;main_0.80;main_0.81;main_0.82;main_0.83;main_0.84;main_0.85;main_0.86;main_0.87;main_0.88;main_0.89;main_0.90;main_0.91;main_0.92;main_0.93;main_0.94;main_0.95;main_0.96;main_0.97;main_0.98;main_0.99;ramp_0.10;ramp_0.5;ramp_0.6;ramp_0.7;ramp_0.8;ramp_0.9,,,0,-1.0,0.0,0,-1.0,0.0,0,-1.0,0.0,0,-1.0,0.0,1,-1.0,0.0,1,-1.0,0.0,0,-1.0,0.0,0,0
329,0,121,0,121,2,47,0,74,74,76,0,0,0,74,,,main_0.40;main_0.46,,main_0.100;main_0.101;main_0.102;main_0.103;main_0.104;main_0.105;main_0.106;main_0.107;main_0.108;main_0.109;main_0.41;main_0.42;main_0.43;main_0.44;main_0.45;main_0.47;main_0.48;main_0.49;main_0.50;main_0.51;main_0.52;main_0.53;main_0.54;main_0.55;main_0.56;main_0.57;main_0.58;main_0.59;main_0.60;main_0.61;main_0.62;main_0.63;main_0.64;main_0.65;main_0.66;main_0.67;main_0.68;main_0.69;main_0.70;main_0.71;main_0.72;main_0.73;main_0.74;main_0.75;main_0.76;main_0.77;main_0.78;main_0.79;main_0.80;main_0.81;main_0.82;main_0.83;main_0.84;main_0.85;main_0.86;main_0.87;main_0.88;main_0.89;main_0.90;main_0.91;main_0.92;main_0.93;main_0.94;main_0.95;main_0.96;main_0.97;main_0.98;main_0.99;ramp_0.10;ramp_0.5;ramp_0.6;ramp_0.7;ramp_0.8;ramp_0.9,,,1,32.70154022555381,0.15289799702134133,0,-1.0,0.0,0,-1.0,0.0,0,-1.0,0.0,0,-1.0,0.0,0,-1.0,0.0,0,-1.0,0.0,0,0
330,0,121,0,121,0,47,0,74,74,76,0,0,0,74,,,,,main_0.100;main_0.101;main_0.102;main_0.103;main_0.104;main_0.105;main_0.106;main_0.107;main_0.108;main_0.109;main_0.41;main_0.42;main_0.43;main_0.44;main_0.45;main_0.47;main_0.48;main_0.49;main_0.50;main_0.51;main_0.52;main_0.53;main_0.54;main_0.55;main_0.56;main_0.57;main_0.58;main_0.59;main_0.60;main_0.61;main_0.62;main_0.63;main_0.64;main_0.65;main_0.66;main_0.67;main_0.68;main_0.69;main_0.70;main_0.71;main_0.72;main_0.73;main_0.74;main_0.75;main_0.76;main_0.77;main_0.78;main_0.79;main_0.80;main_0.81;main_0.82;main_0.83;main_0.84;main_0.85;main_0.86;main_0.87;main_0.88;main_0.89;main_0.90;main_0.91;main_0.92;main_0.93;main_0.94;main_0.95;main_0.96;main_0.97;main_0.98;main_0.99;ramp_0.10;ramp_0.5;ramp_0.6;ramp_0.7;ramp_0.8;ramp_0.9,,,0,-1.0,0.0,1,32.97193791124175,0.15164410455520283,1,33.22127719490356,0.09174547786341236,0,-1.0,0.0,0,-1.0,0.0,0,-1.0,0.0,0,-1.0,0.0,0,0
331,2,123,2,123,0,47,0,76,76,77,0,0,0,76,main_0.110;ramp_0.11,main_0.110;ramp_0.11,,,main_0.100;main_0.101;main_0.102;main_0.103;main_0.104;main_0.105;main_0.106;main_0.107;main_0.108;main_0.109;main_0.110;main_0.41;main_0.42;main_0.43;main_0.44;main_0.45;main_0.47;main_0.48;main_0.49;main_0.50;main_0.51;main_0.52;main_0.53;main_0.54;main_0.55;main_0.56;main_0.57;main_0.58;main_0.59;main_0.60;main_0.61;main_0.62;main_0.63;main_0.64;main_0.65;main_0.66;main_0.67;main_0.68;main_0.69;main_0.70;main_0.71;main_0.72;main_0.73;main_0.74;main_0.75;main_0.76;main_0.77;main_0.78;main_0.79;main_0.80;main_0.81;main_0.82;main_0.83;main_0.84;main_0.85;main_0.86;main_0.87;main_0.88;main_0.89;main_0.90;main_0.91;main_0.92;main_0.93;main_0.94;main_0.95;main_0.96;main_0.97;main_0.98;main_0.99;ramp_0.10;ramp_0.11;ramp_0.5;ramp_0.6;ramp_0.7;ramp_0.8;ramp_0.9,,,0,-1.0,0.0,0,-1.0,0.0,1,-1.0,0.0,0,-1.0,0.0,0,-1.0,0.0,0,-1.0,0.0,0,-1.0,0.0,1,0
332,0,123,0,123,0,47,0,76,76,77,0,0,0,76,,,,,main_0.100;main_0.101;main_0.102;main_0.103;main_0.104;main_0.105;main_0.106;main_0.107;main_0.108;main_0.109;main_0.110;main_0.41;main_0.42;main_0.43;main_0.44;main_0.45;main_0.47;main_0.48;main_0.49;main_0.50;main_0.51;main_0.52;main_0.53;main_0.54;main_0.55;main_0.56;main_0.57;main_0.58;main_0.59;main_0.60;main_0.61;main_0.62;main_0.63;main_0.64;main_0.65;main_0.66;main_0.67;main_0.68;main_0.69;main_0.70;main_0.71;main_0.72;main_0.73;main_0.74;main_0.75;main_0.76;main_0.77;main_0.78;main_0.79;main_0.80;main_0.81;main_0.82;main_0.83;main_0.84;main_0.85;main_0.86;main_0.87;main_0.88;main_0.89;main_0.90;main_0.91;main_0.92;main_0.93;main_0.94;main_0.95;main_0.96;main_0.97;main_0.98;main_0.99;ramp_0.10;ramp_0.11;ramp_0.5;ramp_0.6;ramp_0.7;ramp_0.8;ramp_0.9,,,0,-1.0,0.0,0,-1.0,0.0,0,-1.0,0.0,0,-1.0,0.0,0,-1.0,0.0,0,-1.0,0.0,0,-1.0,0.0,1,0
333,0,123,0,123,1,48,0,75,75,76,0,0,0,75,,,main_0.45,,main_0.100;main_0.101;main_0.102;main_0.103;main_0.104;main_0.105;main_0.106;main_0.107;main_0.108;main_0.109;main_0.110;main_0.41;main_0.42;main_0.43;main_0.44;main_0.47;main_0.48;main_0.49;main_0.50;main_0.51;main_0.52;main_0.53;main_0.54;main_0.55;main_0.56;main_0.57;main_0.58;main_0.59;main_0.60;main_0.61;main_0.62;main_0.63;main_0.64;main_0.65;main_0.66;main_0.67;main_0.68;main_0.69;main_0.70;main_0.71;main_0.72;main_0.73;main_0.74;main_0.75;main_0.76;main_0.77;main_0.78;main_0.79;main_0.80;main_0.81;main_0.82;main_0.83;main_0.84;main_0.85;main_0.86;main_0.87;main_0.88;main_0.89;main_0.90;main_0.91;main_0.92;main_0.93;main_0.94;main_0.95;main_0.96;main_0.97;main_0.98;main_0.99;ramp_0.10;ramp_0.11;ramp_0.5;ramp_0.6;ramp_0.7;ramp_0.8;ramp_0.9,,,0,-1.0,0.0,0,-1.0,0.0,0,-1.0,0.0,0,-1.0,0.0,0,-1.0,0.0,0,-1.0,0.0,1,21.161485513192936,0.23627830838637465,1,0
334,1,124,1,124,1,49,0,75,75,76,0,0,0,75,main_0.111,main_0.111,main_0.50,,main_0.100;main_0.101;main_0.102;main_0.103;main_0.104;main_0.105;main_0.106;main_0.107;main_0.108;main_0.109;main_0.110;main_0.111;main_0.41;main_0.42;main_0.43;main_0.44;main_0.47;main_0.48;main_0.49;main_0.51;main_0.52;main_0.53;main_0.54;main_0.55;main_0.56;main_0.57;main_0.58;main_0.59;main_0.60;main_0.61;main_0.62;main_0.63;main_0.64;main_0.65;main_0.66;main_0.67;main_0.68;main_0.69;main_0.70;main_0.71;main_0.72;main_0.73;main_0.74;main_0.75;main_0.76;main_0.77;main_0.78;main_0.79;main_0.80;main_0.81;main_0.82;main_0.83;main_0.84;main_0.85;main_0.86;main_0.87;main_0.88;main_0.89;main_0.90;main_0.91;main_0.92;main_0.93;main_0.94;main_0.95;main_0.96;main_0.97;main_0.98;main_0.99;ramp_0.10;ramp_0.11;ramp_0.5;ramp_0.6;ramp_0.7;ramp_0.8;ramp_0.9,,,0,-1.0,0.0,1,31.83142365170731,0.15707748590540405,0,-1.0,0.0,0,-1.0,0.0,1,26.95160956937042,0.18551767704747135,1,28.95122040941693,0.1727042911936678,0,-1.0,0.0,1,0
335,0,124,0,124,0,49,0,75,75,76,0,0,0,75,,,,,main_0.100;main_0.101;main_0.102;main_0.103;main_0.104;main_0.105;main_0.106;main_0.107;main_0.108;main_0.109;main_0.110;main_0.111;main_0.41;main_0.42;main_0.43;main_0.44;main_0.47;main_0.48;main_0.49;main_0.51;main_0.52;main_0.53;main_0.54;main_0.55;main_0.56;main_0.57;main_0.58;main_0.59;main_0.60;main_0.61;main_0.62;main_0.63;main_0.64;main_0.65;main_0.66;main_0.67;main_0.68;main_0.69;main_0.70;main_0.71;main_0.72;main_0.73;main_0.74;main_0.75;main_0.76;main_0.77;main_0.78;main_0.79;main_0.80;main_0.81;main_0.82;main_0.83;main_0.84;main_0.85;main_0.86;main_0.87;main_0.88;main_0.89;main_0.90;main_0.91;main_0.92;main_0.93;main_0.94;main_0.95;main_0.96;main_0.97;main_0.98;main_0.99;ramp_0.10;ramp_0.11;ramp_0.5;ramp_0.6;ramp_0.7;ramp_0.8;ramp_0.9,,,0,-1.0,0.0,0,-1.0,0.0,1,32.81757957789569,0.1523573665185154,0,-1.0,0.0,1,25.804529629713244,0.13874651358679557,0,-1.0,0.0,0,-1.0,0.0,1,0
336,0,124,0,124,0,49,0,75,75,76,0,0,0,75,,,,,main_0.100;main_0.101;main_0.102;main_0.103;main_0.104;main_0.105;main_0.106;main_0.107;main_0.108;main_0.109;main_0.110;main_0.111;main_0.41;main_0.42;main_0.43;main_0.44;main_0.47;main_0.48;main_0.49;main_0.51;main_0.52;main_0.53;main_0.54;main_0.55;main_0.56;main_0.57;main_0.58;main_0.59;main_0.60;main_0.61;main_0.62;main_0.63;main_0.64;main_0.65;main_0.66;main_0.67;main_0.68;main_0.69;main_0.70;main_0.71;main_0.72;main_0.73;main_0.74;main_0.75;main_0.76;main_0.77;main_0.78;main_0.79;main_0.80;main_0.81;main_0.82;main_0.83;main_0.84;main_0.85;main_0.86;main_0.87;main_0.88;main_0.89;main_0.90;main_0.91;main_0.92;main_0.93;main_0.94;main_0.95;main_0.96;main_0.97;main_0.98;main_0.99;ramp_0.10;ramp_0.11;ramp_0.5;ramp_0.6;ramp_0.7;ramp_0.8;ramp_0.9,,,0,-1.0,0.0,1,31.975081554094732,0.1563717669192215,0,-1.0,0.0,0,-1.0,0.0,1,-1.0,0.0,0,-1.0,0.0,0,-1.0,0.0,1,0
337,1,125,1,125,1,50,0,75,75,76,0,0,0,75,main_0.112,main_0.112,main_0.44,,main_0.100;main_0.101;main_0.102;main_0.103;main_0.104;main_0.105;main_0.106;main_0.107;main_0.108;main_0.109;main_0.110;main_0.111;main_0.112;main_0.41;main_0.42;main_0.43;main_0.47;main_0.48;main_0.49;main_0.51;main_0.52;main_0.53;main_0.54;main_0.55;main_0.56;main_0.57;main_0.58;main_0.59;main_0.60;main_0.61;main_0.62;main_0.63;main_0.64;main_0.65;main_0.66;main_0.67;main_0.68;main_0.69;main_0.70;main_0.71;main_0.72;main_0.73;main_0.74;main_0.75;main_0.76;main_0.77;main_0.78;main_0.79;main_0.80;main_0.81;main_0.82;main_0.83;main_0.84;main_0.85;main_0.86;main_0.87;main_0.88;main_0.89;main_0.90;main_0.91;main_0.92;main_0.93;main_0.94;main_0.95;main_0.96;main_0.97;main_0.98;main_0.99;ramp_0.10;ramp_0.11;ramp_0.5;ramp_0.6;ramp_0.7;ramp_0.8;ramp_0.9,,,0,-1.0,0.0,0,-1.0,0.0,0,-1.0,0.0,0,-1.0,0.0,0,-1.0,0.0,1,30.438797367366437,0.16426404564066388,0,-1.0,0.0,1,0
338,0,125,0,125,0,50,0,75,75,76,0,0,0,75,,,,,main_0.100;main_0.101;main_0.102;main_0.103;main_0.104;main_0.105;main_0.106;main_0.107;main_0.108;main_0.109;main_0.110;main_0.111;main_0.112;main_0.41;main_0.42;main_0.43;main_0.47;main_0.48;main_0.49;main_0.51;main_0.52;main_0.53;main_0.54;main_0.55;main_0.56;main_0.57;main_0.58;main_0.59;main_0.60;main_0.61;main_0.62;main_0.63;main_0.64;main_0.65;main_0.66;main_0.67;main_0.68;main_0.69;main_0.70;main_0.71;main_0.72;main_0.73;main_0.74;main_0.75;main_0.76;main_0.77;main_0.78;main_0.79;main_0.80;main_0.81;main_0.82;main_0.83;main_0.84;main_0.85;main_0.86;main_0.87;main_0.88;main_0.89;main_0.90;main_0.91;main_0.92;main_0.93;main_0.94;main_0.95;main_0.96;main_0.97;main_0.98;main_0.99;ramp_0.10;ramp_0.11;ramp_0.5;ramp_0.6;ramp_0.7;ramp_0.8;ramp_0.9,,,0,-1.0,0.0,0,-1.0,0.0,0,-1.0,0.0,0,-1.0,0.0,0,-1.0,0.0,0,-1.0,0.0,0,-1.0,0.0,1,0
339,0,125,0,125,1,51,0,74,74,75,0,0,0,74,,,main_0.47,,main_0.100;main_0.101;main_0.102;main_0.103;main_0.104;main_0.105;main_0.106;main_0.107;main_0.108;main_0.109;main_0.110;main_0.111;main_0.112;main_0.41;main_0.42;main_0.43;main_0.48;main_0.49;main_0.51;main_0.52;main_0.53;main_0.54;main_0.55;main_0.56;main_0.57;main_0.58;main_0.59;main_0.60;main_0.61;main_0.62;main_0.63;main_0.64;main_0.65;main_0.66;main_0.67;main_0.68;main_0.69;main_0.70;main_0.71;main_0.72;main_0.73;main_0.74;main_0.75;main_0.76;main_0.77;main_0.78;main_0.79;main_0.80;main_0.81;main_0.82;main_0.83;main_0.84;main_0.85;main_0.86;main_0.87;main_0.88;main_0.89;main_0.90;main_0.91;main_0.92;main_0.93;main_0.94;main_0.95;main_0.96;main_0.97;main_0.98;main_0.99;ramp_0.10;ramp_0.11;ramp_0.5;ramp_0.6;ramp_0.7;ramp_0.8;ramp_0.9,,,0,-1.0,0.0,1,31.251183115516085,0.15999394267788603,0,-1.0,0.0,1,32.99103498703619,0.15155632437614486,0,-1.0,0.0,0,-1.0,0.0,0,-1.0,0.0,1,0
340,1,126,1,126,1,52,0,74,74,75,0,0,0,74,main_0.113,main_0.113,main_0.51,,main_0.100;main_0.101;main_0.102;main_0.103;main_0.104;main_0.105;main_0.106;main_0.107;main_0.108;main_0.109;main_0.110;main_0.111;main_0.112;main_0.113;main_0.41;main_0.42;main_0.43;main_0.48;main_0.49;main_0.52;main_0.53;main_0.54;main_0.55;main_0.56;main_0.57;main_0.58;main_0.59;main_0.60;main_0.61;main_0.62;main_0.63;main_0.64;main_0.65;main_0.66;main_0.67;main_0.68;main_0.69;main_0.70;main_0.71;main_0.72;main_0.73;main_0.74;main_0.75;main_0.76;main_0.77;main_0.78;main_0.79;main_0.80;main_0.81;main_0.82;main_0.83;main_0.84;main_0.85;main_0.86;main_0.87;main_0.88;main_0.89;main_0.90;main_0.91;main_0.92;main_0.93;main_0.94;main_0.95;main_0.96;main_0.97;main_0.98;main_0.99;ramp_0.10;ramp_0.11;ramp_0.5;ramp_0.6;ramp_0.7;ramp_0.8;ramp_0.9,,,1,32.78535227193293,0.03401428173640397,0,-1.0,0.0,1,29.626756713299475,0.16388975258308847,0,-1.0,0.0,0,-1.0,0.0,0,-1.0,0.0,0,-1.0,0.0,1,0
341,0,126,0,126,1,53,0,73,73,74,0,0,0,73,,,main_0.41,,main_0.100;main_0.101;main_0.102;main_0.103;main_0.104;main_0.105;main_0.106;main_0.107;main_0.108;main_0.109;main_0.110;main_0.111;main_0.112;main_0.113;main_0.42;main_0.43;main_0.48;main_0.49;main_0.52;main_0.53;main_0.54;main_0.55;main_0.56;main_0.57;main_0.58;main_0.59;main_0.60;main_0.61;main_0.62;main_0.63;main_0.64;main_0.65;main_0.66;main_0.67;main_0.68;main_0.69;main_0.70;main_0.71;main_0.72;main_0.73;main_0.74;main_0.75;main_0.76;main_0.77;main_0.78;main_0.79;main_0.80;main_0.81;main_0.82;main_0.83;main_0.84;main_0.85;main_0.86;main_0.87;main_0.88;main_0.89;main_0.90;main_0.91;main_0.92;main_0.93;main_0.94;main_0.95;main_0.96;main_0.97;main_0.98;main_0.99;ramp_0.10;ramp_0.11;ramp_0.5;ramp_0.6;ramp_0.7;ramp_0.8;ramp_0.9,,,1,-1.0,0.0,0,-1.0,0.0,1,-1.0,0.0,0,-1.0,0.0,1,28.155713301341276,0.17758385115257624,1,31.87335946584503,0.06550400322674932,0,-1.0,0.0,1,0
342,0,126,0,126,0,53,0,73,73,74,0,0,0,73,,,,,main_0.100;main_0.101;main_0.102;main_0.103;main_0.104;main_0.105;main_0.106;main_0.107;main_0.108;main_0.109;main_0.110;main_0.111;main_0.112;main_0.113;main_0.42;main_0.43;main_0.48;main_0.49;main_0.52;main_0.53;main_0.54;main_0.55;main_0.56;main_0.57;main_0.58;main_0.59;main_0.60;main_0.61;main_0.62;main_0.63;main_0.64;main_0.65;main_0.66;main_0.67;main_0.68;main_0.69;main_0.70;main_0.71;main_0.72;main_0.73;main_0.74;main_0.75;main_0.76;main_0.77;main_0.78;main_0.79;main_0.80;main_0.81;main_0.82;main_0.83;main_0.84;main_0.85;main_0.86;main_0.87;main_0.88;main_0.89;main_0.90;main_0.91;main_0.92;main_0.93;main_0.94;main_0.95;main_0.96;main_0.97;main_0.98;main_0.99;ramp_0.10;ramp_0.11;ramp_0.5;ramp_0.6;ramp_0.7;ramp_0.8;ramp_0.9,,,0,-1.0,0.0,0,-1.0,0.0,0,-1.0,0.0,0,-1.0,0.0,0,-1.0,0.0,1,-1.0,0.0,0,-1.0,0.0,1,0
343,1,127,1,127,0,53,0,74,74,75,0,0,0,74,main_0.114,main_0.114,,,main_0.100;main_0.101;main_0.102;main_0.103;main_0.104;main_0.105;main_0.106;main_0.107;main_0.108;main_0.109;main_0.110;main_0.111;main_0.112;main_0.113;main_0.114;main_0.42;main_0.43;main_0.48;main_0.49;main_0.52;main_0.53;main_0.54;main_0.55;main_0.56;main_0.57;main_0.58;main_0.59;main_0.60;main_0.61;main_0.62;main_0.63;main_0.64;main_0.65;main_0.66;main_0.67;main_0.68;main_0.69;main_0.70;main_0.71;main_0.72;main_0.73;main_0.74;main_0.75;main_0.76;main_0.77;main_0.78;main_0.79;main_0.80;main_0.81;main_0.82;main_0.83;main_0.84;main_0.85;main_0.86;main_0.87;main_0.88;main_0.89;main_0.90;main_0.91;main_0.92;main_0.93;main_0.94;main_0.95;main_0.96;main_0.97;main_0.98;main_0.99;ramp_0.10;ramp_0.11;ramp_0.5;ramp_0.6;ramp_0.7;ramp_0.8;ramp_0.9,,,0,-1.0,0.0,0,-1.0,0.0,0,-1.0,0.0,0,-1.0,0.0,0,-1.0,0.0,0,-1.0,0.0,0,-1.0,0.0,1,0
344,0,127,0,127,0,53,0,74,74,75,0,0,0,74,,,,,main_0.100;main_0.101;main_0.102;main_0.103;main_0.104;main_0.105;main_0.106;main_0.107;main_0.108;main_0.109;main_0.110;main_0.111;main_0.112;main_0.113;main_0.114;main_0.42;main_0.43;main_0.48;main_0.49;main_0.52;main_0.53;main_0.54;main_0.55;main_0.56;main_0.57;main_0.58;main_0.59;main_0.60;main_0.61;main_0.62;main_0.63;main_0.64;main_0.65;main_0.66;main_0.67;main_0.68;main_0.69;main_0.70;main_0.71;main_0.72;main_0.73;main_0.74;main_0.75;main_0.76;main_0.77;main_0.78;main_0.79;main_0.80;main_0.81;main_0.82;main_0.83;main_0.84;main_0.85;main_0.86;main_0.87;main_0.88;main_0.89;main_0.90;main_0.91;main_0.92;main_0.93;main_0.94;main_0.95;main_0.96;main_0.97;main_0.98;main_0.99;ramp_0.10;ramp_0.11;ramp_0.5;ramp_0.6;ramp_0.7;ramp_0.8;ramp_0.9,,,0,-1.0,0.0,1,31.531037554023538,0.15857391281315358,1,30.77361495174832,0.16247684933472328,1,32.59734097495949,0.153386744147042,0,-1.0,0.0,0,-1.0,0.0,0,-1.0,0.0,1,0
345,0,127,0,127,1,54,0,73,73,74,0,0,0,73,,,main_0.43,,main_0.100;main_0.101;main_0.102;main_0.103;main_0.104;main_0.105;main_0.106;main_0.107;main_0.108;main_0.109;main_0.110;main_0.111;main_0.112;main_0.113;main_0.114;main_0.42;main_0.48;main_0.49;main_0.52;main_0.53;main_0.54;main_0.55;main_0.56;main_0.57;main_0.58;main_0.59;main_0.60;main_0.61;main_0.62;main_0.63;main_0.64;main_0.65;main_0.66;main_0.67;main_0.68;main_0.69;main_0.70;main_0.71;main_0.72;main_0.73;main_0.74;main_0.75;main_0.76;main_0.77;main_0.78;main_0.79;main_0.80;main_0.81;main_0.82;main_0.83;main_0.84;main_0.85;main_0.86;main_0.87;main_0.88;main_0.89;main_0.90;main_0.91;main_0.92;main_0.93;main_0.94;main_0.95;main_0.96;main_0.97;main_0.98;main_0.99;ramp_0.10;ramp_0.11;ramp_0.5;ramp_0.6;ramp_0.7;ramp_0.8;ramp_0.9,,,0,-1.0,0.0,0,-1.0,0.0,0,-1.0,0.0,0,-1.0,0.0,0,-1.0,0.0,1,31.800053333717823,0.15723244069840803,0,-1.0,0.0,1,0
346,1,128,1,128,0,54,0,74,74,75,0,0,0,74,main_0.115,main_0.115,,,main_0.100;main_0.101;main_0.102;main_0.103;main_0.104;main_0.105;main_0.106;main_0.107;main_0.108;main_0.109;main_0.110;main_0.111;main_0.112;main_0.113;main_0.114;main_0.115;main_0.42;main_0.48;main_0.49;main_0.52;main_0.53;main_0.54;main_0.55;main_0.56;main_0.57;main_0.58;main_0.59;main_0.60;main_0.61;main_0.62;main_0.63;main_0.64;main_0.65;main_0.66;main_0.67;main_0.68;main_0.69;main_0.70;main_0.71;main_0.72;main_0.73;main_0.74;main_0.75;main_0.76;main_0.77;main_0.78;main_0.79;main_0.80;main_0.81;main_0.82;main_0.83;main_0.84;main_0.85;main_0.86;main_0.87;main_0.88;main_0.89;main_0.90;main_0.91;main_0.92;main_0.93;main_0.94;main_0.95;main_0.96;main_0.97;main_0.98;main_0.99;ramp_0.10;ramp_0.11;ramp_0.5;ramp_0.6;ramp_0.7;ramp_0.8;ramp_0.9,,,0,-1.0,0.0,0,-1.0,0.0,0,-1.0,0.0,0,-1.0,0.0,1,29.307807325321534,0.17060300501157144,0,-1.0,0.0,0,-1.0,0.0,0,0
347,0,128,0,128,0,54,0,74,74,75,0,0,0,74,,,,,main_0.100;main_0.101;main_0.102;main_0.103;main_0.104;main_0.105;main_0.106;main_0.107;main_0.108;main_0.109;main_0.110;main_0.111;main_0.112;main_0.113;main_0.114;main_0.115;main_0.42;main_0.48;main_0.49;main_0.52;main_0.53;main_0.54;main_0.55;main_0.56;main_0.57;main_0.58;main_0.59;main_0.60;main_0.61;main_0.62;main_0.63;main_0.64;main_0.65;main_0.66;main_0.67;main_0.68;main_0.69;main_0.70;main_0.71;main_0.72;main_0.73;main_0.74;main_0.75;main_0.76;main_0.77;main_0.78;main_0.79;main_0.80;main_0.81;main_0.82;main_0.83;main_0.84;main_0.85;main_0.86;main_0.87;main_0.88;main_0.89;main_0.90;main_0.91;main_0.92;main_0.93;main_0.94;main_0.95;main_0.96;main_0.97;main_0.98;main_0.99;ramp_0.10;ramp_0.11;ramp_0.5;ramp_0.6;ramp_0.7;ramp_0.8;ramp_0.9,,,1,32.77294461672198,0.152564868933041,0,-1.0,0.0,0,-1.0,0.0,0,-1.0,0.0,0,-1.0,0.0,0,-1.0,0.0,0,-1.0,0.0,0,0
348,0,128,0,128,0,54,0,74,74,75,0,0,0,74,,,,,main_0.100;main_0.101;main_0.102;main_0.103;main_0.104;main_0.105;main_0.106;main_0.107;main_0.108;main_0.109;main_0.110;main_0.111;main_0.112;main_0.113;main_0.114;main_0.115;main_0.42;main_0.48;main_0.49;main_0.52;main_0.53;main_0.54;main_0.55;main_0.56;main_0.57;main_0.58;main_0.59;main_0.60;main_0.61;main_0.62;main_0.63;main_0.64;main_0.65;main_0.66;main_0.67;main_0.68;main_0.69;main_0.70;main_0.71;main_0.72;main_0.73;main_0.74;main_0.75;main_0.76;main_0.77;main_0.78;main_0.79;main_0.80;main_0.81;main_0.82;main_0.83;main_0.84;main_0.85;main_0.86;main_0.87;main_0.88;main_0.89;main_0.90;main_0.91;main_0.92;main_0.93;main_0.94;main_0.95;main_0.96;main_0.97;main_0.98;main_0.99;ramp_0.10;ramp_0.11;ramp_0.5;ramp_0.6;ramp_0.7;ramp_0.8;ramp_0.9,,,0,-1.0,0.0,0,-1.0,0.0,1,31.880969614880417,0.15683337302471045,0,-1.0,0.0,0,-1.0,0.0,0,-1.0,0.0,0,-1.0,0.0,0,0
349,1,129,1,129,0,54,0,75,75,76,0,0,0,75,main_0.116,main_0.116,,,main_0.100;main_0.101;main_0.102;main_0.103;main_0.104;main_0.105;main_0.106;main_0.107;main_0.108;main_0.109;main_0.110;main_0.111;main_0.112;main_0.113;main_0.114;main_0.115;main_0.116;main_0.42;main_0.48;main_0.49;main_0.52;main_0.53;main_0.54;main_0.55;main_0.56;main_0.57;main_0.58;main_0.59;main_0.60;main_0.61;main_0.62;main_0.63;main_0.64;main_0.65;main_0.66;main_0.67;main_0.68;main_0.69;main_0.70;main_0.71;main_0.72;main_0.73;main_0.74;main_0.75;main_0.76;main_0.77;main_0.78;main_0.79;main_0.80;main_0.81;main_0.82;main_0.83;main_0.84;main_0.85;main_0.86;main_0.87;main_0.88;main_0.89;main_0.90;main_0.91;main_0.92;main_0.93;main_0.94;main_0.95;main_0.96;main_0.97;main_0.98;main_0.99;ramp_0.10;ramp_0.11;ramp_0.5;ramp_0.6;ramp_0.7;ramp_0.8;ramp_0.9,,,1,32.29592771283027,0.08029677953203418,0,-1.0,0.0,0,-1.0,0.0,0,-1.0,0.0,0,-1.0,0.0,0,-1.0,0.0,0,-1.0,0.0,0,0
350,0,129,0,129,0,54,0,75,75,76,0,0,0,75,,,,,main_0.100;main_0.101;main_0.102;main_0.103;main_0.104;main_0.105;main_0.106;main_0.107;main_0.108;main_0.109;main_0.110;main_0.111;main_0.112;main_0.113;main_0.114;main_0.115;main_0.116;main_0.42;main_0.48;main_0.49;main_0.52;main_0.53;main_0.54;main_0.55;main_0.56;main_0.57;main_0.58;main_0.59;main_0.60;main_0.61;main_0.62;main_0.63;main_0.64;main_0.65;main_0.66;main_0.67;main_0.68;main_0.69;main_0.70;main_0.71;main_0.72;main_0.73;main_0.74;main_0.75;main_0.76;main_0.77;main_0.78;main_0.79;main_0.80;main_0.81;main_0.82;main_0.83;main_0.84;main_0.85;main_0.86;main_0.87;main_0.88;main_0.89;main_0.90;main_0.91;main_0.92;main_0.93;main_0.94;main_0.95;main_0.96;main_0.97;main_0.98;main_0.99;ramp_0.10;ramp_0.11;ramp_0.5;ramp_0.6;ramp_0.7;ramp_0.8;ramp_0.9,,,1,-1.0,0.0,0,-1.0,0.0,0,-1.0,0.0,0,-1.0,0.0,0,-1.0,0.0,0,-1.0,0.0,0,-1.0,0.0,0,0
351,0,129,0,129,0,54,0,75,75,76,0,0,0,75,,,,,main_0.100;main_0.101;main_0.102;main_0.103;main_0.104;main_0.105;main_0.106;main_0.107;main_0.108;main_0.109;main_0.110;main_0.111;main_0.112;main_0.113;main_0.114;main_0.115;main_0.116;main_0.42;main_0.48;main_0.49;main_0.52;main_0.53;main_0.54;main_0.55;main_0.56;main_0.57;main_0.58;main_0.59;main_0.60;main_0.61;main_0.62;main_0.63;main_0.64;main_0.65;main_0.66;main_0.67;main_0.68;main_0.69;main_0.70;main_0.71;main_0.72;main_0.73;main_0.74;main_0.75;main_0.76;main_0.77;main_0.78;main_0.79;main_0.80;main_0.81;main_0.82;main_0.83;main_0.84;main_0.85;main_0.86;main_0.87;main_0.88;main_0.89;main_0.90;main_0.91;main_0.92;main_0.93;main_0.94;main_0.95;main_0.96;main_0.97;main_0.98;main_0.99;ramp_0.10;ramp_0.11;ramp_0.5;ramp_0.6;ramp_0.7;ramp_0.8;ramp_0.9,,,0,-1.0,0.0,0,-1.0,0.0,0,-1.0,0.0,0,-1.0,0.0,0,-1.0,0.0,1,32.57672225010912,0.15348382693667872,0,-1.0,0.0,0,0
352,1,130,1,130,2,56,0,74,74,75,0,0,0,74,main_0.117,main_0.117,main_0.49;main_0.52,,main_0.100;main_0.101;main_0.102;main_0.103;main_0.104;main_0.105;main_0.106;main_0.107;main_0.108;main_0.109;main_0.110;main_0.111;main_0.112;main_0.113;main_0.114;main_0.115;main_0.116;main_0.117;main_0.42;main_0.48;main_0.53;main_0.54;main_0.55;main_0.56;main_0.57;main_0.58;main_0.59;main_0.60;main_0.61;main_0.62;main_0.63;main_0.64;main_0.65;main_0.66;main_0.67;main_0.68;main_0.69;main_0.70;main_0.71;main_0.72;main_0.73;main_0.74;main_0.75;main_0.76;main_0.77;main_0.78;main_0.79;main_0.80;main_0.81;main_0.82;main_0.83;main_0.84;main_0.85;main_0.86;main_0.87;main_0.88;main_0.89;main_0.90;main_0.91;main_0.92;main_0.93;main_0.94;main_0.95;main_0.96;main_0.97;main_0.98;main_0.99;ramp_0.10;ramp_0.11;ramp_0.5;ramp_0.6;ramp_0.7;ramp_0.8;ramp_0.9,,,0,-1.0,0.0,0,-1.0,0.0,0,-1.0,0.0,0,-1.0,0.0,1,32.25707998847565,0.15500473079976018,0,-1.0,0.0,0,-1.0,0.0,0,0
353,0,130,0,130,1,57,0,73,73,74,0,0,0,73,,,main_0.48,,main_0.100;main_0.101;main_0.102;main_0.103;main_0.104;main_0.105;main_0.106;main_0.107;main_0.108;main_0.109;main_0.110;main_0.111;main_0.112;main_0.113;main_0.114;main_0.115;main_0.116;main_0.117;main_0.42;main_0.53;main_0.54;main_0.55;main_0.56;main_0.57;main_0.58;main_0.59;main_0.60;main_0.61;main_0.62;main_0.63;main_0.64;main_0.65;main_0.66;main_0.67;main_0.68;main_0.69;main_0.70;main_0.71;main_0.72;main_0.73;main_0.74;main_0.75;main_0.76;main_0.77;main_0.78;main_0.79;main_0.80;main_0.81;main_0.82;main_0.83;main_0.84;main_0.85;main_0.86;main_0.87;main_0.88;main_0.89;main_0.90;main_0.91;main_0.92;main_0.93;main_0.94;main_0.95;main_0.96;main_0.97;main_0.98;main_0.99;ramp_0.10;ramp_0.11;ramp_0.5;ramp_0.6;ramp_0.7;ramp_0.8;ramp_0.9,,,1,31.895396612622402,0.15676243379965626,0,-1.0,0.0,1,32.48589215636667,0.1539129655400302,0,-1.0,0.0,0,-1.0,0.0,0,-1.0,0.0,0,-1.0,0.0,0,0
354,0,130,0,130,0,57,0,73,73,74,0,0,0,73,,,,,main_0.100;main_0.101;main_0.102;main_0.103;main_0.104;main_0.105;main_0.106;main_0.107;main_0.108;main_0.109;main_0.110;main_0.111;main_0.112;main_0.113;main_0.114;main_0.115;main_0.116;main_0.117;main_0.42;main_0.53;main_0.54;main_0.55;main_0.56;main_0.57;main_0.58;main_0.59;main_0.60;main_0.61;main_0.62;main_0.63;main_0.64;main_0.65;main_0.66;main_0.67;main_0.68;main_0.69;main_0.70;main_0.71;main_0.72;main_0.73;main_0.74;main_0.75;main_0.76;main_0.77;main_0.78;main_0.79;main_0.80;main_0.81;main_0.82;main_0.83;main_0.84;main_0.85;main_0.86;main_0.87;main_0.88;main_0.89;main_0.90;main_0.91;main_0.92;main_0.93;main_0.94;main_0.95;main_0.96;main_0.97;main_0.98;main_0.99;ramp_0.10;ramp_0.11;ramp_0.5;ramp_0.6;ramp_0.7;ramp_0.8;ramp_0.9,,,0,-1.0,0.0,0,-1.0,0.0,0,-1.0,0.0,0,-1.0,0.0,0,-1.0,0.0,0,-1.0,0.0,0,-1.0,0.0,0,0
355,1,131,1,131,0,57,0,74,74,75,0,0,0,74,main_0.118,main_0.118,,,main_0.100;main_0.101;main_0.102;main_0.103;main_0.104;main_0.105;main_0.106;main_0.107;main_0.108;main_0.109;main_0.110;main_0.111;main_0.112;main_0.113;main_0.114;main_0.115;main_0.116;main_0.117;main_0.118;main_0.42;main_0.53;main_0.54;main_0.55;main_0.56;main_0.57;main_0.58;main_0.59;main_0.60;main_0.61;main_0.62;main_0.63;main_0.64;main_0.65;main_0.66;main_0.67;main_0.68;main_0.69;main_0.70;main_0.71;main_0.72;main_0.73;main_0.74;main_0.75;main_0.76;main_0.77;main_0.78;main_0.79;main_0.80;main_0.81;main_0.82;main_0.83;main_0.84;main_0.85;main_0.86;main_0.87;main_0.88;main_0.89;main_0.90;main_0.91;main_0.92;main_0.93;main_0.94;main_0.95;main_0.96;main_0.97;main_0.98;main_0.99;ramp_0.10;ramp_0.11;ramp_0.5;ramp_0.6;ramp_0.7;ramp_0.8;ramp_0.9,,,0,-1.0,0.0,0,-1.0,0.0,0,-1.0,0.0,0,-1.0,0.0,0,-1.0,0.0,0,-1.0,0.0,0,-1.0,0.0,0,0
356,0,131,0,131,0,57,0,74,74,75,0,0,0,74,,,,,main_0.100;main_0.101;main_0.102;main_0.103;main_0.104;main_0.105;main_0.106;main_0.107;main_0.108;main_0.109;main_0.110;main_0.111;main_0.112;main_0.113;main_0.114;main_0.115;main_0.116;main_0.117;main_0.118;main_0.42;main_0.53;main_0.54;main_0.55;main_0.56;main_0.57;main_0.58;main_0.59;main_0.60;main_0.61;main_0.62;main_0.63;main_0.64;main_0.65;main_0.66;main_0.67;main_0.68;main_0.69;main_0.70;main_0.71;main_0.72;main_0.73;main_0.74;main_0.75;main_0.76;main_0.77;main_0.78;main_0.79;main_0.80;main_0.81;main_0.82;main_0.83;main_0.84;main_0.85;main_0.86;main_0.87;main_0.88;main_0.89;main_0.90;main_0.91;main_0.92;main_0.93;main_0.94;main_0.95;main_0.96;main_0.97;main_0.98;main_0.99;ramp_0.10;ramp_0.11;ramp_0.5;ramp_0.6;ramp_0.7;ramp_0.8;ramp_0.9,,,0,-1.0,0.0,0,-1.0,0.0,0,-1.0,0.0,0,-1.0,0.0,1,31.9325624415601,0.15657998036175513,0,-1.0,0.0,0,-1.0,0.0,0,0
357,0,131,0,131,0,57,0,74,74,75,0,0,0,74,,,,,main_0.100;main_0.101;main_0.102;main_0.103;main_0.104;main_0.105;main_0.106;main_0.107;main_0.108;main_0.109;main_0.110;main_0.111;main_0.112;main_0.113;main_0.114;main_0.115;main_0.116;main_0.117;main_0.118;main_0.42;main_0.53;main_0.54;main_0.55;main_0.56;main_0.57;main_0.58;main_0.59;main_0.60;main_0.61;main_0.62;main_0.63;main_0.64;main_0.65;main_0.66;main_0.67;main_0.68;main_0.69;main_0.70;main_0.71;main_0.72;main_0.73;main_0.74;main_0.75;main_0.76;main_0.77;main_0.78;main_0.79;main_0.80;main_0.81;main_0.82;main_0.83;main_0.84;main_0.85;main_0.86;main_0.87;main_0.88;main_0.89;main_0.90;main_0.91;main_0.92;main_0.93;main_0.94;main_0.95;main_0.96;main_0.97;main_0.98;main_0.99;ramp_0.10;ramp_0.11;ramp_0.5;ramp_0.6;ramp_0.7;ramp_0.8;ramp_0.9,,,0,-1.0,0.0,0,-1.0,0.0,0,-1.0,0.0,0,-1.0,0.0,0,-1.0,0.0,0,-1.0,0.0,0,-1.0,0.0,0,0
358,1,132,1,132,1,58,0,74,74,74,0,0,0,74,main_0.119,main_0.119,main_0.56,,main_0.100;main_0.101;main_0.102;main_0.103;main_0.104;main_0.105;main_0.106;main_0.107;main_0.108;main_0.109;main_0.110;main_0.111;main_0.112;main_0.113;main_0.114;main_0.115;main_0.116;main_0.117;main_0.118;main_0.119;main_0.42;main_0.53;main_0.54;main_0.55;main_0.57;main_0.58;main_0.59;main_0.60;main_0.61;main_0.62;main_0.63;main_0.64;main_0.65;main_0.66;main_0.67;main_0.68;main_0.69;main_0.70;main_0.71;main_0.72;main_0.73;main_0.74;main_0.75;main_0.76;main_0.77;main_0.78;main_0.79;main_0.80;main_0.81;main_0.82;main_0.83;main_0.84;main_0.85;main_0.86;main_0.87;main_0.88;main_0.89;main_0.90;main_0.91;main_0.92;main_0.93;main_0.94;main_0.95;main_0.96;main_0.97;main_0.98;main_0.99;ramp_0.10;ramp_0.11;ramp_0.5;ramp_0.6;ramp_0.7;ramp_0.8;ramp_0.9,,,1,32.50257223214659,0.10117909105838407,0,-1.0,0.0,0,-1.0,0.0,0,-1.0,0.0,0,-1.0,0.0,1,32.940753888943725,0.1517876614742022,0,-1.0,0.0,0,0
359,0,132,0,132,0,58,0,74,74,74,0,0,0,74,,,,,main_0.100;main_0.101;main_0.102;main_0.103;main_0.104;main_0.105;main_0.106;main_0.107;main_0.108;main_0.109;main_0.110;main_0.111;main_0.112;main_0.113;main_0.114;main_0.115;main_0.116;main_0.117;main_0.118;main_0.119;main_0.42;main_0.53;main_0.54;main_0.55;main_0.57;main_0.58;main_0.59;main_0.60;main_0.61;main_0.62;main_0.63;main_0.64;main_0.65;main_0.66;main_0.67;main_0.68;main_0.69;main_0.70;main_0.71;main_0.72;main_0.73;main_0.74;main_0.75;main_0.76;main_0.77;main_0.78;main_0.79;main_0.80;main_0.81;main_0.82;main_0.83;main_0.84;main_0.85;main_0.86;main_0.87;main_0.88;main_0.89;main_0.90;main_0.91;main_0.92;main_0.93;main_0.94;main_0.95;main_0.96;main_0.97;main_0.98;main_0.99;ramp_0.10;ramp_0.11;ramp_0.5;ramp_0.6;ramp_0.7;ramp_0.8;ramp_0.9,,,1,-1.0,0.0,1,31.76711279764946,0.15739548103880452,0,-1.0,0.0,0,-1.0,0.0,0,-1.0,0.0,0,-1.0,0.0,0,-1.0,0.0,0,0
360,0,132,0,132,1,59,0,73,73,73,0,0,0,73,,,main_0.53,,main_0.100;main_0.101;main_0.102;main_0.103;main_0.104;main_0.105;main_0.106;main_0.107;main_0.108;main_0.109;main_0.110;main_0.111;main_0.112;main_0.113;main_0.114;main_0.115;main_0.116;main_0.117;main_0.118;main_0.119;main_0.42;main_0.54;main_0.55;main_0.57;main_0.58;main_0.59;main_0.60;main_0.61;main_0.62;main_0.63;main_0.64;main_0.65;main_0.66;main_0.67;main_0.68;main_0.69;main_0.70;main_0.71;main_0.72;main_0.73;main_0.74;main_0.75;main_0.76;main_0.77;main_0.78;main_0.79;main_0.80;main_0.81;main_0.82;main_0.83;main_0.84;main_0.85;main_0.86;main_0.87;main_0.88;main_0.89;main_0.90;main_0.91;main_0.92;main_0.93;main_0.94;main_0.95;main_0.96;main_0.97;main_0.98;main_0.99;ramp_0.10;ramp_0.11;ramp_0.5;ramp_0.6;ramp_0.7;ramp_0.8;ramp_0.9,,,0,-1.0,0.0,0,-1.0,0.0,1,33.06188579106556,0.15123154291916308,0,-1.0,0.0,0,-1.0,0.0,0,-1.0,0.0,0,-1.0,0.0,0,0
