level,time_s,seed_count,source_output_dirs_json,mean_speed_mps_observed_seed_count,mean_speed_mps_mean,mean_speed_mps_min,mean_speed_mps_max,bottleneck_flow_veh_observed_seed_count,bottleneck_flow_veh_mean,bottleneck_flow_veh_min,bottleneck_flow_veh_max,ramp_vehicle_max_veh_observed_seed_count,ramp_vehicle_max_veh_mean,ramp_vehicle_max_veh_min,ramp_vehicle_max_veh_max,actual_departure_ratio_observed_seed_count,actual_departure_ratio_mean,actual_departure_ratio_min,actual_departure_ratio_max
low,30,5,"[""D:\\python_install\\py\\rl\\0325\\0325\\outputs\\stage_1\\formal_scans\\stage1_low_formal_v1\\runs\\main3000_ramp300_none_seed0_189a3f3c\\attempt_0001"", ""D:\\python_install\\py\\rl\\0325\\0325\\outputs\\stage_1\\formal_scans\\stage1_low_formal_v1\\runs\\main3000_ramp300_none_seed1_189a3f3c\\attempt_0001"", ""D:\\python_install\\py\\rl\\0325\\0325\\outputs\\stage_1\\formal_scans\\stage1_low_formal_v1\\runs\\main3000_ramp300_none_seed2_189a3f3c\\attempt_0001"", ""D:\\python_install\\py\\rl\\0325\\0325\\outputs\\stage_1\\formal_scans\\stage1_low_formal_v1\\runs\\main3000_ramp300_none_seed3_189a3f3c\\attempt_0001"", ""D:\\python_install\\py\\rl\\0325\\0325\\outputs\\stage_1\\formal_scans\\stage1_low_formal_v1\\runs\\main3000_ramp300_none_seed4_189a3f3c\\attempt_0001""]",5,31.550836262012837,30.228342094100462,32.33298048909305,5,0.0,0.0,0.0,5,1.0,1.0,1.0,5,1.0,1.0,1.0
low,60,5,"[""D:\\python_install\\py\\rl\\0325\\0325\\outputs\\stage_1\\formal_scans\\stage1_low_formal_v1\\runs\\main3000_ramp300_none_seed0_189a3f3c\\attempt_0001"", ""D:\\python_install\\py\\rl\\0325\\0325\\outputs\\stage_1\\formal_scans\\stage1_low_formal_v1\\runs\\main3000_ramp300_none_seed1_189a3f3c\\attempt_0001"", ""D:\\python_install\\py\\rl\\0325\\0325\\outputs\\stage_1\\formal_scans\\stage1_low_formal_v1\\runs\\main3000_ramp300_none_seed2_189a3f3c\\attempt_0001"", ""D:\\python_install\\py\\rl\\0325\\0325\\outputs\\stage_1\\formal_scans\\stage1_low_formal_v1\\runs\\main3000_ramp300_none_seed3_189a3f3c\\attempt_0001"", ""D:\\python_install\\py\\rl\\0325\\0325\\outputs\\stage_1\\formal_scans\\stage1_low_formal_v1\\runs\\main3000_ramp300_none_seed4_189a3f3c\\attempt_0001""]",5,29.850519243152235,28.973712538880065,31.411602505800627,5,0.0,0.0,0.0,5,1.0,1.0,1.0,5,1.0,1.0,1.0
low,90,5,"[""D:\\python_install\\py\\rl\\0325\\0325\\outputs\\stage_1\\formal_scans\\stage1_low_formal_v1\\runs\\main3000_ramp300_none_seed0_189a3f3c\\attempt_0001"", ""D:\\python_install\\py\\rl\\0325\\0325\\outputs\\stage_1\\formal_scans\\stage1_low_formal_v1\\runs\\main3000_ramp300_none_seed1_189a3f3c\\attempt_0001"", ""D:\\python_install\\py\\rl\\0325\\0325\\outputs\\stage_1\\formal_scans\\stage1_low_formal_v1\\runs\\main3000_ramp300_none_seed2_189a3f3c\\attempt_0001"", ""D:\\python_install\\py\\rl\\0325\\0325\\outputs\\stage_1\\formal_scans\\stage1_low_formal_v1\\runs\\main3000_ramp300_none_seed3_189a3f3c\\attempt_0001"", ""D:\\python_install\\py\\rl\\0325\\0325\\outputs\\stage_1\\formal_scans\\stage1_low_formal_v1\\runs\\main3000_ramp300_none_seed4_189a3f3c\\attempt_0001""]",5,30.31275919653188,29.911257205518748,30.96738284326012,5,0.0,0.0,0.0,5,1.0,1.0,1.0,5,1.0,1.0,1.0
low,120,5,"[""D:\\python_install\\py\\rl\\0325\\0325\\outputs\\stage_1\\formal_scans\\stage1_low_formal_v1\\runs\\main3000_ramp300_none_seed0_189a3f3c\\attempt_0001"", ""D:\\python_install\\py\\rl\\0325\\0325\\outputs\\stage_1\\formal_scans\\stage1_low_formal_v1\\runs\\main3000_ramp300_none_seed1_189a3f3c\\attempt_0001"", ""D:\\python_install\\py\\rl\\0325\\0325\\outputs\\stage_1\\formal_scans\\stage1_low_formal_v1\\runs\\main3000_ramp300_none_seed2_189a3f3c\\attempt_0001"", ""D:\\python_install\\py\\rl\\0325\\0325\\outputs\\stage_1\\formal_scans\\stage1_low_formal_v1\\runs\\main3000_ramp300_none_seed3_189a3f3c\\attempt_0001"", ""D:\\python_install\\py\\rl\\0325\\0325\\outputs\\stage_1\\formal_scans\\stage1_low_formal_v1\\runs\\main3000_ramp300_none_seed4_189a3f3c\\attempt_0001""]",5,30.221431052155555,29.796514354519218,30.678297199636724,5,0.0,0.0,0.0,5,1.4,1.0,2.0,5,1.0,1.0,1.0
low,150,5,"[""D:\\python_install\\py\\rl\\0325\\0325\\outputs\\stage_1\\formal_scans\\stage1_low_formal_v1\\runs\\main3000_ramp300_none_seed0_189a3f3c\\attempt_0001"", ""D:\\python_install\\py\\rl\\0325\\0325\\outputs\\stage_1\\formal_scans\\stage1_low_formal_v1\\runs\\main3000_ramp300_none_seed1_189a3f3c\\attempt_0001"", ""D:\\python_install\\py\\rl\\0325\\0325\\outputs\\stage_1\\formal_scans\\stage1_low_formal_v1\\runs\\main3000_ramp300_none_seed2_189a3f3c\\attempt_0001"", ""D:\\python_install\\py\\rl\\0325\\0325\\outputs\\stage_1\\formal_scans\\stage1_low_formal_v1\\runs\\main3000_ramp300_none_seed3_189a3f3c\\attempt_0001"", ""D:\\python_install\\py\\rl\\0325\\0325\\outputs\\stage_1\\formal_scans\\stage1_low_formal_v1\\runs\\main3000_ramp300_none_seed4_189a3f3c\\attempt_0001""]",5,30.540900860776013,30.069517084860266,30.907728376002137,5,3.0,1.0,6.0,5,1.0,1.0,1.0,5,1.0,1.0,1.0
low,180,5,"[""D:\\python_install\\py\\rl\\0325\\0325\\outputs\\stage_1\\formal_scans\\stage1_low_formal_v1\\runs\\main3000_ramp300_none_seed0_189a3f3c\\attempt_0001"", ""D:\\python_install\\py\\rl\\0325\\0325\\outputs\\stage_1\\formal_scans\\stage1_low_formal_v1\\runs\\main3000_ramp300_none_seed1_189a3f3c\\attempt_0001"", ""D:\\python_install\\py\\rl\\0325\\0325\\outputs\\stage_1\\formal_scans\\stage1_low_formal_v1\\runs\\main3000_ramp300_none_seed2_189a3f3c\\attempt_0001"", ""D:\\python_install\\py\\rl\\0325\\0325\\outputs\\stage_1\\formal_scans\\stage1_low_formal_v1\\runs\\main3000_ramp300_none_seed3_189a3f3c\\attempt_0001"", ""D:\\python_install\\py\\rl\\0325\\0325\\outputs\\stage_1\\formal_scans\\stage1_low_formal_v1\\runs\\main3000_ramp300_none_seed4_189a3f3c\\attempt_0001""]",5,30.51287065102225,29.92019576655535,31.057944736763034,5,7.6,5.0,10.0,5,1.0,1.0,1.0,5,1.0,1.0,1.0
low,210,5,"[""D:\\python_install\\py\\rl\\0325\\0325\\outputs\\stage_1\\formal_scans\\stage1_low_formal_v1\\runs\\main3000_ramp300_none_seed0_189a3f3c\\attempt_0001"", ""D:\\python_install\\py\\rl\\0325\\0325\\outputs\\stage_1\\formal_scans\\stage1_low_formal_v1\\runs\\main3000_ramp300_none_seed1_189a3f3c\\attempt_0001"", ""D:\\python_install\\py\\rl\\0325\\0325\\outputs\\stage_1\\formal_scans\\stage1_low_formal_v1\\runs\\main3000_ramp300_none_seed2_189a3f3c\\attempt_0001"", ""D:\\python_install\\py\\rl\\0325\\0325\\outputs\\stage_1\\formal_scans\\stage1_low_formal_v1\\runs\\main3000_ramp300_none_seed3_189a3f3c\\attempt_0001"", ""D:\\python_install\\py\\rl\\0325\\0325\\outputs\\stage_1\\formal_scans\\stage1_low_formal_v1\\runs\\main3000_ramp300_none_seed4_189a3f3c\\attempt_0001""]",5,30.24310964791989,29.794469808171815,30.80344561280346,5,7.0,5.0,9.0,5,1.0,1.0,1.0,5,1.0,1.0,1.0
low,240,5,"[""D:\\python_install\\py\\rl\\0325\\0325\\outputs\\stage_1\\formal_scans\\stage1_low_formal_v1\\runs\\main3000_ramp300_none_seed0_189a3f3c\\attempt_0001"", ""D:\\python_install\\py\\rl\\0325\\0325\\outputs\\stage_1\\formal_scans\\stage1_low_formal_v1\\runs\\main3000_ramp300_none_seed1_189a3f3c\\attempt_0001"", ""D:\\python_install\\py\\rl\\0325\\0325\\outputs\\stage_1\\formal_scans\\stage1_low_formal_v1\\runs\\main3000_ramp300_none_seed2_189a3f3c\\attempt_0001"", ""D:\\python_install\\py\\rl\\0325\\0325\\outputs\\stage_1\\formal_scans\\stage1_low_formal_v1\\runs\\main3000_ramp300_none_seed3_189a3f3c\\attempt_0001"", ""D:\\python_install\\py\\rl\\0325\\0325\\outputs\\stage_1\\formal_scans\\stage1_low_formal_v1\\runs\\main3000_ramp300_none_seed4_189a3f3c\\attempt_0001""]",5,30.22896187385947,29.778862342820574,30.66089737492481,5,6.0,2.0,8.0,5,1.0,1.0,1.0,5,1.0,1.0,1.0
low,270,5,"[""D:\\python_install\\py\\rl\\0325\\0325\\outputs\\stage_1\\formal_scans\\stage1_low_formal_v1\\runs\\main3000_ramp300_none_seed0_189a3f3c\\attempt_0001"", ""D:\\python_install\\py\\rl\\0325\\0325\\outputs\\stage_1\\formal_scans\\stage1_low_formal_v1\\runs\\main3000_ramp300_none_seed1_189a3f3c\\attempt_0001"", ""D:\\python_install\\py\\rl\\0325\\0325\\outputs\\stage_1\\formal_scans\\stage1_low_formal_v1\\runs\\main3000_ramp300_none_seed2_189a3f3c\\attempt_0001"", ""D:\\python_install\\py\\rl\\0325\\0325\\outputs\\stage_1\\formal_scans\\stage1_low_formal_v1\\runs\\main3000_ramp300_none_seed3_189a3f3c\\attempt_0001"", ""D:\\python_install\\py\\rl\\0325\\0325\\outputs\\stage_1\\formal_scans\\stage1_low_formal_v1\\runs\\main3000_ramp300_none_seed4_189a3f3c\\attempt_0001""]",5,30.274303217343128,29.885597712743948,31.217038291965913,5,9.8,7.0,12.0,5,1.0,1.0,1.0,5,1.0,1.0,1.0
low,300,5,"[""D:\\python_install\\py\\rl\\0325\\0325\\outputs\\stage_1\\formal_scans\\stage1_low_formal_v1\\runs\\main3000_ramp300_none_seed0_189a3f3c\\attempt_0001"", ""D:\\python_install\\py\\rl\\0325\\0325\\outputs\\stage_1\\formal_scans\\stage1_low_formal_v1\\runs\\main3000_ramp300_none_seed1_189a3f3c\\attempt_0001"", ""D:\\python_install\\py\\rl\\0325\\0325\\outputs\\stage_1\\formal_scans\\stage1_low_formal_v1\\runs\\main3000_ramp300_none_seed2_189a3f3c\\attempt_0001"", ""D:\\python_install\\py\\rl\\0325\\0325\\outputs\\stage_1\\formal_scans\\stage1_low_formal_v1\\runs\\main3000_ramp300_none_seed3_189a3f3c\\attempt_0001"", ""D:\\python_install\\py\\rl\\0325\\0325\\outputs\\stage_1\\formal_scans\\stage1_low_formal_v1\\runs\\main3000_ramp300_none_seed4_189a3f3c\\attempt_0001""]",5,30.3902560219391,29.671202039417754,30.803892396124514,5,8.8,8.0,9.0,5,1.0,1.0,1.0,5,1.0,1.0,1.0
low,330,5,"[""D:\\python_install\\py\\rl\\0325\\0325\\outputs\\stage_1\\formal_scans\\stage1_low_formal_v1\\runs\\main3000_ramp300_none_seed0_189a3f3c\\attempt_0001"", ""D:\\python_install\\py\\rl\\0325\\0325\\outputs\\stage_1\\formal_scans\\stage1_low_formal_v1\\runs\\main3000_ramp300_none_seed1_189a3f3c\\attempt_0001"", ""D:\\python_install\\py\\rl\\0325\\0325\\outputs\\stage_1\\formal_scans\\stage1_low_formal_v1\\runs\\main3000_ramp300_none_seed2_189a3f3c\\attempt_0001"", ""D:\\python_install\\py\\rl\\0325\\0325\\outputs\\stage_1\\formal_scans\\stage1_low_formal_v1\\runs\\main3000_ramp300_none_seed3_189a3f3c\\attempt_0001"", ""D:\\python_install\\py\\rl\\0325\\0325\\outputs\\stage_1\\formal_scans\\stage1_low_formal_v1\\runs\\main3000_ramp300_none_seed4_189a3f3c\\attempt_0001""]",5,30.479478368551987,29.885218672507097,30.81572595335825,5,6.6,3.0,10.0,5,1.0,1.0,1.0,5,1.0,1.0,1.0
low,360,5,"[""D:\\python_install\\py\\rl\\0325\\0325\\outputs\\stage_1\\formal_scans\\stage1_low_formal_v1\\runs\\main3000_ramp300_none_seed0_189a3f3c\\attempt_0001"", ""D:\\python_install\\py\\rl\\0325\\0325\\outputs\\stage_1\\formal_scans\\stage1_low_formal_v1\\runs\\main3000_ramp300_none_seed1_189a3f3c\\attempt_0001"", ""D:\\python_install\\py\\rl\\0325\\0325\\outputs\\stage_1\\formal_scans\\stage1_low_formal_v1\\runs\\main3000_ramp300_none_seed2_189a3f3c\\attempt_0001"", ""D:\\python_install\\py\\rl\\0325\\0325\\outputs\\stage_1\\formal_scans\\stage1_low_formal_v1\\runs\\main3000_ramp300_none_seed3_189a3f3c\\attempt_0001"", ""D:\\python_install\\py\\rl\\0325\\0325\\outputs\\stage_1\\formal_scans\\stage1_low_formal_v1\\runs\\main3000_ramp300_none_seed4_189a3f3c\\attempt_0001""]",5,30.48247839913691,30.236207930549785,30.91804395224825,5,9.0,6.0,10.0,5,1.0,1.0,1.0,5,1.0,1.0,1.0
low,390,5,"[""D:\\python_install\\py\\rl\\0325\\0325\\outputs\\stage_1\\formal_scans\\stage1_low_formal_v1\\runs\\main3000_ramp300_none_seed0_189a3f3c\\attempt_0001"", ""D:\\python_install\\py\\rl\\0325\\0325\\outputs\\stage_1\\formal_scans\\stage1_low_formal_v1\\runs\\main3000_ramp300_none_seed1_189a3f3c\\attempt_0001"", ""D:\\python_install\\py\\rl\\0325\\0325\\outputs\\stage_1\\formal_scans\\stage1_low_formal_v1\\runs\\main3000_ramp300_none_seed2_189a3f3c\\attempt_0001"", ""D:\\python_install\\py\\rl\\0325\\0325\\outputs\\stage_1\\formal_scans\\stage1_low_formal_v1\\runs\\main3000_ramp300_none_seed3_189a3f3c\\attempt_0001"", ""D:\\python_install\\py\\rl\\0325\\0325\\outputs\\stage_1\\formal_scans\\stage1_low_formal_v1\\runs\\main3000_ramp300_none_seed4_189a3f3c\\attempt_0001""]",5,30.849060738957007,30.490717110796993,31.13171372522214,5,8.0,6.0,12.0,5,1.0,1.0,1.0,5,1.0,1.0,1.0
low,420,5,"[""D:\\python_install\\py\\rl\\0325\\0325\\outputs\\stage_1\\formal_scans\\stage1_low_formal_v1\\runs\\main3000_ramp300_none_seed0_189a3f3c\\attempt_0001"", ""D:\\python_install\\py\\rl\\0325\\0325\\outputs\\stage_1\\formal_scans\\stage1_low_formal_v1\\runs\\main3000_ramp300_none_seed1_189a3f3c\\attempt_0001"", ""D:\\python_install\\py\\rl\\0325\\0325\\outputs\\stage_1\\formal_scans\\stage1_low_formal_v1\\runs\\main3000_ramp300_none_seed2_189a3f3c\\attempt_0001"", ""D:\\python_install\\py\\rl\\0325\\0325\\outputs\\stage_1\\formal_scans\\stage1_low_formal_v1\\runs\\main3000_ramp300_none_seed3_189a3f3c\\attempt_0001"", ""D:\\python_install\\py\\rl\\0325\\0325\\outputs\\stage_1\\formal_scans\\stage1_low_formal_v1\\runs\\main3000_ramp300_none_seed4_189a3f3c\\attempt_0001""]",5,30.59069070634134,30.290618482946247,30.925253196499586,5,8.8,8.0,10.0,5,1.0,1.0,1.0,5,1.0,1.0,1.0
low,450,5,"[""D:\\python_install\\py\\rl\\0325\\0325\\outputs\\stage_1\\formal_scans\\stage1_low_formal_v1\\runs\\main3000_ramp300_none_seed0_189a3f3c\\attempt_0001"", ""D:\\python_install\\py\\rl\\0325\\0325\\outputs\\stage_1\\formal_scans\\stage1_low_formal_v1\\runs\\main3000_ramp300_none_seed1_189a3f3c\\attempt_0001"", ""D:\\python_install\\py\\rl\\0325\\0325\\outputs\\stage_1\\formal_scans\\stage1_low_formal_v1\\runs\\main3000_ramp300_none_seed2_189a3f3c\\attempt_0001"", ""D:\\python_install\\py\\rl\\0325\\0325\\outputs\\stage_1\\formal_scans\\stage1_low_formal_v1\\runs\\main3000_ramp300_none_seed3_189a3f3c\\attempt_0001"", ""D:\\python_install\\py\\rl\\0325\\0325\\outputs\\stage_1\\formal_scans\\stage1_low_formal_v1\\runs\\main3000_ramp300_none_seed4_189a3f3c\\attempt_0001""]",5,30.69015348399582,30.33504789188584,31.100802944825,5,6.6,4.0,9.0,5,1.0,1.0,1.0,5,1.0,1.0,1.0
low,480,5,"[""D:\\python_install\\py\\rl\\0325\\0325\\outputs\\stage_1\\formal_scans\\stage1_low_formal_v1\\runs\\main3000_ramp300_none_seed0_189a3f3c\\attempt_0001"", ""D:\\python_install\\py\\rl\\0325\\0325\\outputs\\stage_1\\formal_scans\\stage1_low_formal_v1\\runs\\main3000_ramp300_none_seed1_189a3f3c\\attempt_0001"", ""D:\\python_install\\py\\rl\\0325\\0325\\outputs\\stage_1\\formal_scans\\stage1_low_formal_v1\\runs\\main3000_ramp300_none_seed2_189a3f3c\\attempt_0001"", ""D:\\python_install\\py\\rl\\0325\\0325\\outputs\\stage_1\\formal_scans\\stage1_low_formal_v1\\runs\\main3000_ramp300_none_seed3_189a3f3c\\attempt_0001"", ""D:\\python_install\\py\\rl\\0325\\0325\\outputs\\stage_1\\formal_scans\\stage1_low_formal_v1\\runs\\main3000_ramp300_none_seed4_189a3f3c\\attempt_0001""]",5,30.664743250938717,30.35116577589257,30.958213400505713,5,6.8,5.0,8.0,5,1.0,1.0,1.0,5,1.0,1.0,1.0
low,510,5,"[""D:\\python_install\\py\\rl\\0325\\0325\\outputs\\stage_1\\formal_scans\\stage1_low_formal_v1\\runs\\main3000_ramp300_none_seed0_189a3f3c\\attempt_0001"", ""D:\\python_install\\py\\rl\\0325\\0325\\outputs\\stage_1\\formal_scans\\stage1_low_formal_v1\\runs\\main3000_ramp300_none_seed1_189a3f3c\\attempt_0001"", ""D:\\python_install\\py\\rl\\0325\\0325\\outputs\\stage_1\\formal_scans\\stage1_low_formal_v1\\runs\\main3000_ramp300_none_seed2_189a3f3c\\attempt_0001"", ""D:\\python_install\\py\\rl\\0325\\0325\\outputs\\stage_1\\formal_scans\\stage1_low_formal_v1\\runs\\main3000_ramp300_none_seed3_189a3f3c\\attempt_0001"", ""D:\\python_install\\py\\rl\\0325\\0325\\outputs\\stage_1\\formal_scans\\stage1_low_formal_v1\\runs\\main3000_ramp300_none_seed4_189a3f3c\\attempt_0001""]",5,30.474944774465474,30.0379149029421,31.292412754532812,5,8.4,5.0,11.0,5,1.0,1.0,1.0,5,1.0,1.0,1.0
low,540,5,"[""D:\\python_install\\py\\rl\\0325\\0325\\outputs\\stage_1\\formal_scans\\stage1_low_formal_v1\\runs\\main3000_ramp300_none_seed0_189a3f3c\\attempt_0001"", ""D:\\python_install\\py\\rl\\0325\\0325\\outputs\\stage_1\\formal_scans\\stage1_low_formal_v1\\runs\\main3000_ramp300_none_seed1_189a3f3c\\attempt_0001"", ""D:\\python_install\\py\\rl\\0325\\0325\\outputs\\stage_1\\formal_scans\\stage1_low_formal_v1\\runs\\main3000_ramp300_none_seed2_189a3f3c\\attempt_0001"", ""D:\\python_install\\py\\rl\\0325\\0325\\outputs\\stage_1\\formal_scans\\stage1_low_formal_v1\\runs\\main3000_ramp300_none_seed3_189a3f3c\\attempt_0001"", ""D:\\python_install\\py\\rl\\0325\\0325\\outputs\\stage_1\\formal_scans\\stage1_low_formal_v1\\runs\\main3000_ramp300_none_seed4_189a3f3c\\attempt_0001""]",5,30.31303796527724,29.440298850714452,31.22562117255178,5,6.0,5.0,7.0,5,1.0,1.0,1.0,5,1.0,1.0,1.0
low,570,5,"[""D:\\python_install\\py\\rl\\0325\\0325\\outputs\\stage_1\\formal_scans\\stage1_low_formal_v1\\runs\\main3000_ramp300_none_seed0_189a3f3c\\attempt_0001"", ""D:\\python_install\\py\\rl\\0325\\0325\\outputs\\stage_1\\formal_scans\\stage1_low_formal_v1\\runs\\main3000_ramp300_none_seed1_189a3f3c\\attempt_0001"", ""D:\\python_install\\py\\rl\\0325\\0325\\outputs\\stage_1\\formal_scans\\stage1_low_formal_v1\\runs\\main3000_ramp300_none_seed2_189a3f3c\\attempt_0001"", ""D:\\python_install\\py\\rl\\0325\\0325\\outputs\\stage_1\\formal_scans\\stage1_low_formal_v1\\runs\\main3000_ramp300_none_seed3_189a3f3c\\attempt_0001"", ""D:\\python_install\\py\\rl\\0325\\0325\\outputs\\stage_1\\formal_scans\\stage1_low_formal_v1\\runs\\main3000_ramp300_none_seed4_189a3f3c\\attempt_0001""]",5,30.188328446592788,29.46971188914797,30.853736008716584,5,7.4,3.0,13.0,5,1.0,1.0,1.0,5,1.0,1.0,1.0
low,600,5,"[""D:\\python_install\\py\\rl\\0325\\0325\\outputs\\stage_1\\formal_scans\\stage1_low_formal_v1\\runs\\main3000_ramp300_none_seed0_189a3f3c\\attempt_0001"", ""D:\\python_install\\py\\rl\\0325\\0325\\outputs\\stage_1\\formal_scans\\stage1_low_formal_v1\\runs\\main3000_ramp300_none_seed1_189a3f3c\\attempt_0001"", ""D:\\python_install\\py\\rl\\0325\\0325\\outputs\\stage_1\\formal_scans\\stage1_low_formal_v1\\runs\\main3000_ramp300_none_seed2_189a3f3c\\attempt_0001"", ""D:\\python_install\\py\\rl\\0325\\0325\\outputs\\stage_1\\formal_scans\\stage1_low_formal_v1\\runs\\main3000_ramp300_none_seed3_189a3f3c\\attempt_0001"", ""D:\\python_install\\py\\rl\\0325\\0325\\outputs\\stage_1\\formal_scans\\stage1_low_formal_v1\\runs\\main3000_ramp300_none_seed4_189a3f3c\\attempt_0001""]",5,30.079777449707855,29.44903966573896,30.69615951775408,5,8.4,6.0,10.0,5,1.0,1.0,1.0,5,1.0,1.0,1.0
low,630,5,"[""D:\\python_install\\py\\rl\\0325\\0325\\outputs\\stage_1\\formal_scans\\stage1_low_formal_v1\\runs\\main3000_ramp300_none_seed0_189a3f3c\\attempt_0001"", ""D:\\python_install\\py\\rl\\0325\\0325\\outputs\\stage_1\\formal_scans\\stage1_low_formal_v1\\runs\\main3000_ramp300_none_seed1_189a3f3c\\attempt_0001"", ""D:\\python_install\\py\\rl\\0325\\0325\\outputs\\stage_1\\formal_scans\\stage1_low_formal_v1\\runs\\main3000_ramp300_none_seed2_189a3f3c\\attempt_0001"", ""D:\\python_install\\py\\rl\\0325\\0325\\outputs\\stage_1\\formal_scans\\stage1_low_formal_v1\\runs\\main3000_ramp300_none_seed3_189a3f3c\\attempt_0001"", ""D:\\python_install\\py\\rl\\0325\\0325\\outputs\\stage_1\\formal_scans\\stage1_low_formal_v1\\runs\\main3000_ramp300_none_seed4_189a3f3c\\attempt_0001""]",5,30.221537888191726,29.495281345257542,30.942244538488413,5,6.8,5.0,9.0,5,2.0,2.0,2.0,5,1.0,1.0,1.0
low,660,5,"[""D:\\python_install\\py\\rl\\0325\\0325\\outputs\\stage_1\\formal_scans\\stage1_low_formal_v1\\runs\\main3000_ramp300_none_seed0_189a3f3c\\attempt_0001"", ""D:\\python_install\\py\\rl\\0325\\0325\\outputs\\stage_1\\formal_scans\\stage1_low_formal_v1\\runs\\main3000_ramp300_none_seed1_189a3f3c\\attempt_0001"", ""D:\\python_install\\py\\rl\\0325\\0325\\outputs\\stage_1\\formal_scans\\stage1_low_formal_v1\\runs\\main3000_ramp300_none_seed2_189a3f3c\\attempt_0001"", ""D:\\python_install\\py\\rl\\0325\\0325\\outputs\\stage_1\\formal_scans\\stage1_low_formal_v1\\runs\\main3000_ramp300_none_seed3_189a3f3c\\attempt_0001"", ""D:\\python_install\\py\\rl\\0325\\0325\\outputs\\stage_1\\formal_scans\\stage1_low_formal_v1\\runs\\main3000_ramp300_none_seed4_189a3f3c\\attempt_0001""]",5,30.188309802152855,29.330479168784077,30.788031179581893,5,7.4,6.0,9.0,5,2.0,2.0,2.0,5,1.0,1.0,1.0
low,690,5,"[""D:\\python_install\\py\\rl\\0325\\0325\\outputs\\stage_1\\formal_scans\\stage1_low_formal_v1\\runs\\main3000_ramp300_none_seed0_189a3f3c\\attempt_0001"", ""D:\\python_install\\py\\rl\\0325\\0325\\outputs\\stage_1\\formal_scans\\stage1_low_formal_v1\\runs\\main3000_ramp300_none_seed1_189a3f3c\\attempt_0001"", ""D:\\python_install\\py\\rl\\0325\\0325\\outputs\\stage_1\\formal_scans\\stage1_low_formal_v1\\runs\\main3000_ramp300_none_seed2_189a3f3c\\attempt_0001"", ""D:\\python_install\\py\\rl\\0325\\0325\\outputs\\stage_1\\formal_scans\\stage1_low_formal_v1\\runs\\main3000_ramp300_none_seed3_189a3f3c\\attempt_0001"", ""D:\\python_install\\py\\rl\\0325\\0325\\outputs\\stage_1\\formal_scans\\stage1_low_formal_v1\\runs\\main3000_ramp300_none_seed4_189a3f3c\\attempt_0001""]",5,29.727785945159088,29.34667530197415,30.051195503142008,5,8.2,7.0,11.0,5,3.4,2.0,5.0,5,1.0,1.0,1.0
low,720,5,"[""D:\\python_install\\py\\rl\\0325\\0325\\outputs\\stage_1\\formal_scans\\stage1_low_formal_v1\\runs\\main3000_ramp300_none_seed0_189a3f3c\\attempt_0001"", ""D:\\python_install\\py\\rl\\0325\\0325\\outputs\\stage_1\\formal_scans\\stage1_low_formal_v1\\runs\\main3000_ramp300_none_seed1_189a3f3c\\attempt_0001"", ""D:\\python_install\\py\\rl\\0325\\0325\\outputs\\stage_1\\formal_scans\\stage1_low_formal_v1\\runs\\main3000_ramp300_none_seed2_189a3f3c\\attempt_0001"", ""D:\\python_install\\py\\rl\\0325\\0325\\outputs\\stage_1\\formal_scans\\stage1_low_formal_v1\\runs\\main3000_ramp300_none_seed3_189a3f3c\\attempt_0001"", ""D:\\python_install\\py\\rl\\0325\\0325\\outputs\\stage_1\\formal_scans\\stage1_low_formal_v1\\runs\\main3000_ramp300_none_seed4_189a3f3c\\attempt_0001""]",5,29.426642308303997,28.96334248090373,29.877521409771003,5,7.4,4.0,11.0,5,4.8,2.0,7.0,5,1.0,1.0,1.0
low,750,5,"[""D:\\python_install\\py\\rl\\0325\\0325\\outputs\\stage_1\\formal_scans\\stage1_low_formal_v1\\runs\\main3000_ramp300_none_seed0_189a3f3c\\attempt_0001"", ""D:\\python_install\\py\\rl\\0325\\0325\\outputs\\stage_1\\formal_scans\\stage1_low_formal_v1\\runs\\main3000_ramp300_none_seed1_189a3f3c\\attempt_0001"", ""D:\\python_install\\py\\rl\\0325\\0325\\outputs\\stage_1\\formal_scans\\stage1_low_formal_v1\\runs\\main3000_ramp300_none_seed2_189a3f3c\\attempt_0001"", ""D:\\python_install\\py\\rl\\0325\\0325\\outputs\\stage_1\\formal_scans\\stage1_low_formal_v1\\runs\\main3000_ramp300_none_seed3_189a3f3c\\attempt_0001"", ""D:\\python_install\\py\\rl\\0325\\0325\\outputs\\stage_1\\formal_scans\\stage1_low_formal_v1\\runs\\main3000_ramp300_none_seed4_189a3f3c\\attempt_0001""]",5,28.830712503753553,28.208268424963943,29.404010883221556,5,8.4,5.0,11.0,5,6.8,3.0,10.0,5,1.0,1.0,1.0
low,780,5,"[""D:\\python_install\\py\\rl\\0325\\0325\\outputs\\stage_1\\formal_scans\\stage1_low_formal_v1\\runs\\main3000_ramp300_none_seed0_189a3f3c\\attempt_0001"", ""D:\\python_install\\py\\rl\\0325\\0325\\outputs\\stage_1\\formal_scans\\stage1_low_formal_v1\\runs\\main3000_ramp300_none_seed1_189a3f3c\\attempt_0001"", ""D:\\python_install\\py\\rl\\0325\\0325\\outputs\\stage_1\\formal_scans\\stage1_low_formal_v1\\runs\\main3000_ramp300_none_seed2_189a3f3c\\attempt_0001"", ""D:\\python_install\\py\\rl\\0325\\0325\\outputs\\stage_1\\formal_scans\\stage1_low_formal_v1\\runs\\main3000_ramp300_none_seed3_189a3f3c\\attempt_0001"", ""D:\\python_install\\py\\rl\\0325\\0325\\outputs\\stage_1\\formal_scans\\stage1_low_formal_v1\\runs\\main3000_ramp300_none_seed4_189a3f3c\\attempt_0001""]",5,28.587450107006656,28.01414656700712,29.19197253188282,5,10.2,9.0,12.0,5,8.2,4.0,11.0,5,1.0,1.0,1.0
low,810,5,"[""D:\\python_install\\py\\rl\\0325\\0325\\outputs\\stage_1\\formal_scans\\stage1_low_formal_v1\\runs\\main3000_ramp300_none_seed0_189a3f3c\\attempt_0001"", ""D:\\python_install\\py\\rl\\0325\\0325\\outputs\\stage_1\\formal_scans\\stage1_low_formal_v1\\runs\\main3000_ramp300_none_seed1_189a3f3c\\attempt_0001"", ""D:\\python_install\\py\\rl\\0325\\0325\\outputs\\stage_1\\formal_scans\\stage1_low_formal_v1\\runs\\main3000_ramp300_none_seed2_189a3f3c\\attempt_0001"", ""D:\\python_install\\py\\rl\\0325\\0325\\outputs\\stage_1\\formal_scans\\stage1_low_formal_v1\\runs\\main3000_ramp300_none_seed3_189a3f3c\\attempt_0001"", ""D:\\python_install\\py\\rl\\0325\\0325\\outputs\\stage_1\\formal_scans\\stage1_low_formal_v1\\runs\\main3000_ramp300_none_seed4_189a3f3c\\attempt_0001""]",5,28.236474590516288,27.56574446344385,28.79561884987136,5,10.2,9.0,12.0,5,10.8,5.0,14.0,5,1.0,1.0,1.0
low,840,5,"[""D:\\python_install\\py\\rl\\0325\\0325\\outputs\\stage_1\\formal_scans\\stage1_low_formal_v1\\runs\\main3000_ramp300_none_seed0_189a3f3c\\attempt_0001"", ""D:\\python_install\\py\\rl\\0325\\0325\\outputs\\stage_1\\formal_scans\\stage1_low_formal_v1\\runs\\main3000_ramp300_none_seed1_189a3f3c\\attempt_0001"", ""D:\\python_install\\py\\rl\\0325\\0325\\outputs\\stage_1\\formal_scans\\stage1_low_formal_v1\\runs\\main3000_ramp300_none_seed2_189a3f3c\\attempt_0001"", ""D:\\python_install\\py\\rl\\0325\\0325\\outputs\\stage_1\\formal_scans\\stage1_low_formal_v1\\runs\\main3000_ramp300_none_seed3_189a3f3c\\attempt_0001"", ""D:\\python_install\\py\\rl\\0325\\0325\\outputs\\stage_1\\formal_scans\\stage1_low_formal_v1\\runs\\main3000_ramp300_none_seed4_189a3f3c\\attempt_0001""]",5,28.03012207232493,27.21062241703202,28.774646709346648,5,10.8,9.0,12.0,5,12.6,7.0,16.0,5,1.0,1.0,1.0
low,870,5,"[""D:\\python_install\\py\\rl\\0325\\0325\\outputs\\stage_1\\formal_scans\\stage1_low_formal_v1\\runs\\main3000_ramp300_none_seed0_189a3f3c\\attempt_0001"", ""D:\\python_install\\py\\rl\\0325\\0325\\outputs\\stage_1\\formal_scans\\stage1_low_formal_v1\\runs\\main3000_ramp300_none_seed1_189a3f3c\\attempt_0001"", ""D:\\python_install\\py\\rl\\0325\\0325\\outputs\\stage_1\\formal_scans\\stage1_low_formal_v1\\runs\\main3000_ramp300_none_seed2_189a3f3c\\attempt_0001"", ""D:\\python_install\\py\\rl\\0325\\0325\\outputs\\stage_1\\formal_scans\\stage1_low_formal_v1\\runs\\main3000_ramp300_none_seed3_189a3f3c\\attempt_0001"", ""D:\\python_install\\py\\rl\\0325\\0325\\outputs\\stage_1\\formal_scans\\stage1_low_formal_v1\\runs\\main3000_ramp300_none_seed4_189a3f3c\\attempt_0001""]",5,27.934129548556438,26.617332337930613,28.893209097646334,5,8.6,4.0,13.0,5,15.4,10.0,19.0,5,1.0,1.0,1.0
low,900,5,"[""D:\\python_install\\py\\rl\\0325\\0325\\outputs\\stage_1\\formal_scans\\stage1_low_formal_v1\\runs\\main3000_ramp300_none_seed0_189a3f3c\\attempt_0001"", ""D:\\python_install\\py\\rl\\0325\\0325\\outputs\\stage_1\\formal_scans\\stage1_low_formal_v1\\runs\\main3000_ramp300_none_seed1_189a3f3c\\attempt_0001"", ""D:\\python_install\\py\\rl\\0325\\0325\\outputs\\stage_1\\formal_scans\\stage1_low_formal_v1\\runs\\main3000_ramp300_none_seed2_189a3f3c\\attempt_0001"", ""D:\\python_install\\py\\rl\\0325\\0325\\outputs\\stage_1\\formal_scans\\stage1_low_formal_v1\\runs\\main3000_ramp300_none_seed3_189a3f3c\\attempt_0001"", ""D:\\python_install\\py\\rl\\0325\\0325\\outputs\\stage_1\\formal_scans\\stage1_low_formal_v1\\runs\\main3000_ramp300_none_seed4_189a3f3c\\attempt_0001""]",5,27.952157871564822,26.52759842307054,29.002044756275822,5,9.0,7.0,14.0,5,17.4,12.0,21.0,5,1.0,1.0,1.0
low,930,5,"[""D:\\python_install\\py\\rl\\0325\\0325\\outputs\\stage_1\\formal_scans\\stage1_low_formal_v1\\runs\\main3000_ramp300_none_seed0_189a3f3c\\attempt_0001"", ""D:\\python_install\\py\\rl\\0325\\0325\\outputs\\stage_1\\formal_scans\\stage1_low_formal_v1\\runs\\main3000_ramp300_none_seed1_189a3f3c\\attempt_0001"", ""D:\\python_install\\py\\rl\\0325\\0325\\outputs\\stage_1\\formal_scans\\stage1_low_formal_v1\\runs\\main3000_ramp300_none_seed2_189a3f3c\\attempt_0001"", ""D:\\python_install\\py\\rl\\0325\\0325\\outputs\\stage_1\\formal_scans\\stage1_low_formal_v1\\runs\\main3000_ramp300_none_seed3_189a3f3c\\attempt_0001"", ""D:\\python_install\\py\\rl\\0325\\0325\\outputs\\stage_1\\formal_scans\\stage1_low_formal_v1\\runs\\main3000_ramp300_none_seed4_189a3f3c\\attempt_0001""]",5,27.715860881643117,25.960186963701688,28.96028635754541,5,14.8,9.0,21.0,5,20.2,15.0,24.0,5,1.0,1.0,1.0
low,960,5,"[""D:\\python_install\\py\\rl\\0325\\0325\\outputs\\stage_1\\formal_scans\\stage1_low_formal_v1\\runs\\main3000_ramp300_none_seed0_189a3f3c\\attempt_0001"", ""D:\\python_install\\py\\rl\\0325\\0325\\outputs\\stage_1\\formal_scans\\stage1_low_formal_v1\\runs\\main3000_ramp300_none_seed1_189a3f3c\\attempt_0001"", ""D:\\python_install\\py\\rl\\0325\\0325\\outputs\\stage_1\\formal_scans\\stage1_low_formal_v1\\runs\\main3000_ramp300_none_seed2_189a3f3c\\attempt_0001"", ""D:\\python_install\\py\\rl\\0325\\0325\\outputs\\stage_1\\formal_scans\\stage1_low_formal_v1\\runs\\main3000_ramp300_none_seed3_189a3f3c\\attempt_0001"", ""D:\\python_install\\py\\rl\\0325\\0325\\outputs\\stage_1\\formal_scans\\stage1_low_formal_v1\\runs\\main3000_ramp300_none_seed4_189a3f3c\\attempt_0001""]",5,27.686466506257393,26.159287374695406,28.390793202138006,5,11.0,9.0,12.0,5,22.2,17.0,26.0,5,1.0,1.0,1.0
low,990,5,"[""D:\\python_install\\py\\rl\\0325\\0325\\outputs\\stage_1\\formal_scans\\stage1_low_formal_v1\\runs\\main3000_ramp300_none_seed0_189a3f3c\\attempt_0001"", ""D:\\python_install\\py\\rl\\0325\\0325\\outputs\\stage_1\\formal_scans\\stage1_low_formal_v1\\runs\\main3000_ramp300_none_seed1_189a3f3c\\attempt_0001"", ""D:\\python_install\\py\\rl\\0325\\0325\\outputs\\stage_1\\formal_scans\\stage1_low_formal_v1\\runs\\main3000_ramp300_none_seed2_189a3f3c\\attempt_0001"", ""D:\\python_install\\py\\rl\\0325\\0325\\outputs\\stage_1\\formal_scans\\stage1_low_formal_v1\\runs\\main3000_ramp300_none_seed3_189a3f3c\\attempt_0001"", ""D:\\python_install\\py\\rl\\0325\\0325\\outputs\\stage_1\\formal_scans\\stage1_low_formal_v1\\runs\\main3000_ramp300_none_seed4_189a3f3c\\attempt_0001""]",5,27.89180248662567,26.439032129674136,28.796347518788,5,9.6,6.0,13.0,5,25.0,19.0,29.0,5,1.0,1.0,1.0
low,1020,5,"[""D:\\python_install\\py\\rl\\0325\\0325\\outputs\\stage_1\\formal_scans\\stage1_low_formal_v1\\runs\\main3000_ramp300_none_seed0_189a3f3c\\attempt_0001"", ""D:\\python_install\\py\\rl\\0325\\0325\\outputs\\stage_1\\formal_scans\\stage1_low_formal_v1\\runs\\main3000_ramp300_none_seed1_189a3f3c\\attempt_0001"", ""D:\\python_install\\py\\rl\\0325\\0325\\outputs\\stage_1\\formal_scans\\stage1_low_formal_v1\\runs\\main3000_ramp300_none_seed2_189a3f3c\\attempt_0001"", ""D:\\python_install\\py\\rl\\0325\\0325\\outputs\\stage_1\\formal_scans\\stage1_low_formal_v1\\runs\\main3000_ramp300_none_seed3_189a3f3c\\attempt_0001"", ""D:\\python_install\\py\\rl\\0325\\0325\\outputs\\stage_1\\formal_scans\\stage1_low_formal_v1\\runs\\main3000_ramp300_none_seed4_189a3f3c\\attempt_0001""]",5,27.953779723354398,26.865093748260673,28.752755537268403,5,10.6,7.0,15.0,5,26.8,21.0,31.0,5,1.0,1.0,1.0
low,1050,5,"[""D:\\python_install\\py\\rl\\0325\\0325\\outputs\\stage_1\\formal_scans\\stage1_low_formal_v1\\runs\\main3000_ramp300_none_seed0_189a3f3c\\attempt_0001"", ""D:\\python_install\\py\\rl\\0325\\0325\\outputs\\stage_1\\formal_scans\\stage1_low_formal_v1\\runs\\main3000_ramp300_none_seed1_189a3f3c\\attempt_0001"", ""D:\\python_install\\py\\rl\\0325\\0325\\outputs\\stage_1\\formal_scans\\stage1_low_formal_v1\\runs\\main3000_ramp300_none_seed2_189a3f3c\\attempt_0001"", ""D:\\python_install\\py\\rl\\0325\\0325\\outputs\\stage_1\\formal_scans\\stage1_low_formal_v1\\runs\\main3000_ramp300_none_seed3_189a3f3c\\attempt_0001"", ""D:\\python_install\\py\\rl\\0325\\0325\\outputs\\stage_1\\formal_scans\\stage1_low_formal_v1\\runs\\main3000_ramp300_none_seed4_189a3f3c\\attempt_0001""]",5,27.95544340715976,26.833552739629997,28.590913097053313,5,7.6,3.0,12.0,5,29.8,24.0,34.0,5,1.0,1.0,1.0
low,1080,5,"[""D:\\python_install\\py\\rl\\0325\\0325\\outputs\\stage_1\\formal_scans\\stage1_low_formal_v1\\runs\\main3000_ramp300_none_seed0_189a3f3c\\attempt_0001"", ""D:\\python_install\\py\\rl\\0325\\0325\\outputs\\stage_1\\formal_scans\\stage1_low_formal_v1\\runs\\main3000_ramp300_none_seed1_189a3f3c\\attempt_0001"", ""D:\\python_install\\py\\rl\\0325\\0325\\outputs\\stage_1\\formal_scans\\stage1_low_formal_v1\\runs\\main3000_ramp300_none_seed2_189a3f3c\\attempt_0001"", ""D:\\python_install\\py\\rl\\0325\\0325\\outputs\\stage_1\\formal_scans\\stage1_low_formal_v1\\runs\\main3000_ramp300_none_seed3_189a3f3c\\attempt_0001"", ""D:\\python_install\\py\\rl\\0325\\0325\\outputs\\stage_1\\formal_scans\\stage1_low_formal_v1\\runs\\main3000_ramp300_none_seed4_189a3f3c\\attempt_0001""]",5,27.906679065502125,26.714372506628767,28.717666343993603,5,10.8,8.0,15.0,5,31.8,26.0,36.0,5,1.0,1.0,1.0
low,1110,5,"[""D:\\python_install\\py\\rl\\0325\\0325\\outputs\\stage_1\\formal_scans\\stage1_low_formal_v1\\runs\\main3000_ramp300_none_seed0_189a3f3c\\attempt_0001"", ""D:\\python_install\\py\\rl\\0325\\0325\\outputs\\stage_1\\formal_scans\\stage1_low_formal_v1\\runs\\main3000_ramp300_none_seed1_189a3f3c\\attempt_0001"", ""D:\\python_install\\py\\rl\\0325\\0325\\outputs\\stage_1\\formal_scans\\stage1_low_formal_v1\\runs\\main3000_ramp300_none_seed2_189a3f3c\\attempt_0001"", ""D:\\python_install\\py\\rl\\0325\\0325\\outputs\\stage_1\\formal_scans\\stage1_low_formal_v1\\runs\\main3000_ramp300_none_seed3_189a3f3c\\attempt_0001"", ""D:\\python_install\\py\\rl\\0325\\0325\\outputs\\stage_1\\formal_scans\\stage1_low_formal_v1\\runs\\main3000_ramp300_none_seed4_189a3f3c\\attempt_0001""]",5,28.127771764538988,26.950594371238783,29.0608630903038,5,11.0,7.0,13.0,5,33.6,29.0,39.0,5,1.0,1.0,1.0
low,1140,5,"[""D:\\python_install\\py\\rl\\0325\\0325\\outputs\\stage_1\\formal_scans\\stage1_low_formal_v1\\runs\\main3000_ramp300_none_seed0_189a3f3c\\attempt_0001"", ""D:\\python_install\\py\\rl\\0325\\0325\\outputs\\stage_1\\formal_scans\\stage1_low_formal_v1\\runs\\main3000_ramp300_none_seed1_189a3f3c\\attempt_0001"", ""D:\\python_install\\py\\rl\\0325\\0325\\outputs\\stage_1\\formal_scans\\stage1_low_formal_v1\\runs\\main3000_ramp300_none_seed2_189a3f3c\\attempt_0001"", ""D:\\python_install\\py\\rl\\0325\\0325\\outputs\\stage_1\\formal_scans\\stage1_low_formal_v1\\runs\\main3000_ramp300_none_seed3_189a3f3c\\attempt_0001"", ""D:\\python_install\\py\\rl\\0325\\0325\\outputs\\stage_1\\formal_scans\\stage1_low_formal_v1\\runs\\main3000_ramp300_none_seed4_189a3f3c\\attempt_0001""]",5,28.283753303983964,27.07167041286333,29.203122464862503,5,10.8,9.0,12.0,5,35.0,31.0,39.0,5,0.9997658079625292,0.9988290398126464,1.0
low,1170,5,"[""D:\\python_install\\py\\rl\\0325\\0325\\outputs\\stage_1\\formal_scans\\stage1_low_formal_v1\\runs\\main3000_ramp300_none_seed0_189a3f3c\\attempt_0001"", ""D:\\python_install\\py\\rl\\0325\\0325\\outputs\\stage_1\\formal_scans\\stage1_low_formal_v1\\runs\\main3000_ramp300_none_seed1_189a3f3c\\attempt_0001"", ""D:\\python_install\\py\\rl\\0325\\0325\\outputs\\stage_1\\formal_scans\\stage1_low_formal_v1\\runs\\main3000_ramp300_none_seed2_189a3f3c\\attempt_0001"", ""D:\\python_install\\py\\rl\\0325\\0325\\outputs\\stage_1\\formal_scans\\stage1_low_formal_v1\\runs\\main3000_ramp300_none_seed3_189a3f3c\\attempt_0001"", ""D:\\python_install\\py\\rl\\0325\\0325\\outputs\\stage_1\\formal_scans\\stage1_low_formal_v1\\runs\\main3000_ramp300_none_seed4_189a3f3c\\attempt_0001""]",5,28.319364165216513,27.496478791129444,29.29348011646377,5,8.8,7.0,13.0,5,37.0,34.0,40.0,5,0.9986394557823128,0.9954648526077098,1.0
low,1200,5,"[""D:\\python_install\\py\\rl\\0325\\0325\\outputs\\stage_1\\formal_scans\\stage1_low_formal_v1\\runs\\main3000_ramp300_none_seed0_189a3f3c\\attempt_0001"", ""D:\\python_install\\py\\rl\\0325\\0325\\outputs\\stage_1\\formal_scans\\stage1_low_formal_v1\\runs\\main3000_ramp300_none_seed1_189a3f3c\\attempt_0001"", ""D:\\python_install\\py\\rl\\0325\\0325\\outputs\\stage_1\\formal_scans\\stage1_low_formal_v1\\runs\\main3000_ramp300_none_seed2_189a3f3c\\attempt_0001"", ""D:\\python_install\\py\\rl\\0325\\0325\\outputs\\stage_1\\formal_scans\\stage1_low_formal_v1\\runs\\main3000_ramp300_none_seed3_189a3f3c\\attempt_0001"", ""D:\\python_install\\py\\rl\\0325\\0325\\outputs\\stage_1\\formal_scans\\stage1_low_formal_v1\\runs\\main3000_ramp300_none_seed4_189a3f3c\\attempt_0001""]",5,28.3422994300196,27.798508443405304,29.22849875277785,5,9.4,7.0,12.0,5,38.2,36.0,40.0,5,0.998019801980198,0.9944994499449945,1.0
low,1230,5,"[""D:\\python_install\\py\\rl\\0325\\0325\\outputs\\stage_1\\formal_scans\\stage1_low_formal_v1\\runs\\main3000_ramp300_none_seed0_189a3f3c\\attempt_0001"", ""D:\\python_install\\py\\rl\\0325\\0325\\outputs\\stage_1\\formal_scans\\stage1_low_formal_v1\\runs\\main3000_ramp300_none_seed1_189a3f3c\\attempt_0001"", ""D:\\python_install\\py\\rl\\0325\\0325\\outputs\\stage_1\\formal_scans\\stage1_low_formal_v1\\runs\\main3000_ramp300_none_seed2_189a3f3c\\attempt_0001"", ""D:\\python_install\\py\\rl\\0325\\0325\\outputs\\stage_1\\formal_scans\\stage1_low_formal_v1\\runs\\main3000_ramp300_none_seed3_189a3f3c\\attempt_0001"", ""D:\\python_install\\py\\rl\\0325\\0325\\outputs\\stage_1\\formal_scans\\stage1_low_formal_v1\\runs\\main3000_ramp300_none_seed4_189a3f3c\\attempt_0001""]",5,28.210417511995377,27.648794259790623,28.859306490540636,5,12.6,11.0,16.0,5,39.0,38.0,40.0,5,0.9961579509071505,0.991462113127001,1.0
low,1260,5,"[""D:\\python_install\\py\\rl\\0325\\0325\\outputs\\stage_1\\formal_scans\\stage1_low_formal_v1\\runs\\main3000_ramp300_none_seed0_189a3f3c\\attempt_0001"", ""D:\\python_install\\py\\rl\\0325\\0325\\outputs\\stage_1\\formal_scans\\stage1_low_formal_v1\\runs\\main3000_ramp300_none_seed1_189a3f3c\\attempt_0001"", ""D:\\python_install\\py\\rl\\0325\\0325\\outputs\\stage_1\\formal_scans\\stage1_low_formal_v1\\runs\\main3000_ramp300_none_seed2_189a3f3c\\attempt_0001"", ""D:\\python_install\\py\\rl\\0325\\0325\\outputs\\stage_1\\formal_scans\\stage1_low_formal_v1\\runs\\main3000_ramp300_none_seed3_189a3f3c\\attempt_0001"", ""D:\\python_install\\py\\rl\\0325\\0325\\outputs\\stage_1\\formal_scans\\stage1_low_formal_v1\\runs\\main3000_ramp300_none_seed4_189a3f3c\\attempt_0001""]",5,28.211176362866276,27.538372016298553,29.101990701465358,5,9.0,6.0,12.0,5,39.6,38.0,40.0,5,0.9950207468879668,0.9896265560165975,1.0
low,1290,5,"[""D:\\python_install\\py\\rl\\0325\\0325\\outputs\\stage_1\\formal_scans\\stage1_low_formal_v1\\runs\\main3000_ramp300_none_seed0_189a3f3c\\attempt_0001"", ""D:\\python_install\\py\\rl\\0325\\0325\\outputs\\stage_1\\formal_scans\\stage1_low_formal_v1\\runs\\main3000_ramp300_none_seed1_189a3f3c\\attempt_0001"", ""D:\\python_install\\py\\rl\\0325\\0325\\outputs\\stage_1\\formal_scans\\stage1_low_formal_v1\\runs\\main3000_ramp300_none_seed2_189a3f3c\\attempt_0001"", ""D:\\python_install\\py\\rl\\0325\\0325\\outputs\\stage_1\\formal_scans\\stage1_low_formal_v1\\runs\\main3000_ramp300_none_seed3_189a3f3c\\attempt_0001"", ""D:\\python_install\\py\\rl\\0325\\0325\\outputs\\stage_1\\formal_scans\\stage1_low_formal_v1\\runs\\main3000_ramp300_none_seed4_189a3f3c\\attempt_0001""]",5,28.361227138729635,27.913423227882678,28.958312842556857,5,10.8,8.0,14.0,5,39.6,39.0,40.0,5,0.9923387096774194,0.9868951612903226,0.9969758064516129
low,1320,5,"[""D:\\python_install\\py\\rl\\0325\\0325\\outputs\\stage_1\\formal_scans\\stage1_low_formal_v1\\runs\\main3000_ramp300_none_seed0_189a3f3c\\attempt_0001"", ""D:\\python_install\\py\\rl\\0325\\0325\\outputs\\stage_1\\formal_scans\\stage1_low_formal_v1\\runs\\main3000_ramp300_none_seed1_189a3f3c\\attempt_0001"", ""D:\\python_install\\py\\rl\\0325\\0325\\outputs\\stage_1\\formal_scans\\stage1_low_formal_v1\\runs\\main3000_ramp300_none_seed2_189a3f3c\\attempt_0001"", ""D:\\python_install\\py\\rl\\0325\\0325\\outputs\\stage_1\\formal_scans\\stage1_low_formal_v1\\runs\\main3000_ramp300_none_seed3_189a3f3c\\attempt_0001"", ""D:\\python_install\\py\\rl\\0325\\0325\\outputs\\stage_1\\formal_scans\\stage1_low_formal_v1\\runs\\main3000_ramp300_none_seed4_189a3f3c\\attempt_0001""]",5,28.362558711641576,27.5444402292702,28.736425191693417,5,10.6,5.0,14.0,5,40.0,40.0,40.0,5,0.9909715407262022,0.985279685966634,0.9960745829244357
low,1350,5,"[""D:\\python_install\\py\\rl\\0325\\0325\\outputs\\stage_1\\formal_scans\\stage1_low_formal_v1\\runs\\main3000_ramp300_none_seed0_189a3f3c\\attempt_0001"", ""D:\\python_install\\py\\rl\\0325\\0325\\outputs\\stage_1\\formal_scans\\stage1_low_formal_v1\\runs\\main3000_ramp300_none_seed1_189a3f3c\\attempt_0001"", ""D:\\python_install\\py\\rl\\0325\\0325\\outputs\\stage_1\\formal_scans\\stage1_low_formal_v1\\runs\\main3000_ramp300_none_seed2_189a3f3c\\attempt_0001"", ""D:\\python_install\\py\\rl\\0325\\0325\\outputs\\stage_1\\formal_scans\\stage1_low_formal_v1\\runs\\main3000_ramp300_none_seed3_189a3f3c\\attempt_0001"", ""D:\\python_install\\py\\rl\\0325\\0325\\outputs\\stage_1\\formal_scans\\stage1_low_formal_v1\\runs\\main3000_ramp300_none_seed4_189a3f3c\\attempt_0001""]",5,28.31330029224813,27.9107372119519,28.951182608484107,5,11.0,9.0,12.0,5,39.6,38.0,40.0,5,0.9883476599808978,0.9828080229226361,0.9933142311365807
low,1380,5,"[""D:\\python_install\\py\\rl\\0325\\0325\\outputs\\stage_1\\formal_scans\\stage1_low_formal_v1\\runs\\main3000_ramp300_none_seed0_189a3f3c\\attempt_0001"", ""D:\\python_install\\py\\rl\\0325\\0325\\outputs\\stage_1\\formal_scans\\stage1_low_formal_v1\\runs\\main3000_ramp300_none_seed1_189a3f3c\\attempt_0001"", ""D:\\python_install\\py\\rl\\0325\\0325\\outputs\\stage_1\\formal_scans\\stage1_low_formal_v1\\runs\\main3000_ramp300_none_seed2_189a3f3c\\attempt_0001"", ""D:\\python_install\\py\\rl\\0325\\0325\\outputs\\stage_1\\formal_scans\\stage1_low_formal_v1\\runs\\main3000_ramp300_none_seed3_189a3f3c\\attempt_0001"", ""D:\\python_install\\py\\rl\\0325\\0325\\outputs\\stage_1\\formal_scans\\stage1_low_formal_v1\\runs\\main3000_ramp300_none_seed4_189a3f3c\\attempt_0001""]",5,28.292024095870858,27.419702616320006,28.960071018085074,5,9.6,7.0,12.0,5,39.2,38.0,40.0,5,0.9869646182495344,0.9813780260707635,0.9916201117318436
low,1410,5,"[""D:\\python_install\\py\\rl\\0325\\0325\\outputs\\stage_1\\formal_scans\\stage1_low_formal_v1\\runs\\main3000_ramp300_none_seed0_189a3f3c\\attempt_0001"", ""D:\\python_install\\py\\rl\\0325\\0325\\outputs\\stage_1\\formal_scans\\stage1_low_formal_v1\\runs\\main3000_ramp300_none_seed1_189a3f3c\\attempt_0001"", ""D:\\python_install\\py\\rl\\0325\\0325\\outputs\\stage_1\\formal_scans\\stage1_low_formal_v1\\runs\\main3000_ramp300_none_seed2_189a3f3c\\attempt_0001"", ""D:\\python_install\\py\\rl\\0325\\0325\\outputs\\stage_1\\formal_scans\\stage1_low_formal_v1\\runs\\main3000_ramp300_none_seed3_189a3f3c\\attempt_0001"", ""D:\\python_install\\py\\rl\\0325\\0325\\outputs\\stage_1\\formal_scans\\stage1_low_formal_v1\\runs\\main3000_ramp300_none_seed4_189a3f3c\\attempt_0001""]",5,28.212466406344312,27.808668722784898,28.59263914760482,5,10.4,7.0,14.0,5,40.0,40.0,40.0,5,0.9852994555353902,0.9800362976406534,0.9900181488203267
low,1440,5,"[""D:\\python_install\\py\\rl\\0325\\0325\\outputs\\stage_1\\formal_scans\\stage1_low_formal_v1\\runs\\main3000_ramp300_none_seed0_189a3f3c\\attempt_0001"", ""D:\\python_install\\py\\rl\\0325\\0325\\outputs\\stage_1\\formal_scans\\stage1_low_formal_v1\\runs\\main3000_ramp300_none_seed1_189a3f3c\\attempt_0001"", ""D:\\python_install\\py\\rl\\0325\\0325\\outputs\\stage_1\\formal_scans\\stage1_low_formal_v1\\runs\\main3000_ramp300_none_seed2_189a3f3c\\attempt_0001"", ""D:\\python_install\\py\\rl\\0325\\0325\\outputs\\stage_1\\formal_scans\\stage1_low_formal_v1\\runs\\main3000_ramp300_none_seed3_189a3f3c\\attempt_0001"", ""D:\\python_install\\py\\rl\\0325\\0325\\outputs\\stage_1\\formal_scans\\stage1_low_formal_v1\\runs\\main3000_ramp300_none_seed4_189a3f3c\\attempt_0001""]",5,28.200050319861596,27.895663647893844,28.509467915385155,5,9.0,6.0,12.0,5,39.8,39.0,40.0,5,0.9838795394154118,0.978742249778565,0.9884853852967228
low,1470,5,"[""D:\\python_install\\py\\rl\\0325\\0325\\outputs\\stage_1\\formal_scans\\stage1_low_formal_v1\\runs\\main3000_ramp300_none_seed0_189a3f3c\\attempt_0001"", ""D:\\python_install\\py\\rl\\0325\\0325\\outputs\\stage_1\\formal_scans\\stage1_low_formal_v1\\runs\\main3000_ramp300_none_seed1_189a3f3c\\attempt_0001"", ""D:\\python_install\\py\\rl\\0325\\0325\\outputs\\stage_1\\formal_scans\\stage1_low_formal_v1\\runs\\main3000_ramp300_none_seed2_189a3f3c\\attempt_0001"", ""D:\\python_install\\py\\rl\\0325\\0325\\outputs\\stage_1\\formal_scans\\stage1_low_formal_v1\\runs\\main3000_ramp300_none_seed3_189a3f3c\\attempt_0001"", ""D:\\python_install\\py\\rl\\0325\\0325\\outputs\\stage_1\\formal_scans\\stage1_low_formal_v1\\runs\\main3000_ramp300_none_seed4_189a3f3c\\attempt_0001""]",5,28.09971112180001,27.616442455299374,28.703780926818236,5,11.4,9.0,13.0,5,39.8,39.0,40.0,5,0.9818496110630942,0.9766637856525497,0.986171132238548
low,1500,5,"[""D:\\python_install\\py\\rl\\0325\\0325\\outputs\\stage_1\\formal_scans\\stage1_low_formal_v1\\runs\\main3000_ramp300_none_seed0_189a3f3c\\attempt_0001"", ""D:\\python_install\\py\\rl\\0325\\0325\\outputs\\stage_1\\formal_scans\\stage1_low_formal_v1\\runs\\main3000_ramp300_none_seed1_189a3f3c\\attempt_0001"", ""D:\\python_install\\py\\rl\\0325\\0325\\outputs\\stage_1\\formal_scans\\stage1_low_formal_v1\\runs\\main3000_ramp300_none_seed2_189a3f3c\\attempt_0001"", ""D:\\python_install\\py\\rl\\0325\\0325\\outputs\\stage_1\\formal_scans\\stage1_low_formal_v1\\runs\\main3000_ramp300_none_seed3_189a3f3c\\attempt_0001"", ""D:\\python_install\\py\\rl\\0325\\0325\\outputs\\stage_1\\formal_scans\\stage1_low_formal_v1\\runs\\main3000_ramp300_none_seed4_189a3f3c\\attempt_0001""]",5,28.187309861099926,27.436168410756654,28.513814637306655,5,10.6,8.0,12.0,5,39.6,38.0,40.0,5,0.9807432432432434,0.9755067567567568,0.9847972972972973
low,1530,5,"[""D:\\python_install\\py\\rl\\0325\\0325\\outputs\\stage_1\\formal_scans\\stage1_low_formal_v1\\runs\\main3000_ramp300_none_seed0_189a3f3c\\attempt_0001"", ""D:\\python_install\\py\\rl\\0325\\0325\\outputs\\stage_1\\formal_scans\\stage1_low_formal_v1\\runs\\main3000_ramp300_none_seed1_189a3f3c\\attempt_0001"", ""D:\\python_install\\py\\rl\\0325\\0325\\outputs\\stage_1\\formal_scans\\stage1_low_formal_v1\\runs\\main3000_ramp300_none_seed2_189a3f3c\\attempt_0001"", ""D:\\python_install\\py\\rl\\0325\\0325\\outputs\\stage_1\\formal_scans\\stage1_low_formal_v1\\runs\\main3000_ramp300_none_seed3_189a3f3c\\attempt_0001"", ""D:\\python_install\\py\\rl\\0325\\0325\\outputs\\stage_1\\formal_scans\\stage1_low_formal_v1\\runs\\main3000_ramp300_none_seed4_189a3f3c\\attempt_0001""]",5,28.06380999987264,27.665766868530504,28.484420416803438,5,10.0,6.0,15.0,5,39.8,39.0,40.0,5,0.979042904290429,0.9735973597359736,0.9826732673267327
low,1560,5,"[""D:\\python_install\\py\\rl\\0325\\0325\\outputs\\stage_1\\formal_scans\\stage1_low_formal_v1\\runs\\main3000_ramp300_none_seed0_189a3f3c\\attempt_0001"", ""D:\\python_install\\py\\rl\\0325\\0325\\outputs\\stage_1\\formal_scans\\stage1_low_formal_v1\\runs\\main3000_ramp300_none_seed1_189a3f3c\\attempt_0001"", ""D:\\python_install\\py\\rl\\0325\\0325\\outputs\\stage_1\\formal_scans\\stage1_low_formal_v1\\runs\\main3000_ramp300_none_seed2_189a3f3c\\attempt_0001"", ""D:\\python_install\\py\\rl\\0325\\0325\\outputs\\stage_1\\formal_scans\\stage1_low_formal_v1\\runs\\main3000_ramp300_none_seed3_189a3f3c\\attempt_0001"", ""D:\\python_install\\py\\rl\\0325\\0325\\outputs\\stage_1\\formal_scans\\stage1_low_formal_v1\\runs\\main3000_ramp300_none_seed4_189a3f3c\\attempt_0001""]",5,28.426069751073044,27.657962475584966,28.820576133872695,5,10.6,9.0,12.0,5,39.6,39.0,40.0,5,0.978046811945117,0.9725585149313963,0.9814366424535916
low,1590,5,"[""D:\\python_install\\py\\rl\\0325\\0325\\outputs\\stage_1\\formal_scans\\stage1_low_formal_v1\\runs\\main3000_ramp300_none_seed0_189a3f3c\\attempt_0001"", ""D:\\python_install\\py\\rl\\0325\\0325\\outputs\\stage_1\\formal_scans\\stage1_low_formal_v1\\runs\\main3000_ramp300_none_seed1_189a3f3c\\attempt_0001"", ""D:\\python_install\\py\\rl\\0325\\0325\\outputs\\stage_1\\formal_scans\\stage1_low_formal_v1\\runs\\main3000_ramp300_none_seed2_189a3f3c\\attempt_0001"", ""D:\\python_install\\py\\rl\\0325\\0325\\outputs\\stage_1\\formal_scans\\stage1_low_formal_v1\\runs\\main3000_ramp300_none_seed3_189a3f3c\\attempt_0001"", ""D:\\python_install\\py\\rl\\0325\\0325\\outputs\\stage_1\\formal_scans\\stage1_low_formal_v1\\runs\\main3000_ramp300_none_seed4_189a3f3c\\attempt_0001""]",5,28.4230487553259,27.88578537600449,28.86501852404878,5,12.2,7.0,16.0,5,39.8,39.0,40.0,5,0.9764798737174427,0.9707971586424625,0.9802683504340963
low,1620,5,"[""D:\\python_install\\py\\rl\\0325\\0325\\outputs\\stage_1\\formal_scans\\stage1_low_formal_v1\\runs\\main3000_ramp300_none_seed0_189a3f3c\\attempt_0001"", ""D:\\python_install\\py\\rl\\0325\\0325\\outputs\\stage_1\\formal_scans\\stage1_low_formal_v1\\runs\\main3000_ramp300_none_seed1_189a3f3c\\attempt_0001"", ""D:\\python_install\\py\\rl\\0325\\0325\\outputs\\stage_1\\formal_scans\\stage1_low_formal_v1\\runs\\main3000_ramp300_none_seed2_189a3f3c\\attempt_0001"", ""D:\\python_install\\py\\rl\\0325\\0325\\outputs\\stage_1\\formal_scans\\stage1_low_formal_v1\\runs\\main3000_ramp300_none_seed3_189a3f3c\\attempt_0001"", ""D:\\python_install\\py\\rl\\0325\\0325\\outputs\\stage_1\\formal_scans\\stage1_low_formal_v1\\runs\\main3000_ramp300_none_seed4_189a3f3c\\attempt_0001""]",5,28.19176078252022,28.028499600584635,28.428128786712207,5,10.8,7.0,13.0,5,39.8,39.0,40.0,5,0.9754250386398764,0.9698608964451314,0.9791344667697064
low,1650,5,"[""D:\\python_install\\py\\rl\\0325\\0325\\outputs\\stage_1\\formal_scans\\stage1_low_formal_v1\\runs\\main3000_ramp300_none_seed0_189a3f3c\\attempt_0001"", ""D:\\python_install\\py\\rl\\0325\\0325\\outputs\\stage_1\\formal_scans\\stage1_low_formal_v1\\runs\\main3000_ramp300_none_seed1_189a3f3c\\attempt_0001"", ""D:\\python_install\\py\\rl\\0325\\0325\\outputs\\stage_1\\formal_scans\\stage1_low_formal_v1\\runs\\main3000_ramp300_none_seed2_189a3f3c\\attempt_0001"", ""D:\\python_install\\py\\rl\\0325\\0325\\outputs\\stage_1\\formal_scans\\stage1_low_formal_v1\\runs\\main3000_ramp300_none_seed3_189a3f3c\\attempt_0001"", ""D:\\python_install\\py\\rl\\0325\\0325\\outputs\\stage_1\\formal_scans\\stage1_low_formal_v1\\runs\\main3000_ramp300_none_seed4_189a3f3c\\attempt_0001""]",5,28.27188242205107,27.86299051535437,28.697663118711517,5,8.4,7.0,10.0,5,39.8,39.0,40.0,5,0.9738275340393343,0.9689863842662633,0.9773071104387292
low,1680,5,"[""D:\\python_install\\py\\rl\\0325\\0325\\outputs\\stage_1\\formal_scans\\stage1_low_formal_v1\\runs\\main3000_ramp300_none_seed0_189a3f3c\\attempt_0001"", ""D:\\python_install\\py\\rl\\0325\\0325\\outputs\\stage_1\\formal_scans\\stage1_low_formal_v1\\runs\\main3000_ramp300_none_seed1_189a3f3c\\attempt_0001"", ""D:\\python_install\\py\\rl\\0325\\0325\\outputs\\stage_1\\formal_scans\\stage1_low_formal_v1\\runs\\main3000_ramp300_none_seed2_189a3f3c\\attempt_0001"", ""D:\\python_install\\py\\rl\\0325\\0325\\outputs\\stage_1\\formal_scans\\stage1_low_formal_v1\\runs\\main3000_ramp300_none_seed3_189a3f3c\\attempt_0001"", ""D:\\python_install\\py\\rl\\0325\\0325\\outputs\\stage_1\\formal_scans\\stage1_low_formal_v1\\runs\\main3000_ramp300_none_seed4_189a3f3c\\attempt_0001""]",5,28.17986315709653,27.70677700456661,28.551345236317808,5,11.6,8.0,15.0,5,39.8,39.0,40.0,5,0.9730170496664196,0.9681245366938473,0.9762787249814677
low,1710,5,"[""D:\\python_install\\py\\rl\\0325\\0325\\outputs\\stage_1\\formal_scans\\stage1_low_formal_v1\\runs\\main3000_ramp300_none_seed0_189a3f3c\\attempt_0001"", ""D:\\python_install\\py\\rl\\0325\\0325\\outputs\\stage_1\\formal_scans\\stage1_low_formal_v1\\runs\\main3000_ramp300_none_seed1_189a3f3c\\attempt_0001"", ""D:\\python_install\\py\\rl\\0325\\0325\\outputs\\stage_1\\formal_scans\\stage1_low_formal_v1\\runs\\main3000_ramp300_none_seed2_189a3f3c\\attempt_0001"", ""D:\\python_install\\py\\rl\\0325\\0325\\outputs\\stage_1\\formal_scans\\stage1_low_formal_v1\\runs\\main3000_ramp300_none_seed3_189a3f3c\\attempt_0001"", ""D:\\python_install\\py\\rl\\0325\\0325\\outputs\\stage_1\\formal_scans\\stage1_low_formal_v1\\runs\\main3000_ramp300_none_seed4_189a3f3c\\attempt_0001""]",5,28.06543482644605,27.392627618778114,28.683300987009943,5,8.8,5.0,13.0,5,39.4,38.0,40.0,5,0.9715323166303559,0.9665940450254176,0.9753086419753086
low,1740,5,"[""D:\\python_install\\py\\rl\\0325\\0325\\outputs\\stage_1\\formal_scans\\stage1_low_formal_v1\\runs\\main3000_ramp300_none_seed0_189a3f3c\\attempt_0001"", ""D:\\python_install\\py\\rl\\0325\\0325\\outputs\\stage_1\\formal_scans\\stage1_low_formal_v1\\runs\\main3000_ramp300_none_seed1_189a3f3c\\attempt_0001"", ""D:\\python_install\\py\\rl\\0325\\0325\\outputs\\stage_1\\formal_scans\\stage1_low_formal_v1\\runs\\main3000_ramp300_none_seed2_189a3f3c\\attempt_0001"", ""D:\\python_install\\py\\rl\\0325\\0325\\outputs\\stage_1\\formal_scans\\stage1_low_formal_v1\\runs\\main3000_ramp300_none_seed3_189a3f3c\\attempt_0001"", ""D:\\python_install\\py\\rl\\0325\\0325\\outputs\\stage_1\\formal_scans\\stage1_low_formal_v1\\runs\\main3000_ramp300_none_seed4_189a3f3c\\attempt_0001""]",5,28.106812460716736,27.2640043435712,28.884090860135945,5,10.2,7.0,14.0,5,39.6,39.0,40.0,5,0.9710826210826211,0.9665242165242165,0.9743589743589743
low,1770,5,"[""D:\\python_install\\py\\rl\\0325\\0325\\outputs\\stage_1\\formal_scans\\stage1_low_formal_v1\\runs\\main3000_ramp300_none_seed0_189a3f3c\\attempt_0001"", ""D:\\python_install\\py\\rl\\0325\\0325\\outputs\\stage_1\\formal_scans\\stage1_low_formal_v1\\runs\\main3000_ramp300_none_seed1_189a3f3c\\attempt_0001"", ""D:\\python_install\\py\\rl\\0325\\0325\\outputs\\stage_1\\formal_scans\\stage1_low_formal_v1\\runs\\main3000_ramp300_none_seed2_189a3f3c\\attempt_0001"", ""D:\\python_install\\py\\rl\\0325\\0325\\outputs\\stage_1\\formal_scans\\stage1_low_formal_v1\\runs\\main3000_ramp300_none_seed3_189a3f3c\\attempt_0001"", ""D:\\python_install\\py\\rl\\0325\\0325\\outputs\\stage_1\\formal_scans\\stage1_low_formal_v1\\runs\\main3000_ramp300_none_seed4_189a3f3c\\attempt_0001""]",5,28.12551077111461,27.47371923995946,28.85537955485128,5,10.8,9.0,13.0,5,39.6,38.0,40.0,5,0.9696927374301676,0.965782122905028,0.9727653631284916
low,1800,5,"[""D:\\python_install\\py\\rl\\0325\\0325\\outputs\\stage_1\\formal_scans\\stage1_low_formal_v1\\runs\\main3000_ramp300_none_seed0_189a3f3c\\attempt_0001"", ""D:\\python_install\\py\\rl\\0325\\0325\\outputs\\stage_1\\formal_scans\\stage1_low_formal_v1\\runs\\main3000_ramp300_none_seed1_189a3f3c\\attempt_0001"", ""D:\\python_install\\py\\rl\\0325\\0325\\outputs\\stage_1\\formal_scans\\stage1_low_formal_v1\\runs\\main3000_ramp300_none_seed2_189a3f3c\\attempt_0001"", ""D:\\python_install\\py\\rl\\0325\\0325\\outputs\\stage_1\\formal_scans\\stage1_low_formal_v1\\runs\\main3000_ramp300_none_seed3_189a3f3c\\attempt_0001"", ""D:\\python_install\\py\\rl\\0325\\0325\\outputs\\stage_1\\formal_scans\\stage1_low_formal_v1\\runs\\main3000_ramp300_none_seed4_189a3f3c\\attempt_0001""]",5,28.04902366790207,26.956941561248485,29.126339713227186,5,9.8,8.0,15.0,5,39.6,39.0,40.0,5,0.9691569568197396,0.9650445510623715,0.9725839616175462
low,1830,5,"[""D:\\python_install\\py\\rl\\0325\\0325\\outputs\\stage_1\\formal_scans\\stage1_low_formal_v1\\runs\\main3000_ramp300_none_seed0_189a3f3c\\attempt_0001"", ""D:\\python_install\\py\\rl\\0325\\0325\\outputs\\stage_1\\formal_scans\\stage1_low_formal_v1\\runs\\main3000_ramp300_none_seed1_189a3f3c\\attempt_0001"", ""D:\\python_install\\py\\rl\\0325\\0325\\outputs\\stage_1\\formal_scans\\stage1_low_formal_v1\\runs\\main3000_ramp300_none_seed2_189a3f3c\\attempt_0001"", ""D:\\python_install\\py\\rl\\0325\\0325\\outputs\\stage_1\\formal_scans\\stage1_low_formal_v1\\runs\\main3000_ramp300_none_seed3_189a3f3c\\attempt_0001"", ""D:\\python_install\\py\\rl\\0325\\0325\\outputs\\stage_1\\formal_scans\\stage1_low_formal_v1\\runs\\main3000_ramp300_none_seed4_189a3f3c\\attempt_0001""]",5,28.32171979268255,27.273784157532916,29.172248250679292,5,10.2,7.0,14.0,5,40.0,40.0,40.0,5,0.9679892400806993,0.9636852723604573,0.9717552118359112
low,1860,5,"[""D:\\python_install\\py\\rl\\0325\\0325\\outputs\\stage_1\\formal_scans\\stage1_low_formal_v1\\runs\\main3000_ramp300_none_seed0_189a3f3c\\attempt_0001"", ""D:\\python_install\\py\\rl\\0325\\0325\\outputs\\stage_1\\formal_scans\\stage1_low_formal_v1\\runs\\main3000_ramp300_none_seed1_189a3f3c\\attempt_0001"", ""D:\\python_install\\py\\rl\\0325\\0325\\outputs\\stage_1\\formal_scans\\stage1_low_formal_v1\\runs\\main3000_ramp300_none_seed2_189a3f3c\\attempt_0001"", ""D:\\python_install\\py\\rl\\0325\\0325\\outputs\\stage_1\\formal_scans\\stage1_low_formal_v1\\runs\\main3000_ramp300_none_seed3_189a3f3c\\attempt_0001"", ""D:\\python_install\\py\\rl\\0325\\0325\\outputs\\stage_1\\formal_scans\\stage1_low_formal_v1\\runs\\main3000_ramp300_none_seed4_189a3f3c\\attempt_0001""]",5,28.49328529081213,27.800667403125573,29.11282479621731,5,12.4,9.0,15.0,5,39.8,39.0,40.0,5,0.9672391017173052,0.9630118890356671,0.9709379128137384
low,1890,5,"[""D:\\python_install\\py\\rl\\0325\\0325\\outputs\\stage_1\\formal_scans\\stage1_low_formal_v1\\runs\\main3000_ramp300_none_seed0_189a3f3c\\attempt_0001"", ""D:\\python_install\\py\\rl\\0325\\0325\\outputs\\stage_1\\formal_scans\\stage1_low_formal_v1\\runs\\main3000_ramp300_none_seed1_189a3f3c\\attempt_0001"", ""D:\\python_install\\py\\rl\\0325\\0325\\outputs\\stage_1\\formal_scans\\stage1_low_formal_v1\\runs\\main3000_ramp300_none_seed2_189a3f3c\\attempt_0001"", ""D:\\python_install\\py\\rl\\0325\\0325\\outputs\\stage_1\\formal_scans\\stage1_low_formal_v1\\runs\\main3000_ramp300_none_seed3_189a3f3c\\attempt_0001"", ""D:\\python_install\\py\\rl\\0325\\0325\\outputs\\stage_1\\formal_scans\\stage1_low_formal_v1\\runs\\main3000_ramp300_none_seed4_189a3f3c\\attempt_0001""]",5,28.242651504968286,27.665501254486966,28.652116012204992,5,8.6,7.0,10.0,5,40.0,40.0,40.0,5,0.966018158236057,0.9617380025940337,0.9695201037613489
low,1920,5,"[""D:\\python_install\\py\\rl\\0325\\0325\\outputs\\stage_1\\formal_scans\\stage1_low_formal_v1\\runs\\main3000_ramp300_none_seed0_189a3f3c\\attempt_0001"", ""D:\\python_install\\py\\rl\\0325\\0325\\outputs\\stage_1\\formal_scans\\stage1_low_formal_v1\\runs\\main3000_ramp300_none_seed1_189a3f3c\\attempt_0001"", ""D:\\python_install\\py\\rl\\0325\\0325\\outputs\\stage_1\\formal_scans\\stage1_low_formal_v1\\runs\\main3000_ramp300_none_seed2_189a3f3c\\attempt_0001"", ""D:\\python_install\\py\\rl\\0325\\0325\\outputs\\stage_1\\formal_scans\\stage1_low_formal_v1\\runs\\main3000_ramp300_none_seed3_189a3f3c\\attempt_0001"", ""D:\\python_install\\py\\rl\\0325\\0325\\outputs\\stage_1\\formal_scans\\stage1_low_formal_v1\\runs\\main3000_ramp300_none_seed4_189a3f3c\\attempt_0001""]",5,28.348207386322336,27.872816192326624,28.733542857406874,5,10.2,8.0,12.0,5,39.4,38.0,40.0,5,0.9653282345442957,0.9611217335882728,0.9687699171446782
low,1950,5,"[""D:\\python_install\\py\\rl\\0325\\0325\\outputs\\stage_1\\formal_scans\\stage1_low_formal_v1\\runs\\main3000_ramp300_none_seed0_189a3f3c\\attempt_0001"", ""D:\\python_install\\py\\rl\\0325\\0325\\outputs\\stage_1\\formal_scans\\stage1_low_formal_v1\\runs\\main3000_ramp300_none_seed1_189a3f3c\\attempt_0001"", ""D:\\python_install\\py\\rl\\0325\\0325\\outputs\\stage_1\\formal_scans\\stage1_low_formal_v1\\runs\\main3000_ramp300_none_seed2_189a3f3c\\attempt_0001"", ""D:\\python_install\\py\\rl\\0325\\0325\\outputs\\stage_1\\formal_scans\\stage1_low_formal_v1\\runs\\main3000_ramp300_none_seed3_189a3f3c\\attempt_0001"", ""D:\\python_install\\py\\rl\\0325\\0325\\outputs\\stage_1\\formal_scans\\stage1_low_formal_v1\\runs\\main3000_ramp300_none_seed4_189a3f3c\\attempt_0001""]",5,28.33488345383273,27.65430444441373,28.787927106232367,5,11.0,7.0,14.0,5,40.0,40.0,40.0,5,0.9644333124608642,0.960551033187226,0.9674389480275517
low,1980,5,"[""D:\\python_install\\py\\rl\\0325\\0325\\outputs\\stage_1\\formal_scans\\stage1_low_formal_v1\\runs\\main3000_ramp300_none_seed0_189a3f3c\\attempt_0001"", ""D:\\python_install\\py\\rl\\0325\\0325\\outputs\\stage_1\\formal_scans\\stage1_low_formal_v1\\runs\\main3000_ramp300_none_seed1_189a3f3c\\attempt_0001"", ""D:\\python_install\\py\\rl\\0325\\0325\\outputs\\stage_1\\formal_scans\\stage1_low_formal_v1\\runs\\main3000_ramp300_none_seed2_189a3f3c\\attempt_0001"", ""D:\\python_install\\py\\rl\\0325\\0325\\outputs\\stage_1\\formal_scans\\stage1_low_formal_v1\\runs\\main3000_ramp300_none_seed3_189a3f3c\\attempt_0001"", ""D:\\python_install\\py\\rl\\0325\\0325\\outputs\\stage_1\\formal_scans\\stage1_low_formal_v1\\runs\\main3000_ramp300_none_seed4_189a3f3c\\attempt_0001""]",5,28.238555191146894,27.591873922038726,28.873008921014378,5,8.8,5.0,11.0,5,39.8,39.0,40.0,5,0.9637931034482758,0.9599753694581281,0.9667487684729064
low,2010,5,"[""D:\\python_install\\py\\rl\\0325\\0325\\outputs\\stage_1\\formal_scans\\stage1_low_formal_v1\\runs\\main3000_ramp300_none_seed0_189a3f3c\\attempt_0001"", ""D:\\python_install\\py\\rl\\0325\\0325\\outputs\\stage_1\\formal_scans\\stage1_low_formal_v1\\runs\\main3000_ramp300_none_seed1_189a3f3c\\attempt_0001"", ""D:\\python_install\\py\\rl\\0325\\0325\\outputs\\stage_1\\formal_scans\\stage1_low_formal_v1\\runs\\main3000_ramp300_none_seed2_189a3f3c\\attempt_0001"", ""D:\\python_install\\py\\rl\\0325\\0325\\outputs\\stage_1\\formal_scans\\stage1_low_formal_v1\\runs\\main3000_ramp300_none_seed3_189a3f3c\\attempt_0001"", ""D:\\python_install\\py\\rl\\0325\\0325\\outputs\\stage_1\\formal_scans\\stage1_low_formal_v1\\runs\\main3000_ramp300_none_seed4_189a3f3c\\attempt_0001""]",5,28.113647177487582,27.76940389079602,28.62048418081833,5,11.4,9.0,14.0,5,39.8,39.0,40.0,5,0.9627118644067796,0.9588377723970944,0.965496368038741
low,2040,5,"[""D:\\python_install\\py\\rl\\0325\\0325\\outputs\\stage_1\\formal_scans\\stage1_low_formal_v1\\runs\\main3000_ramp300_none_seed0_189a3f3c\\attempt_0001"", ""D:\\python_install\\py\\rl\\0325\\0325\\outputs\\stage_1\\formal_scans\\stage1_low_formal_v1\\runs\\main3000_ramp300_none_seed1_189a3f3c\\attempt_0001"", ""D:\\python_install\\py\\rl\\0325\\0325\\outputs\\stage_1\\formal_scans\\stage1_low_formal_v1\\runs\\main3000_ramp300_none_seed2_189a3f3c\\attempt_0001"", ""D:\\python_install\\py\\rl\\0325\\0325\\outputs\\stage_1\\formal_scans\\stage1_low_formal_v1\\runs\\main3000_ramp300_none_seed3_189a3f3c\\attempt_0001"", ""D:\\python_install\\py\\rl\\0325\\0325\\outputs\\stage_1\\formal_scans\\stage1_low_formal_v1\\runs\\main3000_ramp300_none_seed4_189a3f3c\\attempt_0001""]",5,28.280449535987593,27.722917528867153,28.763888368996625,5,11.4,9.0,14.0,5,40.0,40.0,40.0,5,0.96223942823109,0.9583085169743896,0.9654556283502085
low,2070,5,"[""D:\\python_install\\py\\rl\\0325\\0325\\outputs\\stage_1\\formal_scans\\stage1_low_formal_v1\\runs\\main3000_ramp300_none_seed0_189a3f3c\\attempt_0001"", ""D:\\python_install\\py\\rl\\0325\\0325\\outputs\\stage_1\\formal_scans\\stage1_low_formal_v1\\runs\\main3000_ramp300_none_seed1_189a3f3c\\attempt_0001"", ""D:\\python_install\\py\\rl\\0325\\0325\\outputs\\stage_1\\formal_scans\\stage1_low_formal_v1\\runs\\main3000_ramp300_none_seed2_189a3f3c\\attempt_0001"", ""D:\\python_install\\py\\rl\\0325\\0325\\outputs\\stage_1\\formal_scans\\stage1_low_formal_v1\\runs\\main3000_ramp300_none_seed3_189a3f3c\\attempt_0001"", ""D:\\python_install\\py\\rl\\0325\\0325\\outputs\\stage_1\\formal_scans\\stage1_low_formal_v1\\runs\\main3000_ramp300_none_seed4_189a3f3c\\attempt_0001""]",5,28.236547514087913,27.685299410084777,29.014558436887352,5,8.4,4.0,11.0,5,40.0,40.0,40.0,5,0.9611013473930873,0.9572349150556532,0.9642647920328061
low,2100,5,"[""D:\\python_install\\py\\rl\\0325\\0325\\outputs\\stage_1\\formal_scans\\stage1_low_formal_v1\\runs\\main3000_ramp300_none_seed0_189a3f3c\\attempt_0001"", ""D:\\python_install\\py\\rl\\0325\\0325\\outputs\\stage_1\\formal_scans\\stage1_low_formal_v1\\runs\\main3000_ramp300_none_seed1_189a3f3c\\attempt_0001"", ""D:\\python_install\\py\\rl\\0325\\0325\\outputs\\stage_1\\formal_scans\\stage1_low_formal_v1\\runs\\main3000_ramp300_none_seed2_189a3f3c\\attempt_0001"", ""D:\\python_install\\py\\rl\\0325\\0325\\outputs\\stage_1\\formal_scans\\stage1_low_formal_v1\\runs\\main3000_ramp300_none_seed3_189a3f3c\\attempt_0001"", ""D:\\python_install\\py\\rl\\0325\\0325\\outputs\\stage_1\\formal_scans\\stage1_low_formal_v1\\runs\\main3000_ramp300_none_seed4_189a3f3c\\attempt_0001""]",5,27.886419787062437,27.29750271129798,28.75362305468701,5,11.6,7.0,15.0,5,39.8,39.0,40.0,5,0.960553633217993,0.9567474048442907,0.9636678200692042
low,2130,5,"[""D:\\python_install\\py\\rl\\0325\\0325\\outputs\\stage_1\\formal_scans\\stage1_low_formal_v1\\runs\\main3000_ramp300_none_seed0_189a3f3c\\attempt_0001"", ""D:\\python_install\\py\\rl\\0325\\0325\\outputs\\stage_1\\formal_scans\\stage1_low_formal_v1\\runs\\main3000_ramp300_none_seed1_189a3f3c\\attempt_0001"", ""D:\\python_install\\py\\rl\\0325\\0325\\outputs\\stage_1\\formal_scans\\stage1_low_formal_v1\\runs\\main3000_ramp300_none_seed2_189a3f3c\\attempt_0001"", ""D:\\python_install\\py\\rl\\0325\\0325\\outputs\\stage_1\\formal_scans\\stage1_low_formal_v1\\runs\\main3000_ramp300_none_seed3_189a3f3c\\attempt_0001"", ""D:\\python_install\\py\\rl\\0325\\0325\\outputs\\stage_1\\formal_scans\\stage1_low_formal_v1\\runs\\main3000_ramp300_none_seed4_189a3f3c\\attempt_0001""]",5,28.144657869568242,27.562750029543512,28.903544007298997,5,9.8,5.0,13.0,5,39.4,39.0,40.0,5,0.9595913734392735,0.9557321225879682,0.9631101021566402
low,2160,5,"[""D:\\python_install\\py\\rl\\0325\\0325\\outputs\\stage_1\\formal_scans\\stage1_low_formal_v1\\runs\\main3000_ramp300_none_seed0_189a3f3c\\attempt_0001"", ""D:\\python_install\\py\\rl\\0325\\0325\\outputs\\stage_1\\formal_scans\\stage1_low_formal_v1\\runs\\main3000_ramp300_none_seed1_189a3f3c\\attempt_0001"", ""D:\\python_install\\py\\rl\\0325\\0325\\outputs\\stage_1\\formal_scans\\stage1_low_formal_v1\\runs\\main3000_ramp300_none_seed2_189a3f3c\\attempt_0001"", ""D:\\python_install\\py\\rl\\0325\\0325\\outputs\\stage_1\\formal_scans\\stage1_low_formal_v1\\runs\\main3000_ramp300_none_seed3_189a3f3c\\attempt_0001"", ""D:\\python_install\\py\\rl\\0325\\0325\\outputs\\stage_1\\formal_scans\\stage1_low_formal_v1\\runs\\main3000_ramp300_none_seed4_189a3f3c\\attempt_0001""]",5,28.444945888264147,27.48627048177243,29.449661746189502,5,10.0,7.0,11.0,5,39.6,38.0,40.0,5,0.959418669647848,0.9552822806036892,0.9631078814980436
low,2190,5,"[""D:\\python_install\\py\\rl\\0325\\0325\\outputs\\stage_1\\formal_scans\\stage1_low_formal_v1\\runs\\main3000_ramp300_none_seed0_189a3f3c\\attempt_0001"", ""D:\\python_install\\py\\rl\\0325\\0325\\outputs\\stage_1\\formal_scans\\stage1_low_formal_v1\\runs\\main3000_ramp300_none_seed1_189a3f3c\\attempt_0001"", ""D:\\python_install\\py\\rl\\0325\\0325\\outputs\\stage_1\\formal_scans\\stage1_low_formal_v1\\runs\\main3000_ramp300_none_seed2_189a3f3c\\attempt_0001"", ""D:\\python_install\\py\\rl\\0325\\0325\\outputs\\stage_1\\formal_scans\\stage1_low_formal_v1\\runs\\main3000_ramp300_none_seed3_189a3f3c\\attempt_0001"", ""D:\\python_install\\py\\rl\\0325\\0325\\outputs\\stage_1\\formal_scans\\stage1_low_formal_v1\\runs\\main3000_ramp300_none_seed4_189a3f3c\\attempt_0001""]",5,28.27144630181124,27.56875128974862,29.468510939481543,5,9.8,6.0,14.0,5,39.8,39.0,40.0,5,0.9586130985140342,0.9543203082003302,0.9620253164556962
low,2220,5,"[""D:\\python_install\\py\\rl\\0325\\0325\\outputs\\stage_1\\formal_scans\\stage1_low_formal_v1\\runs\\main3000_ramp300_none_seed0_189a3f3c\\attempt_0001"", ""D:\\python_install\\py\\rl\\0325\\0325\\outputs\\stage_1\\formal_scans\\stage1_low_formal_v1\\runs\\main3000_ramp300_none_seed1_189a3f3c\\attempt_0001"", ""D:\\python_install\\py\\rl\\0325\\0325\\outputs\\stage_1\\formal_scans\\stage1_low_formal_v1\\runs\\main3000_ramp300_none_seed2_189a3f3c\\attempt_0001"", ""D:\\python_install\\py\\rl\\0325\\0325\\outputs\\stage_1\\formal_scans\\stage1_low_formal_v1\\runs\\main3000_ramp300_none_seed3_189a3f3c\\attempt_0001"", ""D:\\python_install\\py\\rl\\0325\\0325\\outputs\\stage_1\\formal_scans\\stage1_low_formal_v1\\runs\\main3000_ramp300_none_seed4_189a3f3c\\attempt_0001""]",5,28.25292863687224,27.796400071380706,29.164004531492303,5,10.4,6.0,13.0,5,40.0,40.0,40.0,5,0.95824295010846,0.9544468546637744,0.9614967462039046
low,2250,5,"[""D:\\python_install\\py\\rl\\0325\\0325\\outputs\\stage_1\\formal_scans\\stage1_low_formal_v1\\runs\\main3000_ramp300_none_seed0_189a3f3c\\attempt_0001"", ""D:\\python_install\\py\\rl\\0325\\0325\\outputs\\stage_1\\formal_scans\\stage1_low_formal_v1\\runs\\main3000_ramp300_none_seed1_189a3f3c\\attempt_0001"", ""D:\\python_install\\py\\rl\\0325\\0325\\outputs\\stage_1\\formal_scans\\stage1_low_formal_v1\\runs\\main3000_ramp300_none_seed2_189a3f3c\\attempt_0001"", ""D:\\python_install\\py\\rl\\0325\\0325\\outputs\\stage_1\\formal_scans\\stage1_low_formal_v1\\runs\\main3000_ramp300_none_seed3_189a3f3c\\attempt_0001"", ""D:\\python_install\\py\\rl\\0325\\0325\\outputs\\stage_1\\formal_scans\\stage1_low_formal_v1\\runs\\main3000_ramp300_none_seed4_189a3f3c\\attempt_0001""]",5,28.361402974561866,28.063494255357142,28.65368601389782,5,9.2,6.0,11.0,5,39.8,39.0,40.0,5,0.9572649572649572,0.9535256410256411,0.9604700854700855
low,2280,5,"[""D:\\python_install\\py\\rl\\0325\\0325\\outputs\\stage_1\\formal_scans\\stage1_low_formal_v1\\runs\\main3000_ramp300_none_seed0_189a3f3c\\attempt_0001"", ""D:\\python_install\\py\\rl\\0325\\0325\\outputs\\stage_1\\formal_scans\\stage1_low_formal_v1\\runs\\main3000_ramp300_none_seed1_189a3f3c\\attempt_0001"", ""D:\\python_install\\py\\rl\\0325\\0325\\outputs\\stage_1\\formal_scans\\stage1_low_formal_v1\\runs\\main3000_ramp300_none_seed2_189a3f3c\\attempt_0001"", ""D:\\python_install\\py\\rl\\0325\\0325\\outputs\\stage_1\\formal_scans\\stage1_low_formal_v1\\runs\\main3000_ramp300_none_seed3_189a3f3c\\attempt_0001"", ""D:\\python_install\\py\\rl\\0325\\0325\\outputs\\stage_1\\formal_scans\\stage1_low_formal_v1\\runs\\main3000_ramp300_none_seed4_189a3f3c\\attempt_0001""]",5,27.9959540235031,27.368594956978118,28.745688302114843,5,9.6,6.0,12.0,5,40.0,40.0,40.0,5,0.9569246972090575,0.9531332280147446,0.9599789362822538
low,2310,5,"[""D:\\python_install\\py\\rl\\0325\\0325\\outputs\\stage_1\\formal_scans\\stage1_low_formal_v1\\runs\\main3000_ramp300_none_seed0_189a3f3c\\attempt_0001"", ""D:\\python_install\\py\\rl\\0325\\0325\\outputs\\stage_1\\formal_scans\\stage1_low_formal_v1\\runs\\main3000_ramp300_none_seed1_189a3f3c\\attempt_0001"", ""D:\\python_install\\py\\rl\\0325\\0325\\outputs\\stage_1\\formal_scans\\stage1_low_formal_v1\\runs\\main3000_ramp300_none_seed2_189a3f3c\\attempt_0001"", ""D:\\python_install\\py\\rl\\0325\\0325\\outputs\\stage_1\\formal_scans\\stage1_low_formal_v1\\runs\\main3000_ramp300_none_seed3_189a3f3c\\attempt_0001"", ""D:\\python_install\\py\\rl\\0325\\0325\\outputs\\stage_1\\formal_scans\\stage1_low_formal_v1\\runs\\main3000_ramp300_none_seed4_189a3f3c\\attempt_0001""]",5,28.21752630240032,27.677015078366463,28.981668748839684,5,11.0,8.0,15.0,5,39.6,39.0,40.0,5,0.9559937727036845,0.9522573949143747,0.9590036325895174
low,2340,5,"[""D:\\python_install\\py\\rl\\0325\\0325\\outputs\\stage_1\\formal_scans\\stage1_low_formal_v1\\runs\\main3000_ramp300_none_seed0_189a3f3c\\attempt_0001"", ""D:\\python_install\\py\\rl\\0325\\0325\\outputs\\stage_1\\formal_scans\\stage1_low_formal_v1\\runs\\main3000_ramp300_none_seed1_189a3f3c\\attempt_0001"", ""D:\\python_install\\py\\rl\\0325\\0325\\outputs\\stage_1\\formal_scans\\stage1_low_formal_v1\\runs\\main3000_ramp300_none_seed2_189a3f3c\\attempt_0001"", ""D:\\python_install\\py\\rl\\0325\\0325\\outputs\\stage_1\\formal_scans\\stage1_low_formal_v1\\runs\\main3000_ramp300_none_seed3_189a3f3c\\attempt_0001"", ""D:\\python_install\\py\\rl\\0325\\0325\\outputs\\stage_1\\formal_scans\\stage1_low_formal_v1\\runs\\main3000_ramp300_none_seed4_189a3f3c\\attempt_0001""]",5,28.22896128256618,27.661306785575466,29.13135932190493,5,9.6,8.0,13.0,5,39.4,39.0,40.0,5,0.9556806550665302,0.9518935516888434,0.9585465711361311
low,2370,5,"[""D:\\python_install\\py\\rl\\0325\\0325\\outputs\\stage_1\\formal_scans\\stage1_low_formal_v1\\runs\\main3000_ramp300_none_seed0_189a3f3c\\attempt_0001"", ""D:\\python_install\\py\\rl\\0325\\0325\\outputs\\stage_1\\formal_scans\\stage1_low_formal_v1\\runs\\main3000_ramp300_none_seed1_189a3f3c\\attempt_0001"", ""D:\\python_install\\py\\rl\\0325\\0325\\outputs\\stage_1\\formal_scans\\stage1_low_formal_v1\\runs\\main3000_ramp300_none_seed2_189a3f3c\\attempt_0001"", ""D:\\python_install\\py\\rl\\0325\\0325\\outputs\\stage_1\\formal_scans\\stage1_low_formal_v1\\runs\\main3000_ramp300_none_seed3_189a3f3c\\attempt_0001"", ""D:\\python_install\\py\\rl\\0325\\0325\\outputs\\stage_1\\formal_scans\\stage1_low_formal_v1\\runs\\main3000_ramp300_none_seed4_189a3f3c\\attempt_0001""]",5,28.0234980024158,27.320154647755675,28.52552804115416,5,11.2,9.0,14.0,5,39.8,39.0,40.0,5,0.9549949545913219,0.9510595358224017,0.9576185671039354
low,2400,5,"[""D:\\python_install\\py\\rl\\0325\\0325\\outputs\\stage_1\\formal_scans\\stage1_low_formal_v1\\runs\\main3000_ramp300_none_seed0_189a3f3c\\attempt_0001"", ""D:\\python_install\\py\\rl\\0325\\0325\\outputs\\stage_1\\formal_scans\\stage1_low_formal_v1\\runs\\main3000_ramp300_none_seed1_189a3f3c\\attempt_0001"", ""D:\\python_install\\py\\rl\\0325\\0325\\outputs\\stage_1\\formal_scans\\stage1_low_formal_v1\\runs\\main3000_ramp300_none_seed2_189a3f3c\\attempt_0001"", ""D:\\python_install\\py\\rl\\0325\\0325\\outputs\\stage_1\\formal_scans\\stage1_low_formal_v1\\runs\\main3000_ramp300_none_seed3_189a3f3c\\attempt_0001"", ""D:\\python_install\\py\\rl\\0325\\0325\\outputs\\stage_1\\formal_scans\\stage1_low_formal_v1\\runs\\main3000_ramp300_none_seed4_189a3f3c\\attempt_0001""]",5,28.23332898035783,27.42417323193723,29.167190625303284,5,9.8,7.0,13.0,5,39.6,38.0,40.0,5,0.9547038327526133,0.9507217521154804,0.9576903932304629
low,2430,5,"[""D:\\python_install\\py\\rl\\0325\\0325\\outputs\\stage_1\\formal_scans\\stage1_low_formal_v1\\runs\\main3000_ramp300_none_seed0_189a3f3c\\attempt_0001"", ""D:\\python_install\\py\\rl\\0325\\0325\\outputs\\stage_1\\formal_scans\\stage1_low_formal_v1\\runs\\main3000_ramp300_none_seed1_189a3f3c\\attempt_0001"", ""D:\\python_install\\py\\rl\\0325\\0325\\outputs\\stage_1\\formal_scans\\stage1_low_formal_v1\\runs\\main3000_ramp300_none_seed2_189a3f3c\\attempt_0001"", ""D:\\python_install\\py\\rl\\0325\\0325\\outputs\\stage_1\\formal_scans\\stage1_low_formal_v1\\runs\\main3000_ramp300_none_seed3_189a3f3c\\attempt_0001"", ""D:\\python_install\\py\\rl\\0325\\0325\\outputs\\stage_1\\formal_scans\\stage1_low_formal_v1\\runs\\main3000_ramp300_none_seed4_189a3f3c\\attempt_0001""]",5,28.219330683973716,27.414923262591532,29.15163985631689,5,9.6,5.0,13.0,5,39.8,39.0,40.0,5,0.9543392504930968,0.9501972386587771,0.9571005917159763
low,2460,5,"[""D:\\python_install\\py\\rl\\0325\\0325\\outputs\\stage_1\\formal_scans\\stage1_low_formal_v1\\runs\\main3000_ramp300_none_seed0_189a3f3c\\attempt_0001"", ""D:\\python_install\\py\\rl\\0325\\0325\\outputs\\stage_1\\formal_scans\\stage1_low_formal_v1\\runs\\main3000_ramp300_none_seed1_189a3f3c\\attempt_0001"", ""D:\\python_install\\py\\rl\\0325\\0325\\outputs\\stage_1\\formal_scans\\stage1_low_formal_v1\\runs\\main3000_ramp300_none_seed2_189a3f3c\\attempt_0001"", ""D:\\python_install\\py\\rl\\0325\\0325\\outputs\\stage_1\\formal_scans\\stage1_low_formal_v1\\runs\\main3000_ramp300_none_seed3_189a3f3c\\attempt_0001"", ""D:\\python_install\\py\\rl\\0325\\0325\\outputs\\stage_1\\formal_scans\\stage1_low_formal_v1\\runs\\main3000_ramp300_none_seed4_189a3f3c\\attempt_0001""]",5,28.19045309334631,27.160642312450765,29.596867550057762,5,11.4,8.0,16.0,5,40.0,40.0,40.0,5,0.95390625,0.94970703125,0.95654296875
low,2490,5,"[""D:\\python_install\\py\\rl\\0325\\0325\\outputs\\stage_1\\formal_scans\\stage1_low_formal_v1\\runs\\main3000_ramp300_none_seed0_189a3f3c\\attempt_0001"", ""D:\\python_install\\py\\rl\\0325\\0325\\outputs\\stage_1\\formal_scans\\stage1_low_formal_v1\\runs\\main3000_ramp300_none_seed1_189a3f3c\\attempt_0001"", ""D:\\python_install\\py\\rl\\0325\\0325\\outputs\\stage_1\\formal_scans\\stage1_low_formal_v1\\runs\\main3000_ramp300_none_seed2_189a3f3c\\attempt_0001"", ""D:\\python_install\\py\\rl\\0325\\0325\\outputs\\stage_1\\formal_scans\\stage1_low_formal_v1\\runs\\main3000_ramp300_none_seed3_189a3f3c\\attempt_0001"", ""D:\\python_install\\py\\rl\\0325\\0325\\outputs\\stage_1\\formal_scans\\stage1_low_formal_v1\\runs\\main3000_ramp300_none_seed4_189a3f3c\\attempt_0001""]",5,28.1387043200372,27.58157398032893,28.828029151515562,5,11.4,10.0,12.0,5,39.6,39.0,40.0,5,0.9534591194968554,0.9492017416545718,0.9564586357039188
low,2520,5,"[""D:\\python_install\\py\\rl\\0325\\0325\\outputs\\stage_1\\formal_scans\\stage1_low_formal_v1\\runs\\main3000_ramp300_none_seed0_189a3f3c\\attempt_0001"", ""D:\\python_install\\py\\rl\\0325\\0325\\outputs\\stage_1\\formal_scans\\stage1_low_formal_v1\\runs\\main3000_ramp300_none_seed1_189a3f3c\\attempt_0001"", ""D:\\python_install\\py\\rl\\0325\\0325\\outputs\\stage_1\\formal_scans\\stage1_low_formal_v1\\runs\\main3000_ramp300_none_seed2_189a3f3c\\attempt_0001"", ""D:\\python_install\\py\\rl\\0325\\0325\\outputs\\stage_1\\formal_scans\\stage1_low_formal_v1\\runs\\main3000_ramp300_none_seed3_189a3f3c\\attempt_0001"", ""D:\\python_install\\py\\rl\\0325\\0325\\outputs\\stage_1\\formal_scans\\stage1_low_formal_v1\\runs\\main3000_ramp300_none_seed4_189a3f3c\\attempt_0001""]",5,28.87475202055153,28.026764544402965,29.32995793977442,5,11.2,8.0,15.0,5,39.0,38.0,40.0,5,0.9535953978906999,0.9491850431447747,0.9568552253116012
low,2550,5,"[""D:\\python_install\\py\\rl\\0325\\0325\\outputs\\stage_1\\formal_scans\\stage1_low_formal_v1\\runs\\main3000_ramp300_none_seed0_189a3f3c\\attempt_0001"", ""D:\\python_install\\py\\rl\\0325\\0325\\outputs\\stage_1\\formal_scans\\stage1_low_formal_v1\\runs\\main3000_ramp300_none_seed1_189a3f3c\\attempt_0001"", ""D:\\python_install\\py\\rl\\0325\\0325\\outputs\\stage_1\\formal_scans\\stage1_low_formal_v1\\runs\\main3000_ramp300_none_seed2_189a3f3c\\attempt_0001"", ""D:\\python_install\\py\\rl\\0325\\0325\\outputs\\stage_1\\formal_scans\\stage1_low_formal_v1\\runs\\main3000_ramp300_none_seed3_189a3f3c\\attempt_0001"", ""D:\\python_install\\py\\rl\\0325\\0325\\outputs\\stage_1\\formal_scans\\stage1_low_formal_v1\\runs\\main3000_ramp300_none_seed4_189a3f3c\\attempt_0001""]",5,29.328867030173125,28.583891097376597,30.09667185273998,5,11.8,9.0,13.0,5,39.6,39.0,40.0,5,0.9535391923990499,0.9491686460807601,0.9562945368171022
low,2580,5,"[""D:\\python_install\\py\\rl\\0325\\0325\\outputs\\stage_1\\formal_scans\\stage1_low_formal_v1\\runs\\main3000_ramp300_none_seed0_189a3f3c\\attempt_0001"", ""D:\\python_install\\py\\rl\\0325\\0325\\outputs\\stage_1\\formal_scans\\stage1_low_formal_v1\\runs\\main3000_ramp300_none_seed1_189a3f3c\\attempt_0001"", ""D:\\python_install\\py\\rl\\0325\\0325\\outputs\\stage_1\\formal_scans\\stage1_low_formal_v1\\runs\\main3000_ramp300_none_seed2_189a3f3c\\attempt_0001"", ""D:\\python_install\\py\\rl\\0325\\0325\\outputs\\stage_1\\formal_scans\\stage1_low_formal_v1\\runs\\main3000_ramp300_none_seed3_189a3f3c\\attempt_0001"", ""D:\\python_install\\py\\rl\\0325\\0325\\outputs\\stage_1\\formal_scans\\stage1_low_formal_v1\\runs\\main3000_ramp300_none_seed4_189a3f3c\\attempt_0001""]",5,29.782509558047657,29.136758474350707,30.39358573519718,5,8.2,6.0,11.0,5,40.0,40.0,40.0,5,0.9532235294117648,0.9491764705882353,0.9562352941176471
low,2610,5,"[""D:\\python_install\\py\\rl\\0325\\0325\\outputs\\stage_1\\formal_scans\\stage1_low_formal_v1\\runs\\main3000_ramp300_none_seed0_189a3f3c\\attempt_0001"", ""D:\\python_install\\py\\rl\\0325\\0325\\outputs\\stage_1\\formal_scans\\stage1_low_formal_v1\\runs\\main3000_ramp300_none_seed1_189a3f3c\\attempt_0001"", ""D:\\python_install\\py\\rl\\0325\\0325\\outputs\\stage_1\\formal_scans\\stage1_low_formal_v1\\runs\\main3000_ramp300_none_seed2_189a3f3c\\attempt_0001"", ""D:\\python_install\\py\\rl\\0325\\0325\\outputs\\stage_1\\formal_scans\\stage1_low_formal_v1\\runs\\main3000_ramp300_none_seed3_189a3f3c\\attempt_0001"", ""D:\\python_install\\py\\rl\\0325\\0325\\outputs\\stage_1\\formal_scans\\stage1_low_formal_v1\\runs\\main3000_ramp300_none_seed4_189a3f3c\\attempt_0001""]",5,30.065398666542393,29.12389896605138,30.493754726175304,5,8.2,4.0,11.0,5,39.8,39.0,40.0,5,0.952705223880597,0.9486940298507462,0.9556902985074627
low,2640,5,"[""D:\\python_install\\py\\rl\\0325\\0325\\outputs\\stage_1\\formal_scans\\stage1_low_formal_v1\\runs\\main3000_ramp300_none_seed0_189a3f3c\\attempt_0001"", ""D:\\python_install\\py\\rl\\0325\\0325\\outputs\\stage_1\\formal_scans\\stage1_low_formal_v1\\runs\\main3000_ramp300_none_seed1_189a3f3c\\attempt_0001"", ""D:\\python_install\\py\\rl\\0325\\0325\\outputs\\stage_1\\formal_scans\\stage1_low_formal_v1\\runs\\main3000_ramp300_none_seed2_189a3f3c\\attempt_0001"", ""D:\\python_install\\py\\rl\\0325\\0325\\outputs\\stage_1\\formal_scans\\stage1_low_formal_v1\\runs\\main3000_ramp300_none_seed3_189a3f3c\\attempt_0001"", ""D:\\python_install\\py\\rl\\0325\\0325\\outputs\\stage_1\\formal_scans\\stage1_low_formal_v1\\runs\\main3000_ramp300_none_seed4_189a3f3c\\attempt_0001""]",5,30.21455812423459,29.680394941937816,30.613697395490473,5,8.4,7.0,10.0,5,39.8,39.0,40.0,5,0.9527508090614887,0.9486823855755895,0.955617198335645
low,2670,5,"[""D:\\python_install\\py\\rl\\0325\\0325\\outputs\\stage_1\\formal_scans\\stage1_low_formal_v1\\runs\\main3000_ramp300_none_seed0_189a3f3c\\attempt_0001"", ""D:\\python_install\\py\\rl\\0325\\0325\\outputs\\stage_1\\formal_scans\\stage1_low_formal_v1\\runs\\main3000_ramp300_none_seed1_189a3f3c\\attempt_0001"", ""D:\\python_install\\py\\rl\\0325\\0325\\outputs\\stage_1\\formal_scans\\stage1_low_formal_v1\\runs\\main3000_ramp300_none_seed2_189a3f3c\\attempt_0001"", ""D:\\python_install\\py\\rl\\0325\\0325\\outputs\\stage_1\\formal_scans\\stage1_low_formal_v1\\runs\\main3000_ramp300_none_seed3_189a3f3c\\attempt_0001"", ""D:\\python_install\\py\\rl\\0325\\0325\\outputs\\stage_1\\formal_scans\\stage1_low_formal_v1\\runs\\main3000_ramp300_none_seed4_189a3f3c\\attempt_0001""]",5,30.54635230231853,30.2989666636854,30.859266396210344,5,8.8,7.0,11.0,5,39.8,39.0,40.0,5,0.9523373052245645,0.9482126489459212,0.9555453712190651
low,2700,5,"[""D:\\python_install\\py\\rl\\0325\\0325\\outputs\\stage_1\\formal_scans\\stage1_low_formal_v1\\runs\\main3000_ramp300_none_seed0_189a3f3c\\attempt_0001"", ""D:\\python_install\\py\\rl\\0325\\0325\\outputs\\stage_1\\formal_scans\\stage1_low_formal_v1\\runs\\main3000_ramp300_none_seed1_189a3f3c\\attempt_0001"", ""D:\\python_install\\py\\rl\\0325\\0325\\outputs\\stage_1\\formal_scans\\stage1_low_formal_v1\\runs\\main3000_ramp300_none_seed2_189a3f3c\\attempt_0001"", ""D:\\python_install\\py\\rl\\0325\\0325\\outputs\\stage_1\\formal_scans\\stage1_low_formal_v1\\runs\\main3000_ramp300_none_seed3_189a3f3c\\attempt_0001"", ""D:\\python_install\\py\\rl\\0325\\0325\\outputs\\stage_1\\formal_scans\\stage1_low_formal_v1\\runs\\main3000_ramp300_none_seed4_189a3f3c\\attempt_0001""]",5,30.39369453286098,29.884821831375504,30.62978965215924,5,8.6,8.0,9.0,5,40.0,40.0,40.0,5,0.9519527702089009,0.9477747502270663,0.9550408719346049
low,2730,5,"[""D:\\python_install\\py\\rl\\0325\\0325\\outputs\\stage_1\\formal_scans\\stage1_low_formal_v1\\runs\\main3000_ramp300_none_seed0_189a3f3c\\attempt_0001"", ""D:\\python_install\\py\\rl\\0325\\0325\\outputs\\stage_1\\formal_scans\\stage1_low_formal_v1\\runs\\main3000_ramp300_none_seed1_189a3f3c\\attempt_0001"", ""D:\\python_install\\py\\rl\\0325\\0325\\outputs\\stage_1\\formal_scans\\stage1_low_formal_v1\\runs\\main3000_ramp300_none_seed2_189a3f3c\\attempt_0001"", ""D:\\python_install\\py\\rl\\0325\\0325\\outputs\\stage_1\\formal_scans\\stage1_low_formal_v1\\runs\\main3000_ramp300_none_seed3_189a3f3c\\attempt_0001"", ""D:\\python_install\\py\\rl\\0325\\0325\\outputs\\stage_1\\formal_scans\\stage1_low_formal_v1\\runs\\main3000_ramp300_none_seed4_189a3f3c\\attempt_0001""]",5,30.490655368951035,30.141114064513506,30.80665575355693,5,6.4,5.0,7.0,5,39.8,39.0,40.0,5,0.9514633048176497,0.9473210265646106,0.9545249887438091
low,2760,5,"[""D:\\python_install\\py\\rl\\0325\\0325\\outputs\\stage_1\\formal_scans\\stage1_low_formal_v1\\runs\\main3000_ramp300_none_seed0_189a3f3c\\attempt_0001"", ""D:\\python_install\\py\\rl\\0325\\0325\\outputs\\stage_1\\formal_scans\\stage1_low_formal_v1\\runs\\main3000_ramp300_none_seed1_189a3f3c\\attempt_0001"", ""D:\\python_install\\py\\rl\\0325\\0325\\outputs\\stage_1\\formal_scans\\stage1_low_formal_v1\\runs\\main3000_ramp300_none_seed2_189a3f3c\\attempt_0001"", ""D:\\python_install\\py\\rl\\0325\\0325\\outputs\\stage_1\\formal_scans\\stage1_low_formal_v1\\runs\\main3000_ramp300_none_seed3_189a3f3c\\attempt_0001"", ""D:\\python_install\\py\\rl\\0325\\0325\\outputs\\stage_1\\formal_scans\\stage1_low_formal_v1\\runs\\main3000_ramp300_none_seed4_189a3f3c\\attempt_0001""]",5,30.38351631431403,29.88022293836597,30.878866117954832,5,8.8,8.0,11.0,5,39.6,39.0,40.0,5,0.9515178571428571,0.9473214285714285,0.9544642857142858
low,2790,5,"[""D:\\python_install\\py\\rl\\0325\\0325\\outputs\\stage_1\\formal_scans\\stage1_low_formal_v1\\runs\\main3000_ramp300_none_seed0_189a3f3c\\attempt_0001"", ""D:\\python_install\\py\\rl\\0325\\0325\\outputs\\stage_1\\formal_scans\\stage1_low_formal_v1\\runs\\main3000_ramp300_none_seed1_189a3f3c\\attempt_0001"", ""D:\\python_install\\py\\rl\\0325\\0325\\outputs\\stage_1\\formal_scans\\stage1_low_formal_v1\\runs\\main3000_ramp300_none_seed2_189a3f3c\\attempt_0001"", ""D:\\python_install\\py\\rl\\0325\\0325\\outputs\\stage_1\\formal_scans\\stage1_low_formal_v1\\runs\\main3000_ramp300_none_seed3_189a3f3c\\attempt_0001"", ""D:\\python_install\\py\\rl\\0325\\0325\\outputs\\stage_1\\formal_scans\\stage1_low_formal_v1\\runs\\main3000_ramp300_none_seed4_189a3f3c\\attempt_0001""]",5,30.428891927050735,30.06810877521481,30.960200547103504,5,9.2,3.0,12.0,5,40.0,40.0,40.0,5,0.9512173528109784,0.9473218238158477,0.9539619300575476
low,2820,5,"[""D:\\python_install\\py\\rl\\0325\\0325\\outputs\\stage_1\\formal_scans\\stage1_low_formal_v1\\runs\\main3000_ramp300_none_seed0_189a3f3c\\attempt_0001"", ""D:\\python_install\\py\\rl\\0325\\0325\\outputs\\stage_1\\formal_scans\\stage1_low_formal_v1\\runs\\main3000_ramp300_none_seed1_189a3f3c\\attempt_0001"", ""D:\\python_install\\py\\rl\\0325\\0325\\outputs\\stage_1\\formal_scans\\stage1_low_formal_v1\\runs\\main3000_ramp300_none_seed2_189a3f3c\\attempt_0001"", ""D:\\python_install\\py\\rl\\0325\\0325\\outputs\\stage_1\\formal_scans\\stage1_low_formal_v1\\runs\\main3000_ramp300_none_seed3_189a3f3c\\attempt_0001"", ""D:\\python_install\\py\\rl\\0325\\0325\\outputs\\stage_1\\formal_scans\\stage1_low_formal_v1\\runs\\main3000_ramp300_none_seed4_189a3f3c\\attempt_0001""]",5,30.05264561741628,29.51065034957442,30.625461633694727,5,8.4,7.0,9.0,5,40.0,40.0,40.0,5,0.9507678806494078,0.9469065379552435,0.9534883720930233
low,2850,5,"[""D:\\python_install\\py\\rl\\0325\\0325\\outputs\\stage_1\\formal_scans\\stage1_low_formal_v1\\runs\\main3000_ramp300_none_seed0_189a3f3c\\attempt_0001"", ""D:\\python_install\\py\\rl\\0325\\0325\\outputs\\stage_1\\formal_scans\\stage1_low_formal_v1\\runs\\main3000_ramp300_none_seed1_189a3f3c\\attempt_0001"", ""D:\\python_install\\py\\rl\\0325\\0325\\outputs\\stage_1\\formal_scans\\stage1_low_formal_v1\\runs\\main3000_ramp300_none_seed2_189a3f3c\\attempt_0001"", ""D:\\python_install\\py\\rl\\0325\\0325\\outputs\\stage_1\\formal_scans\\stage1_low_formal_v1\\runs\\main3000_ramp300_none_seed3_189a3f3c\\attempt_0001"", ""D:\\python_install\\py\\rl\\0325\\0325\\outputs\\stage_1\\formal_scans\\stage1_low_formal_v1\\runs\\main3000_ramp300_none_seed4_189a3f3c\\attempt_0001""]",5,30.184031182899922,29.195138174237545,30.69807630026796,5,6.8,3.0,12.0,5,39.8,39.0,40.0,5,0.9503046127067014,0.9464751958224543,0.9530026109660574
low,2880,5,"[""D:\\python_install\\py\\rl\\0325\\0325\\outputs\\stage_1\\formal_scans\\stage1_low_formal_v1\\runs\\main3000_ramp300_none_seed0_189a3f3c\\attempt_0001"", ""D:\\python_install\\py\\rl\\0325\\0325\\outputs\\stage_1\\formal_scans\\stage1_low_formal_v1\\runs\\main3000_ramp300_none_seed1_189a3f3c\\attempt_0001"", ""D:\\python_install\\py\\rl\\0325\\0325\\outputs\\stage_1\\formal_scans\\stage1_low_formal_v1\\runs\\main3000_ramp300_none_seed2_189a3f3c\\attempt_0001"", ""D:\\python_install\\py\\rl\\0325\\0325\\outputs\\stage_1\\formal_scans\\stage1_low_formal_v1\\runs\\main3000_ramp300_none_seed3_189a3f3c\\attempt_0001"", ""D:\\python_install\\py\\rl\\0325\\0325\\outputs\\stage_1\\formal_scans\\stage1_low_formal_v1\\runs\\main3000_ramp300_none_seed4_189a3f3c\\attempt_0001""]",5,30.305970769873785,29.369797326634618,30.971598670824424,5,9.2,7.0,14.0,5,39.8,39.0,40.0,5,0.9503668536901164,0.9464825205006474,0.9529564091497627
low,2910,5,"[""D:\\python_install\\py\\rl\\0325\\0325\\outputs\\stage_1\\formal_scans\\stage1_low_formal_v1\\runs\\main3000_ramp300_none_seed0_189a3f3c\\attempt_0001"", ""D:\\python_install\\py\\rl\\0325\\0325\\outputs\\stage_1\\formal_scans\\stage1_low_formal_v1\\runs\\main3000_ramp300_none_seed1_189a3f3c\\attempt_0001"", ""D:\\python_install\\py\\rl\\0325\\0325\\outputs\\stage_1\\formal_scans\\stage1_low_formal_v1\\runs\\main3000_ramp300_none_seed2_189a3f3c\\attempt_0001"", ""D:\\python_install\\py\\rl\\0325\\0325\\outputs\\stage_1\\formal_scans\\stage1_low_formal_v1\\runs\\main3000_ramp300_none_seed3_189a3f3c\\attempt_0001"", ""D:\\python_install\\py\\rl\\0325\\0325\\outputs\\stage_1\\formal_scans\\stage1_low_formal_v1\\runs\\main3000_ramp300_none_seed4_189a3f3c\\attempt_0001""]",5,30.251580700262586,29.571716798192323,30.7818402184486,5,7.0,5.0,9.0,5,39.4,39.0,40.0,5,0.95,0.9460616438356164,0.9529109589041096
low,2940,5,"[""D:\\python_install\\py\\rl\\0325\\0325\\outputs\\stage_1\\formal_scans\\stage1_low_formal_v1\\runs\\main3000_ramp300_none_seed0_189a3f3c\\attempt_0001"", ""D:\\python_install\\py\\rl\\0325\\0325\\outputs\\stage_1\\formal_scans\\stage1_low_formal_v1\\runs\\main3000_ramp300_none_seed1_189a3f3c\\attempt_0001"", ""D:\\python_install\\py\\rl\\0325\\0325\\outputs\\stage_1\\formal_scans\\stage1_low_formal_v1\\runs\\main3000_ramp300_none_seed2_189a3f3c\\attempt_0001"", ""D:\\python_install\\py\\rl\\0325\\0325\\outputs\\stage_1\\formal_scans\\stage1_low_formal_v1\\runs\\main3000_ramp300_none_seed3_189a3f3c\\attempt_0001"", ""D:\\python_install\\py\\rl\\0325\\0325\\outputs\\stage_1\\formal_scans\\stage1_low_formal_v1\\runs\\main3000_ramp300_none_seed4_189a3f3c\\attempt_0001""]",5,30.237701142431696,29.342538918383923,30.85343569157116,5,7.6,6.0,10.0,5,39.8,39.0,40.0,5,0.9497453310696095,0.9456706281833617,0.9524617996604414
low,2970,5,"[""D:\\python_install\\py\\rl\\0325\\0325\\outputs\\stage_1\\formal_scans\\stage1_low_formal_v1\\runs\\main3000_ramp300_none_seed0_189a3f3c\\attempt_0001"", ""D:\\python_install\\py\\rl\\0325\\0325\\outputs\\stage_1\\formal_scans\\stage1_low_formal_v1\\runs\\main3000_ramp300_none_seed1_189a3f3c\\attempt_0001"", ""D:\\python_install\\py\\rl\\0325\\0325\\outputs\\stage_1\\formal_scans\\stage1_low_formal_v1\\runs\\main3000_ramp300_none_seed2_189a3f3c\\attempt_0001"", ""D:\\python_install\\py\\rl\\0325\\0325\\outputs\\stage_1\\formal_scans\\stage1_low_formal_v1\\runs\\main3000_ramp300_none_seed3_189a3f3c\\attempt_0001"", ""D:\\python_install\\py\\rl\\0325\\0325\\outputs\\stage_1\\formal_scans\\stage1_low_formal_v1\\runs\\main3000_ramp300_none_seed4_189a3f3c\\attempt_0001""]",5,30.40826566096745,29.65462503667129,30.995908719938587,5,6.4,4.0,8.0,5,40.0,40.0,40.0,5,0.9493894736842104,0.9456842105263158,0.952
low,3000,5,"[""D:\\python_install\\py\\rl\\0325\\0325\\outputs\\stage_1\\formal_scans\\stage1_low_formal_v1\\runs\\main3000_ramp300_none_seed0_189a3f3c\\attempt_0001"", ""D:\\python_install\\py\\rl\\0325\\0325\\outputs\\stage_1\\formal_scans\\stage1_low_formal_v1\\runs\\main3000_ramp300_none_seed1_189a3f3c\\attempt_0001"", ""D:\\python_install\\py\\rl\\0325\\0325\\outputs\\stage_1\\formal_scans\\stage1_low_formal_v1\\runs\\main3000_ramp300_none_seed2_189a3f3c\\attempt_0001"", ""D:\\python_install\\py\\rl\\0325\\0325\\outputs\\stage_1\\formal_scans\\stage1_low_formal_v1\\runs\\main3000_ramp300_none_seed3_189a3f3c\\attempt_0001"", ""D:\\python_install\\py\\rl\\0325\\0325\\outputs\\stage_1\\formal_scans\\stage1_low_formal_v1\\runs\\main3000_ramp300_none_seed4_189a3f3c\\attempt_0001""]",5,30.327502971296486,29.450730894586673,30.908780643807336,5,9.6,8.0,11.0,5,39.4,39.0,40.0,5,0.94937343358396,0.9456975772765246,0.9519632414369257
low,3030,5,"[""D:\\python_install\\py\\rl\\0325\\0325\\outputs\\stage_1\\formal_scans\\stage1_low_formal_v1\\runs\\main3000_ramp300_none_seed0_189a3f3c\\attempt_0001"", ""D:\\python_install\\py\\rl\\0325\\0325\\outputs\\stage_1\\formal_scans\\stage1_low_formal_v1\\runs\\main3000_ramp300_none_seed1_189a3f3c\\attempt_0001"", ""D:\\python_install\\py\\rl\\0325\\0325\\outputs\\stage_1\\formal_scans\\stage1_low_formal_v1\\runs\\main3000_ramp300_none_seed2_189a3f3c\\attempt_0001"", ""D:\\python_install\\py\\rl\\0325\\0325\\outputs\\stage_1\\formal_scans\\stage1_low_formal_v1\\runs\\main3000_ramp300_none_seed3_189a3f3c\\attempt_0001"", ""D:\\python_install\\py\\rl\\0325\\0325\\outputs\\stage_1\\formal_scans\\stage1_low_formal_v1\\runs\\main3000_ramp300_none_seed4_189a3f3c\\attempt_0001""]",5,30.345948636156056,29.8192811884638,31.012081949982257,5,9.2,5.0,13.0,5,39.8,39.0,40.0,5,0.9491089929548281,0.9452963116452548,0.9519270617488603
low,3060,5,"[""D:\\python_install\\py\\rl\\0325\\0325\\outputs\\stage_1\\formal_scans\\stage1_low_formal_v1\\runs\\main3000_ramp300_none_seed0_189a3f3c\\attempt_0001"", ""D:\\python_install\\py\\rl\\0325\\0325\\outputs\\stage_1\\formal_scans\\stage1_low_formal_v1\\runs\\main3000_ramp300_none_seed1_189a3f3c\\attempt_0001"", ""D:\\python_install\\py\\rl\\0325\\0325\\outputs\\stage_1\\formal_scans\\stage1_low_formal_v1\\runs\\main3000_ramp300_none_seed2_189a3f3c\\attempt_0001"", ""D:\\python_install\\py\\rl\\0325\\0325\\outputs\\stage_1\\formal_scans\\stage1_low_formal_v1\\runs\\main3000_ramp300_none_seed3_189a3f3c\\attempt_0001"", ""D:\\python_install\\py\\rl\\0325\\0325\\outputs\\stage_1\\formal_scans\\stage1_low_formal_v1\\runs\\main3000_ramp300_none_seed4_189a3f3c\\attempt_0001""]",5,30.31143998902915,29.846527274132292,30.855727427860117,5,8.0,5.0,10.0,5,40.0,40.0,40.0,5,0.9487875051376902,0.9449239621866009,0.9515002055076038
low,3090,5,"[""D:\\python_install\\py\\rl\\0325\\0325\\outputs\\stage_1\\formal_scans\\stage1_low_formal_v1\\runs\\main3000_ramp300_none_seed0_189a3f3c\\attempt_0001"", ""D:\\python_install\\py\\rl\\0325\\0325\\outputs\\stage_1\\formal_scans\\stage1_low_formal_v1\\runs\\main3000_ramp300_none_seed1_189a3f3c\\attempt_0001"", ""D:\\python_install\\py\\rl\\0325\\0325\\outputs\\stage_1\\formal_scans\\stage1_low_formal_v1\\runs\\main3000_ramp300_none_seed2_189a3f3c\\attempt_0001"", ""D:\\python_install\\py\\rl\\0325\\0325\\outputs\\stage_1\\formal_scans\\stage1_low_formal_v1\\runs\\main3000_ramp300_none_seed3_189a3f3c\\attempt_0001"", ""D:\\python_install\\py\\rl\\0325\\0325\\outputs\\stage_1\\formal_scans\\stage1_low_formal_v1\\runs\\main3000_ramp300_none_seed4_189a3f3c\\attempt_0001""]",5,30.211034537534836,29.610916883006812,31.147474629344384,5,6.8,5.0,11.0,5,39.6,39.0,40.0,5,0.94836867862969,0.9445350734094616,0.9510603588907015
low,3120,5,"[""D:\\python_install\\py\\rl\\0325\\0325\\outputs\\stage_1\\formal_scans\\stage1_low_formal_v1\\runs\\main3000_ramp300_none_seed0_189a3f3c\\attempt_0001"", ""D:\\python_install\\py\\rl\\0325\\0325\\outputs\\stage_1\\formal_scans\\stage1_low_formal_v1\\runs\\main3000_ramp300_none_seed1_189a3f3c\\attempt_0001"", ""D:\\python_install\\py\\rl\\0325\\0325\\outputs\\stage_1\\formal_scans\\stage1_low_formal_v1\\runs\\main3000_ramp300_none_seed2_189a3f3c\\attempt_0001"", ""D:\\python_install\\py\\rl\\0325\\0325\\outputs\\stage_1\\formal_scans\\stage1_low_formal_v1\\runs\\main3000_ramp300_none_seed3_189a3f3c\\attempt_0001"", ""D:\\python_install\\py\\rl\\0325\\0325\\outputs\\stage_1\\formal_scans\\stage1_low_formal_v1\\runs\\main3000_ramp300_none_seed4_189a3f3c\\attempt_0001""]",5,30.177738775596758,29.39629804490609,31.296851950599798,5,8.6,6.0,13.0,5,40.0,40.0,40.0,5,0.9485228652367462,0.9449615540267098,0.9510319708619992
low,3150,5,"[""D:\\python_install\\py\\rl\\0325\\0325\\outputs\\stage_1\\formal_scans\\stage1_low_formal_v1\\runs\\main3000_ramp300_none_seed0_189a3f3c\\attempt_0001"", ""D:\\python_install\\py\\rl\\0325\\0325\\outputs\\stage_1\\formal_scans\\stage1_low_formal_v1\\runs\\main3000_ramp300_none_seed1_189a3f3c\\attempt_0001"", ""D:\\python_install\\py\\rl\\0325\\0325\\outputs\\stage_1\\formal_scans\\stage1_low_formal_v1\\runs\\main3000_ramp300_none_seed2_189a3f3c\\attempt_0001"", ""D:\\python_install\\py\\rl\\0325\\0325\\outputs\\stage_1\\formal_scans\\stage1_low_formal_v1\\runs\\main3000_ramp300_none_seed3_189a3f3c\\attempt_0001"", ""D:\\python_install\\py\\rl\\0325\\0325\\outputs\\stage_1\\formal_scans\\stage1_low_formal_v1\\runs\\main3000_ramp300_none_seed4_189a3f3c\\attempt_0001""]",5,30.138427925483022,29.64681720859631,30.528790731774517,5,8.2,5.0,10.0,5,40.0,40.0,40.0,5,0.9481124497991967,0.944578313253012,0.9506024096385542
low,3180,5,"[""D:\\python_install\\py\\rl\\0325\\0325\\outputs\\stage_1\\formal_scans\\stage1_low_formal_v1\\runs\\main3000_ramp300_none_seed0_189a3f3c\\attempt_0001"", ""D:\\python_install\\py\\rl\\0325\\0325\\outputs\\stage_1\\formal_scans\\stage1_low_formal_v1\\runs\\main3000_ramp300_none_seed1_189a3f3c\\attempt_0001"", ""D:\\python_install\\py\\rl\\0325\\0325\\outputs\\stage_1\\formal_scans\\stage1_low_formal_v1\\runs\\main3000_ramp300_none_seed2_189a3f3c\\attempt_0001"", ""D:\\python_install\\py\\rl\\0325\\0325\\outputs\\stage_1\\formal_scans\\stage1_low_formal_v1\\runs\\main3000_ramp300_none_seed3_189a3f3c\\attempt_0001"", ""D:\\python_install\\py\\rl\\0325\\0325\\outputs\\stage_1\\formal_scans\\stage1_low_formal_v1\\runs\\main3000_ramp300_none_seed4_189a3f3c\\attempt_0001""]",5,30.221790354461298,29.7212289911066,30.558921092850117,5,7.8,7.0,10.0,5,39.8,39.0,40.0,5,0.9477290836653387,0.9442231075697212,0.950199203187251
low,3210,5,"[""D:\\python_install\\py\\rl\\0325\\0325\\outputs\\stage_1\\formal_scans\\stage1_low_formal_v1\\runs\\main3000_ramp300_none_seed0_189a3f3c\\attempt_0001"", ""D:\\python_install\\py\\rl\\0325\\0325\\outputs\\stage_1\\formal_scans\\stage1_low_formal_v1\\runs\\main3000_ramp300_none_seed1_189a3f3c\\attempt_0001"", ""D:\\python_install\\py\\rl\\0325\\0325\\outputs\\stage_1\\formal_scans\\stage1_low_formal_v1\\runs\\main3000_ramp300_none_seed2_189a3f3c\\attempt_0001"", ""D:\\python_install\\py\\rl\\0325\\0325\\outputs\\stage_1\\formal_scans\\stage1_low_formal_v1\\runs\\main3000_ramp300_none_seed3_189a3f3c\\attempt_0001"", ""D:\\python_install\\py\\rl\\0325\\0325\\outputs\\stage_1\\formal_scans\\stage1_low_formal_v1\\runs\\main3000_ramp300_none_seed4_189a3f3c\\attempt_0001""]",5,30.06003700348157,29.320091818378852,30.431167471868164,5,8.4,7.0,10.0,5,39.2,39.0,40.0,5,0.9474100434954528,0.9438513246342428,0.9501779359430605
low,3240,5,"[""D:\\python_install\\py\\rl\\0325\\0325\\outputs\\stage_1\\formal_scans\\stage1_low_formal_v1\\runs\\main3000_ramp300_none_seed0_189a3f3c\\attempt_0001"", ""D:\\python_install\\py\\rl\\0325\\0325\\outputs\\stage_1\\formal_scans\\stage1_low_formal_v1\\runs\\main3000_ramp300_none_seed1_189a3f3c\\attempt_0001"", ""D:\\python_install\\py\\rl\\0325\\0325\\outputs\\stage_1\\formal_scans\\stage1_low_formal_v1\\runs\\main3000_ramp300_none_seed2_189a3f3c\\attempt_0001"", ""D:\\python_install\\py\\rl\\0325\\0325\\outputs\\stage_1\\formal_scans\\stage1_low_formal_v1\\runs\\main3000_ramp300_none_seed3_189a3f3c\\attempt_0001"", ""D:\\python_install\\py\\rl\\0325\\0325\\outputs\\stage_1\\formal_scans\\stage1_low_formal_v1\\runs\\main3000_ramp300_none_seed4_189a3f3c\\attempt_0001""]",5,30.076253524015574,29.419907675589503,30.51349918570246,5,7.4,5.0,9.0,5,40.0,40.0,40.0,5,0.947723704866562,0.9442700156985872,0.9501569858712716
low,3270,5,"[""D:\\python_install\\py\\rl\\0325\\0325\\outputs\\stage_1\\formal_scans\\stage1_low_formal_v1\\runs\\main3000_ramp300_none_seed0_189a3f3c\\attempt_0001"", ""D:\\python_install\\py\\rl\\0325\\0325\\outputs\\stage_1\\formal_scans\\stage1_low_formal_v1\\runs\\main3000_ramp300_none_seed1_189a3f3c\\attempt_0001"", ""D:\\python_install\\py\\rl\\0325\\0325\\outputs\\stage_1\\formal_scans\\stage1_low_formal_v1\\runs\\main3000_ramp300_none_seed2_189a3f3c\\attempt_0001"", ""D:\\python_install\\py\\rl\\0325\\0325\\outputs\\stage_1\\formal_scans\\stage1_low_formal_v1\\runs\\main3000_ramp300_none_seed3_189a3f3c\\attempt_0001"", ""D:\\python_install\\py\\rl\\0325\\0325\\outputs\\stage_1\\formal_scans\\stage1_low_formal_v1\\runs\\main3000_ramp300_none_seed4_189a3f3c\\attempt_0001""]",5,30.03684724754708,28.85287908023484,31.09478289360257,5,8.0,7.0,9.0,5,40.0,40.0,40.0,5,0.9473520249221185,0.9439252336448598,0.9497663551401869
low,3300,5,"[""D:\\python_install\\py\\rl\\0325\\0325\\outputs\\stage_1\\formal_scans\\stage1_low_formal_v1\\runs\\main3000_ramp300_none_seed0_189a3f3c\\attempt_0001"", ""D:\\python_install\\py\\rl\\0325\\0325\\outputs\\stage_1\\formal_scans\\stage1_low_formal_v1\\runs\\main3000_ramp300_none_seed1_189a3f3c\\attempt_0001"", ""D:\\python_install\\py\\rl\\0325\\0325\\outputs\\stage_1\\formal_scans\\stage1_low_formal_v1\\runs\\main3000_ramp300_none_seed2_189a3f3c\\attempt_0001"", ""D:\\python_install\\py\\rl\\0325\\0325\\outputs\\stage_1\\formal_scans\\stage1_low_formal_v1\\runs\\main3000_ramp300_none_seed3_189a3f3c\\attempt_0001"", ""D:\\python_install\\py\\rl\\0325\\0325\\outputs\\stage_1\\formal_scans\\stage1_low_formal_v1\\runs\\main3000_ramp300_none_seed4_189a3f3c\\attempt_0001""]",5,30.15822771719537,29.4949352494022,31.010520460469895,5,9.0,7.0,12.0,5,40.0,40.0,40.0,5,0.9469655972168536,0.9435639737147274,0.9493621955933513
low,3330,5,"[""D:\\python_install\\py\\rl\\0325\\0325\\outputs\\stage_1\\formal_scans\\stage1_low_formal_v1\\runs\\main3000_ramp300_none_seed0_189a3f3c\\attempt_0001"", ""D:\\python_install\\py\\rl\\0325\\0325\\outputs\\stage_1\\formal_scans\\stage1_low_formal_v1\\runs\\main3000_ramp300_none_seed1_189a3f3c\\attempt_0001"", ""D:\\python_install\\py\\rl\\0325\\0325\\outputs\\stage_1\\formal_scans\\stage1_low_formal_v1\\runs\\main3000_ramp300_none_seed2_189a3f3c\\attempt_0001"", ""D:\\python_install\\py\\rl\\0325\\0325\\outputs\\stage_1\\formal_scans\\stage1_low_formal_v1\\runs\\main3000_ramp300_none_seed3_189a3f3c\\attempt_0001"", ""D:\\python_install\\py\\rl\\0325\\0325\\outputs\\stage_1\\formal_scans\\stage1_low_formal_v1\\runs\\main3000_ramp300_none_seed4_189a3f3c\\attempt_0001""]",5,29.877345584683006,29.097797413518897,30.384592620014974,5,6.4,5.0,11.0,5,39.4,39.0,40.0,5,0.9466052934407365,0.9432297660145761,0.9489835059455313
low,3360,5,"[""D:\\python_install\\py\\rl\\0325\\0325\\outputs\\stage_1\\formal_scans\\stage1_low_formal_v1\\runs\\main3000_ramp300_none_seed0_189a3f3c\\attempt_0001"", ""D:\\python_install\\py\\rl\\0325\\0325\\outputs\\stage_1\\formal_scans\\stage1_low_formal_v1\\runs\\main3000_ramp300_none_seed1_189a3f3c\\attempt_0001"", ""D:\\python_install\\py\\rl\\0325\\0325\\outputs\\stage_1\\formal_scans\\stage1_low_formal_v1\\runs\\main3000_ramp300_none_seed2_189a3f3c\\attempt_0001"", ""D:\\python_install\\py\\rl\\0325\\0325\\outputs\\stage_1\\formal_scans\\stage1_low_formal_v1\\runs\\main3000_ramp300_none_seed3_189a3f3c\\attempt_0001"", ""D:\\python_install\\py\\rl\\0325\\0325\\outputs\\stage_1\\formal_scans\\stage1_low_formal_v1\\runs\\main3000_ramp300_none_seed4_189a3f3c\\attempt_0001""]",5,29.870873467157004,29.229501990459013,30.38677170298638,5,9.4,8.0,11.0,5,39.8,39.0,40.0,5,0.9468190476190476,0.9432380952380952,0.9493333333333334
low,3390,5,"[""D:\\python_install\\py\\rl\\0325\\0325\\outputs\\stage_1\\formal_scans\\stage1_low_formal_v1\\runs\\main3000_ramp300_none_seed0_189a3f3c\\attempt_0001"", ""D:\\python_install\\py\\rl\\0325\\0325\\outputs\\stage_1\\formal_scans\\stage1_low_formal_v1\\runs\\main3000_ramp300_none_seed1_189a3f3c\\attempt_0001"", ""D:\\python_install\\py\\rl\\0325\\0325\\outputs\\stage_1\\formal_scans\\stage1_low_formal_v1\\runs\\main3000_ramp300_none_seed2_189a3f3c\\attempt_0001"", ""D:\\python_install\\py\\rl\\0325\\0325\\outputs\\stage_1\\formal_scans\\stage1_low_formal_v1\\runs\\main3000_ramp300_none_seed3_189a3f3c\\attempt_0001"", ""D:\\python_install\\py\\rl\\0325\\0325\\outputs\\stage_1\\formal_scans\\stage1_low_formal_v1\\runs\\main3000_ramp300_none_seed4_189a3f3c\\attempt_0001""]",5,29.780166448365577,29.016837507753625,30.596885898791708,5,8.6,8.0,9.0,5,39.6,38.0,40.0,5,0.9465406427221172,0.943289224952741,0.9489603024574669
low,3420,5,"[""D:\\python_install\\py\\rl\\0325\\0325\\outputs\\stage_1\\formal_scans\\stage1_low_formal_v1\\runs\\main3000_ramp300_none_seed0_189a3f3c\\attempt_0001"", ""D:\\python_install\\py\\rl\\0325\\0325\\outputs\\stage_1\\formal_scans\\stage1_low_formal_v1\\runs\\main3000_ramp300_none_seed1_189a3f3c\\attempt_0001"", ""D:\\python_install\\py\\rl\\0325\\0325\\outputs\\stage_1\\formal_scans\\stage1_low_formal_v1\\runs\\main3000_ramp300_none_seed2_189a3f3c\\attempt_0001"", ""D:\\python_install\\py\\rl\\0325\\0325\\outputs\\stage_1\\formal_scans\\stage1_low_formal_v1\\runs\\main3000_ramp300_none_seed3_189a3f3c\\attempt_0001"", ""D:\\python_install\\py\\rl\\0325\\0325\\outputs\\stage_1\\formal_scans\\stage1_low_formal_v1\\runs\\main3000_ramp300_none_seed4_189a3f3c\\attempt_0001""]",5,29.994209344325032,29.81643299521563,30.233250304576238,5,6.8,3.0,11.0,5,39.4,37.0,40.0,5,0.9463213213213212,0.9429429429429429,0.9485735735735735
low,3450,5,"[""D:\\python_install\\py\\rl\\0325\\0325\\outputs\\stage_1\\formal_scans\\stage1_low_formal_v1\\runs\\main3000_ramp300_none_seed0_189a3f3c\\attempt_0001"", ""D:\\python_install\\py\\rl\\0325\\0325\\outputs\\stage_1\\formal_scans\\stage1_low_formal_v1\\runs\\main3000_ramp300_none_seed1_189a3f3c\\attempt_0001"", ""D:\\python_install\\py\\rl\\0325\\0325\\outputs\\stage_1\\formal_scans\\stage1_low_formal_v1\\runs\\main3000_ramp300_none_seed2_189a3f3c\\attempt_0001"", ""D:\\python_install\\py\\rl\\0325\\0325\\outputs\\stage_1\\formal_scans\\stage1_low_formal_v1\\runs\\main3000_ramp300_none_seed3_189a3f3c\\attempt_0001"", ""D:\\python_install\\py\\rl\\0325\\0325\\outputs\\stage_1\\formal_scans\\stage1_low_formal_v1\\runs\\main3000_ramp300_none_seed4_189a3f3c\\attempt_0001""]",5,30.151126068361492,29.848475318059013,30.31279272191028,5,9.8,9.0,11.0,5,39.4,39.0,40.0,5,0.9461251862891207,0.9426229508196722,0.948956780923994
low,3480,5,"[""D:\\python_install\\py\\rl\\0325\\0325\\outputs\\stage_1\\formal_scans\\stage1_low_formal_v1\\runs\\main3000_ramp300_none_seed0_189a3f3c\\attempt_0001"", ""D:\\python_install\\py\\rl\\0325\\0325\\outputs\\stage_1\\formal_scans\\stage1_low_formal_v1\\runs\\main3000_ramp300_none_seed1_189a3f3c\\attempt_0001"", ""D:\\python_install\\py\\rl\\0325\\0325\\outputs\\stage_1\\formal_scans\\stage1_low_formal_v1\\runs\\main3000_ramp300_none_seed2_189a3f3c\\attempt_0001"", ""D:\\python_install\\py\\rl\\0325\\0325\\outputs\\stage_1\\formal_scans\\stage1_low_formal_v1\\runs\\main3000_ramp300_none_seed3_189a3f3c\\attempt_0001"", ""D:\\python_install\\py\\rl\\0325\\0325\\outputs\\stage_1\\formal_scans\\stage1_low_formal_v1\\runs\\main3000_ramp300_none_seed4_189a3f3c\\attempt_0001""]",5,30.229629536584547,29.614768954870172,30.54428003502243,5,7.6,5.0,11.0,5,39.6,39.0,40.0,5,0.9462620281273131,0.9426350851221318,0.9492968171724648
low,3510,5,"[""D:\\python_install\\py\\rl\\0325\\0325\\outputs\\stage_1\\formal_scans\\stage1_low_formal_v1\\runs\\main3000_ramp300_none_seed0_189a3f3c\\attempt_0001"", ""D:\\python_install\\py\\rl\\0325\\0325\\outputs\\stage_1\\formal_scans\\stage1_low_formal_v1\\runs\\main3000_ramp300_none_seed1_189a3f3c\\attempt_0001"", ""D:\\python_install\\py\\rl\\0325\\0325\\outputs\\stage_1\\formal_scans\\stage1_low_formal_v1\\runs\\main3000_ramp300_none_seed2_189a3f3c\\attempt_0001"", ""D:\\python_install\\py\\rl\\0325\\0325\\outputs\\stage_1\\formal_scans\\stage1_low_formal_v1\\runs\\main3000_ramp300_none_seed3_189a3f3c\\attempt_0001"", ""D:\\python_install\\py\\rl\\0325\\0325\\outputs\\stage_1\\formal_scans\\stage1_low_formal_v1\\runs\\main3000_ramp300_none_seed4_189a3f3c\\attempt_0001""]",5,30.0128842892638,29.639736420860658,30.539876051657043,5,8.6,6.0,10.0,5,39.8,39.0,40.0,5,0.9460690668626011,0.9423218221895665,0.9489346069066863
low,3540,5,"[""D:\\python_install\\py\\rl\\0325\\0325\\outputs\\stage_1\\formal_scans\\stage1_low_formal_v1\\runs\\main3000_ramp300_none_seed0_189a3f3c\\attempt_0001"", ""D:\\python_install\\py\\rl\\0325\\0325\\outputs\\stage_1\\formal_scans\\stage1_low_formal_v1\\runs\\main3000_ramp300_none_seed1_189a3f3c\\attempt_0001"", ""D:\\python_install\\py\\rl\\0325\\0325\\outputs\\stage_1\\formal_scans\\stage1_low_formal_v1\\runs\\main3000_ramp300_none_seed2_189a3f3c\\attempt_0001"", ""D:\\python_install\\py\\rl\\0325\\0325\\outputs\\stage_1\\formal_scans\\stage1_low_formal_v1\\runs\\main3000_ramp300_none_seed3_189a3f3c\\attempt_0001"", ""D:\\python_install\\py\\rl\\0325\\0325\\outputs\\stage_1\\formal_scans\\stage1_low_formal_v1\\runs\\main3000_ramp300_none_seed4_189a3f3c\\attempt_0001""]",5,29.731830209458234,29.317558922148017,30.12472412378292,5,7.0,4.0,9.0,5,40.0,40.0,40.0,5,0.945786209412623,0.9423568040861,0.9485589201021525
low,3570,5,"[""D:\\python_install\\py\\rl\\0325\\0325\\outputs\\stage_1\\formal_scans\\stage1_low_formal_v1\\runs\\main3000_ramp300_none_seed0_189a3f3c\\attempt_0001"", ""D:\\python_install\\py\\rl\\0325\\0325\\outputs\\stage_1\\formal_scans\\stage1_low_formal_v1\\runs\\main3000_ramp300_none_seed1_189a3f3c\\attempt_0001"", ""D:\\python_install\\py\\rl\\0325\\0325\\outputs\\stage_1\\formal_scans\\stage1_low_formal_v1\\runs\\main3000_ramp300_none_seed2_189a3f3c\\attempt_0001"", ""D:\\python_install\\py\\rl\\0325\\0325\\outputs\\stage_1\\formal_scans\\stage1_low_formal_v1\\runs\\main3000_ramp300_none_seed3_189a3f3c\\attempt_0001"", ""D:\\python_install\\py\\rl\\0325\\0325\\outputs\\stage_1\\formal_scans\\stage1_low_formal_v1\\runs\\main3000_ramp300_none_seed4_189a3f3c\\attempt_0001""]",5,29.947229784847956,29.47894489129253,30.762669146627335,5,8.6,7.0,10.0,5,39.8,39.0,40.0,5,0.9454545454545455,0.9420499818906194,0.9482071713147411
low,3600,5,"[""D:\\python_install\\py\\rl\\0325\\0325\\outputs\\stage_1\\formal_scans\\stage1_low_formal_v1\\runs\\main3000_ramp300_none_seed0_189a3f3c\\attempt_0001"", ""D:\\python_install\\py\\rl\\0325\\0325\\outputs\\stage_1\\formal_scans\\stage1_low_formal_v1\\runs\\main3000_ramp300_none_seed1_189a3f3c\\attempt_0001"", ""D:\\python_install\\py\\rl\\0325\\0325\\outputs\\stage_1\\formal_scans\\stage1_low_formal_v1\\runs\\main3000_ramp300_none_seed2_189a3f3c\\attempt_0001"", ""D:\\python_install\\py\\rl\\0325\\0325\\outputs\\stage_1\\formal_scans\\stage1_low_formal_v1\\runs\\main3000_ramp300_none_seed3_189a3f3c\\attempt_0001"", ""D:\\python_install\\py\\rl\\0325\\0325\\outputs\\stage_1\\formal_scans\\stage1_low_formal_v1\\runs\\main3000_ramp300_none_seed4_189a3f3c\\attempt_0001""]",5,29.74730178472139,28.924899035959324,30.375043730480073,5,8.0,5.0,11.0,5,39.4,39.0,40.0,5,0.9455199712126664,0.9420654911838791,0.94818279956819
medium,30,5,"[""D:\\python_install\\py\\rl\\0325\\0325\\outputs\\stage_1\\formal_scans\\stage1_medium_formal_v1\\runs\\main4500_ramp600_none_seed0_44ca55f8\\attempt_0001"", ""D:\\python_install\\py\\rl\\0325\\0325\\outputs\\stage_1\\formal_scans\\stage1_medium_formal_v1\\runs\\main4500_ramp600_none_seed1_44ca55f8\\attempt_0002"", ""D:\\python_install\\py\\rl\\0325\\0325\\outputs\\stage_1\\formal_scans\\stage1_medium_formal_v1\\runs\\main4500_ramp600_none_seed2_44ca55f8\\attempt_0001"", ""D:\\python_install\\py\\rl\\0325\\0325\\outputs\\stage_1\\formal_scans\\stage1_medium_formal_v1\\runs\\main4500_ramp600_none_seed3_44ca55f8\\attempt_0001"", ""D:\\python_install\\py\\rl\\0325\\0325\\outputs\\stage_1\\formal_scans\\stage1_medium_formal_v1\\runs\\main4500_ramp600_none_seed4_44ca55f8\\attempt_0001""]",5,29.720304566008117,28.20770754036844,30.634548437412217,5,0.0,0.0,0.0,5,2.0,2.0,2.0,5,1.0,1.0,1.0
medium,60,5,"[""D:\\python_install\\py\\rl\\0325\\0325\\outputs\\stage_1\\formal_scans\\stage1_medium_formal_v1\\runs\\main4500_ramp600_none_seed0_44ca55f8\\attempt_0001"", ""D:\\python_install\\py\\rl\\0325\\0325\\outputs\\stage_1\\formal_scans\\stage1_medium_formal_v1\\runs\\main4500_ramp600_none_seed1_44ca55f8\\attempt_0002"", ""D:\\python_install\\py\\rl\\0325\\0325\\outputs\\stage_1\\formal_scans\\stage1_medium_formal_v1\\runs\\main4500_ramp600_none_seed2_44ca55f8\\attempt_0001"", ""D:\\python_install\\py\\rl\\0325\\0325\\outputs\\stage_1\\formal_scans\\stage1_medium_formal_v1\\runs\\main4500_ramp600_none_seed3_44ca55f8\\attempt_0001"", ""D:\\python_install\\py\\rl\\0325\\0325\\outputs\\stage_1\\formal_scans\\stage1_medium_formal_v1\\runs\\main4500_ramp600_none_seed4_44ca55f8\\attempt_0001""]",5,29.183531138819255,28.592205864543292,29.880683078928524,5,0.0,0.0,0.0,5,2.0,2.0,2.0,5,1.0,1.0,1.0
medium,90,5,"[""D:\\python_install\\py\\rl\\0325\\0325\\outputs\\stage_1\\formal_scans\\stage1_medium_formal_v1\\runs\\main4500_ramp600_none_seed0_44ca55f8\\attempt_0001"", ""D:\\python_install\\py\\rl\\0325\\0325\\outputs\\stage_1\\formal_scans\\stage1_medium_formal_v1\\runs\\main4500_ramp600_none_seed1_44ca55f8\\attempt_0002"", ""D:\\python_install\\py\\rl\\0325\\0325\\outputs\\stage_1\\formal_scans\\stage1_medium_formal_v1\\runs\\main4500_ramp600_none_seed2_44ca55f8\\attempt_0001"", ""D:\\python_install\\py\\rl\\0325\\0325\\outputs\\stage_1\\formal_scans\\stage1_medium_formal_v1\\runs\\main4500_ramp600_none_seed3_44ca55f8\\attempt_0001"", ""D:\\python_install\\py\\rl\\0325\\0325\\outputs\\stage_1\\formal_scans\\stage1_medium_formal_v1\\runs\\main4500_ramp600_none_seed4_44ca55f8\\attempt_0001""]",5,29.002393196462172,28.746358592233953,29.449002520587477,5,0.0,0.0,0.0,5,2.0,2.0,2.0,5,1.0,1.0,1.0
medium,120,5,"[""D:\\python_install\\py\\rl\\0325\\0325\\outputs\\stage_1\\formal_scans\\stage1_medium_formal_v1\\runs\\main4500_ramp600_none_seed0_44ca55f8\\attempt_0001"", ""D:\\python_install\\py\\rl\\0325\\0325\\outputs\\stage_1\\formal_scans\\stage1_medium_formal_v1\\runs\\main4500_ramp600_none_seed1_44ca55f8\\attempt_0002"", ""D:\\python_install\\py\\rl\\0325\\0325\\outputs\\stage_1\\formal_scans\\stage1_medium_formal_v1\\runs\\main4500_ramp600_none_seed2_44ca55f8\\attempt_0001"", ""D:\\python_install\\py\\rl\\0325\\0325\\outputs\\stage_1\\formal_scans\\stage1_medium_formal_v1\\runs\\main4500_ramp600_none_seed3_44ca55f8\\attempt_0001"", ""D:\\python_install\\py\\rl\\0325\\0325\\outputs\\stage_1\\formal_scans\\stage1_medium_formal_v1\\runs\\main4500_ramp600_none_seed4_44ca55f8\\attempt_0001""]",5,29.17538255217978,28.56523539047582,29.63906901862083,5,0.0,0.0,0.0,5,2.0,2.0,2.0,5,1.0,1.0,1.0
medium,150,5,"[""D:\\python_install\\py\\rl\\0325\\0325\\outputs\\stage_1\\formal_scans\\stage1_medium_formal_v1\\runs\\main4500_ramp600_none_seed0_44ca55f8\\attempt_0001"", ""D:\\python_install\\py\\rl\\0325\\0325\\outputs\\stage_1\\formal_scans\\stage1_medium_formal_v1\\runs\\main4500_ramp600_none_seed1_44ca55f8\\attempt_0002"", ""D:\\python_install\\py\\rl\\0325\\0325\\outputs\\stage_1\\formal_scans\\stage1_medium_formal_v1\\runs\\main4500_ramp600_none_seed2_44ca55f8\\attempt_0001"", ""D:\\python_install\\py\\rl\\0325\\0325\\outputs\\stage_1\\formal_scans\\stage1_medium_formal_v1\\runs\\main4500_ramp600_none_seed3_44ca55f8\\attempt_0001"", ""D:\\python_install\\py\\rl\\0325\\0325\\outputs\\stage_1\\formal_scans\\stage1_medium_formal_v1\\runs\\main4500_ramp600_none_seed4_44ca55f8\\attempt_0001""]",5,29.186026416892236,28.928008704193537,29.523656128623266,5,5.8,5.0,6.0,5,2.0,2.0,2.0,5,1.0,1.0,1.0
medium,180,5,"[""D:\\python_install\\py\\rl\\0325\\0325\\outputs\\stage_1\\formal_scans\\stage1_medium_formal_v1\\runs\\main4500_ramp600_none_seed0_44ca55f8\\attempt_0001"", ""D:\\python_install\\py\\rl\\0325\\0325\\outputs\\stage_1\\formal_scans\\stage1_medium_formal_v1\\runs\\main4500_ramp600_none_seed1_44ca55f8\\attempt_0002"", ""D:\\python_install\\py\\rl\\0325\\0325\\outputs\\stage_1\\formal_scans\\stage1_medium_formal_v1\\runs\\main4500_ramp600_none_seed2_44ca55f8\\attempt_0001"", ""D:\\python_install\\py\\rl\\0325\\0325\\outputs\\stage_1\\formal_scans\\stage1_medium_formal_v1\\runs\\main4500_ramp600_none_seed3_44ca55f8\\attempt_0001"", ""D:\\python_install\\py\\rl\\0325\\0325\\outputs\\stage_1\\formal_scans\\stage1_medium_formal_v1\\runs\\main4500_ramp600_none_seed4_44ca55f8\\attempt_0001""]",5,28.94224188564393,28.686071769414845,29.557753378239234,5,8.4,6.0,11.0,5,2.0,2.0,2.0,5,1.0,1.0,1.0
medium,210,5,"[""D:\\python_install\\py\\rl\\0325\\0325\\outputs\\stage_1\\formal_scans\\stage1_medium_formal_v1\\runs\\main4500_ramp600_none_seed0_44ca55f8\\attempt_0001"", ""D:\\python_install\\py\\rl\\0325\\0325\\outputs\\stage_1\\formal_scans\\stage1_medium_formal_v1\\runs\\main4500_ramp600_none_seed1_44ca55f8\\attempt_0002"", ""D:\\python_install\\py\\rl\\0325\\0325\\outputs\\stage_1\\formal_scans\\stage1_medium_formal_v1\\runs\\main4500_ramp600_none_seed2_44ca55f8\\attempt_0001"", ""D:\\python_install\\py\\rl\\0325\\0325\\outputs\\stage_1\\formal_scans\\stage1_medium_formal_v1\\runs\\main4500_ramp600_none_seed3_44ca55f8\\attempt_0001"", ""D:\\python_install\\py\\rl\\0325\\0325\\outputs\\stage_1\\formal_scans\\stage1_medium_formal_v1\\runs\\main4500_ramp600_none_seed4_44ca55f8\\attempt_0001""]",5,28.54499438054458,28.26644309190414,28.72476992845521,5,9.6,8.0,11.0,5,2.0,2.0,2.0,5,1.0,1.0,1.0
medium,240,5,"[""D:\\python_install\\py\\rl\\0325\\0325\\outputs\\stage_1\\formal_scans\\stage1_medium_formal_v1\\runs\\main4500_ramp600_none_seed0_44ca55f8\\attempt_0001"", ""D:\\python_install\\py\\rl\\0325\\0325\\outputs\\stage_1\\formal_scans\\stage1_medium_formal_v1\\runs\\main4500_ramp600_none_seed1_44ca55f8\\attempt_0002"", ""D:\\python_install\\py\\rl\\0325\\0325\\outputs\\stage_1\\formal_scans\\stage1_medium_formal_v1\\runs\\main4500_ramp600_none_seed2_44ca55f8\\attempt_0001"", ""D:\\python_install\\py\\rl\\0325\\0325\\outputs\\stage_1\\formal_scans\\stage1_medium_formal_v1\\runs\\main4500_ramp600_none_seed3_44ca55f8\\attempt_0001"", ""D:\\python_install\\py\\rl\\0325\\0325\\outputs\\stage_1\\formal_scans\\stage1_medium_formal_v1\\runs\\main4500_ramp600_none_seed4_44ca55f8\\attempt_0001""]",5,28.318958336122364,27.88233355203275,28.64668501896287,5,10.0,8.0,13.0,5,2.0,2.0,2.0,5,1.0,1.0,1.0
medium,270,5,"[""D:\\python_install\\py\\rl\\0325\\0325\\outputs\\stage_1\\formal_scans\\stage1_medium_formal_v1\\runs\\main4500_ramp600_none_seed0_44ca55f8\\attempt_0001"", ""D:\\python_install\\py\\rl\\0325\\0325\\outputs\\stage_1\\formal_scans\\stage1_medium_formal_v1\\runs\\main4500_ramp600_none_seed1_44ca55f8\\attempt_0002"", ""D:\\python_install\\py\\rl\\0325\\0325\\outputs\\stage_1\\formal_scans\\stage1_medium_formal_v1\\runs\\main4500_ramp600_none_seed2_44ca55f8\\attempt_0001"", ""D:\\python_install\\py\\rl\\0325\\0325\\outputs\\stage_1\\formal_scans\\stage1_medium_formal_v1\\runs\\main4500_ramp600_none_seed3_44ca55f8\\attempt_0001"", ""D:\\python_install\\py\\rl\\0325\\0325\\outputs\\stage_1\\formal_scans\\stage1_medium_formal_v1\\runs\\main4500_ramp600_none_seed4_44ca55f8\\attempt_0001""]",5,28.442326552887756,28.160473993752714,28.797252795797416,5,10.8,6.0,16.0,5,2.0,2.0,2.0,5,1.0,1.0,1.0
medium,300,5,"[""D:\\python_install\\py\\rl\\0325\\0325\\outputs\\stage_1\\formal_scans\\stage1_medium_formal_v1\\runs\\main4500_ramp600_none_seed0_44ca55f8\\attempt_0001"", ""D:\\python_install\\py\\rl\\0325\\0325\\outputs\\stage_1\\formal_scans\\stage1_medium_formal_v1\\runs\\main4500_ramp600_none_seed1_44ca55f8\\attempt_0002"", ""D:\\python_install\\py\\rl\\0325\\0325\\outputs\\stage_1\\formal_scans\\stage1_medium_formal_v1\\runs\\main4500_ramp600_none_seed2_44ca55f8\\attempt_0001"", ""D:\\python_install\\py\\rl\\0325\\0325\\outputs\\stage_1\\formal_scans\\stage1_medium_formal_v1\\runs\\main4500_ramp600_none_seed3_44ca55f8\\attempt_0001"", ""D:\\python_install\\py\\rl\\0325\\0325\\outputs\\stage_1\\formal_scans\\stage1_medium_formal_v1\\runs\\main4500_ramp600_none_seed4_44ca55f8\\attempt_0001""]",5,28.397578511733776,27.99754703963603,28.68394013164711,5,12.0,10.0,13.0,5,2.2,2.0,3.0,5,1.0,1.0,1.0
medium,330,5,"[""D:\\python_install\\py\\rl\\0325\\0325\\outputs\\stage_1\\formal_scans\\stage1_medium_formal_v1\\runs\\main4500_ramp600_none_seed0_44ca55f8\\attempt_0001"", ""D:\\python_install\\py\\rl\\0325\\0325\\outputs\\stage_1\\formal_scans\\stage1_medium_formal_v1\\runs\\main4500_ramp600_none_seed1_44ca55f8\\attempt_0002"", ""D:\\python_install\\py\\rl\\0325\\0325\\outputs\\stage_1\\formal_scans\\stage1_medium_formal_v1\\runs\\main4500_ramp600_none_seed2_44ca55f8\\attempt_0001"", ""D:\\python_install\\py\\rl\\0325\\0325\\outputs\\stage_1\\formal_scans\\stage1_medium_formal_v1\\runs\\main4500_ramp600_none_seed3_44ca55f8\\attempt_0001"", ""D:\\python_install\\py\\rl\\0325\\0325\\outputs\\stage_1\\formal_scans\\stage1_medium_formal_v1\\runs\\main4500_ramp600_none_seed4_44ca55f8\\attempt_0001""]",5,28.570788252551022,28.16572174957692,28.959125684757396,5,9.6,5.0,13.0,5,2.0,2.0,2.0,5,1.0,1.0,1.0
medium,360,5,"[""D:\\python_install\\py\\rl\\0325\\0325\\outputs\\stage_1\\formal_scans\\stage1_medium_formal_v1\\runs\\main4500_ramp600_none_seed0_44ca55f8\\attempt_0001"", ""D:\\python_install\\py\\rl\\0325\\0325\\outputs\\stage_1\\formal_scans\\stage1_medium_formal_v1\\runs\\main4500_ramp600_none_seed1_44ca55f8\\attempt_0002"", ""D:\\python_install\\py\\rl\\0325\\0325\\outputs\\stage_1\\formal_scans\\stage1_medium_formal_v1\\runs\\main4500_ramp600_none_seed2_44ca55f8\\attempt_0001"", ""D:\\python_install\\py\\rl\\0325\\0325\\outputs\\stage_1\\formal_scans\\stage1_medium_formal_v1\\runs\\main4500_ramp600_none_seed3_44ca55f8\\attempt_0001"", ""D:\\python_install\\py\\rl\\0325\\0325\\outputs\\stage_1\\formal_scans\\stage1_medium_formal_v1\\runs\\main4500_ramp600_none_seed4_44ca55f8\\attempt_0001""]",5,28.262929051506397,27.86219113700394,28.424935791945696,5,9.2,8.0,11.0,5,2.2,2.0,3.0,5,1.0,1.0,1.0
medium,390,5,"[""D:\\python_install\\py\\rl\\0325\\0325\\outputs\\stage_1\\formal_scans\\stage1_medium_formal_v1\\runs\\main4500_ramp600_none_seed0_44ca55f8\\attempt_0001"", ""D:\\python_install\\py\\rl\\0325\\0325\\outputs\\stage_1\\formal_scans\\stage1_medium_formal_v1\\runs\\main4500_ramp600_none_seed1_44ca55f8\\attempt_0002"", ""D:\\python_install\\py\\rl\\0325\\0325\\outputs\\stage_1\\formal_scans\\stage1_medium_formal_v1\\runs\\main4500_ramp600_none_seed2_44ca55f8\\attempt_0001"", ""D:\\python_install\\py\\rl\\0325\\0325\\outputs\\stage_1\\formal_scans\\stage1_medium_formal_v1\\runs\\main4500_ramp600_none_seed3_44ca55f8\\attempt_0001"", ""D:\\python_install\\py\\rl\\0325\\0325\\outputs\\stage_1\\formal_scans\\stage1_medium_formal_v1\\runs\\main4500_ramp600_none_seed4_44ca55f8\\attempt_0001""]",5,28.237441450922468,27.988010754894756,28.39385411597731,5,11.8,10.0,14.0,5,2.8,2.0,4.0,5,1.0,1.0,1.0
medium,420,5,"[""D:\\python_install\\py\\rl\\0325\\0325\\outputs\\stage_1\\formal_scans\\stage1_medium_formal_v1\\runs\\main4500_ramp600_none_seed0_44ca55f8\\attempt_0001"", ""D:\\python_install\\py\\rl\\0325\\0325\\outputs\\stage_1\\formal_scans\\stage1_medium_formal_v1\\runs\\main4500_ramp600_none_seed1_44ca55f8\\attempt_0002"", ""D:\\python_install\\py\\rl\\0325\\0325\\outputs\\stage_1\\formal_scans\\stage1_medium_formal_v1\\runs\\main4500_ramp600_none_seed2_44ca55f8\\attempt_0001"", ""D:\\python_install\\py\\rl\\0325\\0325\\outputs\\stage_1\\formal_scans\\stage1_medium_formal_v1\\runs\\main4500_ramp600_none_seed3_44ca55f8\\attempt_0001"", ""D:\\python_install\\py\\rl\\0325\\0325\\outputs\\stage_1\\formal_scans\\stage1_medium_formal_v1\\runs\\main4500_ramp600_none_seed4_44ca55f8\\attempt_0001""]",5,28.21177760660323,27.94904115393717,28.506176666270697,5,7.6,6.0,9.0,5,5.0,3.0,6.0,5,1.0,1.0,1.0
medium,450,5,"[""D:\\python_install\\py\\rl\\0325\\0325\\outputs\\stage_1\\formal_scans\\stage1_medium_formal_v1\\runs\\main4500_ramp600_none_seed0_44ca55f8\\attempt_0001"", ""D:\\python_install\\py\\rl\\0325\\0325\\outputs\\stage_1\\formal_scans\\stage1_medium_formal_v1\\runs\\main4500_ramp600_none_seed1_44ca55f8\\attempt_0002"", ""D:\\python_install\\py\\rl\\0325\\0325\\outputs\\stage_1\\formal_scans\\stage1_medium_formal_v1\\runs\\main4500_ramp600_none_seed2_44ca55f8\\attempt_0001"", ""D:\\python_install\\py\\rl\\0325\\0325\\outputs\\stage_1\\formal_scans\\stage1_medium_formal_v1\\runs\\main4500_ramp600_none_seed3_44ca55f8\\attempt_0001"", ""D:\\python_install\\py\\rl\\0325\\0325\\outputs\\stage_1\\formal_scans\\stage1_medium_formal_v1\\runs\\main4500_ramp600_none_seed4_44ca55f8\\attempt_0001""]",5,28.079348390292257,27.634891762620523,28.49528757086917,5,11.0,8.0,14.0,5,7.8,6.0,9.0,5,1.0,1.0,1.0
medium,480,5,"[""D:\\python_install\\py\\rl\\0325\\0325\\outputs\\stage_1\\formal_scans\\stage1_medium_formal_v1\\runs\\main4500_ramp600_none_seed0_44ca55f8\\attempt_0001"", ""D:\\python_install\\py\\rl\\0325\\0325\\outputs\\stage_1\\formal_scans\\stage1_medium_formal_v1\\runs\\main4500_ramp600_none_seed1_44ca55f8\\attempt_0002"", ""D:\\python_install\\py\\rl\\0325\\0325\\outputs\\stage_1\\formal_scans\\stage1_medium_formal_v1\\runs\\main4500_ramp600_none_seed2_44ca55f8\\attempt_0001"", ""D:\\python_install\\py\\rl\\0325\\0325\\outputs\\stage_1\\formal_scans\\stage1_medium_formal_v1\\runs\\main4500_ramp600_none_seed3_44ca55f8\\attempt_0001"", ""D:\\python_install\\py\\rl\\0325\\0325\\outputs\\stage_1\\formal_scans\\stage1_medium_formal_v1\\runs\\main4500_ramp600_none_seed4_44ca55f8\\attempt_0001""]",5,28.103452972790002,27.75909645130758,28.46314387883868,5,9.2,6.0,14.0,5,10.2,8.0,12.0,5,1.0,1.0,1.0
medium,510,5,"[""D:\\python_install\\py\\rl\\0325\\0325\\outputs\\stage_1\\formal_scans\\stage1_medium_formal_v1\\runs\\main4500_ramp600_none_seed0_44ca55f8\\attempt_0001"", ""D:\\python_install\\py\\rl\\0325\\0325\\outputs\\stage_1\\formal_scans\\stage1_medium_formal_v1\\runs\\main4500_ramp600_none_seed1_44ca55f8\\attempt_0002"", ""D:\\python_install\\py\\rl\\0325\\0325\\outputs\\stage_1\\formal_scans\\stage1_medium_formal_v1\\runs\\main4500_ramp600_none_seed2_44ca55f8\\attempt_0001"", ""D:\\python_install\\py\\rl\\0325\\0325\\outputs\\stage_1\\formal_scans\\stage1_medium_formal_v1\\runs\\main4500_ramp600_none_seed3_44ca55f8\\attempt_0001"", ""D:\\python_install\\py\\rl\\0325\\0325\\outputs\\stage_1\\formal_scans\\stage1_medium_formal_v1\\runs\\main4500_ramp600_none_seed4_44ca55f8\\attempt_0001""]",5,28.09211843139908,27.755440564671392,28.53357284448255,5,10.4,7.0,15.0,5,14.2,12.0,16.0,5,1.0,1.0,1.0
medium,540,5,"[""D:\\python_install\\py\\rl\\0325\\0325\\outputs\\stage_1\\formal_scans\\stage1_medium_formal_v1\\runs\\main4500_ramp600_none_seed0_44ca55f8\\attempt_0001"", ""D:\\python_install\\py\\rl\\0325\\0325\\outputs\\stage_1\\formal_scans\\stage1_medium_formal_v1\\runs\\main4500_ramp600_none_seed1_44ca55f8\\attempt_0002"", ""D:\\python_install\\py\\rl\\0325\\0325\\outputs\\stage_1\\formal_scans\\stage1_medium_formal_v1\\runs\\main4500_ramp600_none_seed2_44ca55f8\\attempt_0001"", ""D:\\python_install\\py\\rl\\0325\\0325\\outputs\\stage_1\\formal_scans\\stage1_medium_formal_v1\\runs\\main4500_ramp600_none_seed3_44ca55f8\\attempt_0001"", ""D:\\python_install\\py\\rl\\0325\\0325\\outputs\\stage_1\\formal_scans\\stage1_medium_formal_v1\\runs\\main4500_ramp600_none_seed4_44ca55f8\\attempt_0001""]",5,28.11191733832981,27.67154864052241,28.70024070073116,5,11.6,8.0,14.0,5,16.4,13.0,19.0,5,1.0,1.0,1.0
medium,570,5,"[""D:\\python_install\\py\\rl\\0325\\0325\\outputs\\stage_1\\formal_scans\\stage1_medium_formal_v1\\runs\\main4500_ramp600_none_seed0_44ca55f8\\attempt_0001"", ""D:\\python_install\\py\\rl\\0325\\0325\\outputs\\stage_1\\formal_scans\\stage1_medium_formal_v1\\runs\\main4500_ramp600_none_seed1_44ca55f8\\attempt_0002"", ""D:\\python_install\\py\\rl\\0325\\0325\\outputs\\stage_1\\formal_scans\\stage1_medium_formal_v1\\runs\\main4500_ramp600_none_seed2_44ca55f8\\attempt_0001"", ""D:\\python_install\\py\\rl\\0325\\0325\\outputs\\stage_1\\formal_scans\\stage1_medium_formal_v1\\runs\\main4500_ramp600_none_seed3_44ca55f8\\attempt_0001"", ""D:\\python_install\\py\\rl\\0325\\0325\\outputs\\stage_1\\formal_scans\\stage1_medium_formal_v1\\runs\\main4500_ramp600_none_seed4_44ca55f8\\attempt_0001""]",5,28.1516826561377,27.900290538303665,28.35469564747514,5,8.0,4.0,11.0,5,18.8,15.0,21.0,5,1.0,1.0,1.0
medium,600,5,"[""D:\\python_install\\py\\rl\\0325\\0325\\outputs\\stage_1\\formal_scans\\stage1_medium_formal_v1\\runs\\main4500_ramp600_none_seed0_44ca55f8\\attempt_0001"", ""D:\\python_install\\py\\rl\\0325\\0325\\outputs\\stage_1\\formal_scans\\stage1_medium_formal_v1\\runs\\main4500_ramp600_none_seed1_44ca55f8\\attempt_0002"", ""D:\\python_install\\py\\rl\\0325\\0325\\outputs\\stage_1\\formal_scans\\stage1_medium_formal_v1\\runs\\main4500_ramp600_none_seed2_44ca55f8\\attempt_0001"", ""D:\\python_install\\py\\rl\\0325\\0325\\outputs\\stage_1\\formal_scans\\stage1_medium_formal_v1\\runs\\main4500_ramp600_none_seed3_44ca55f8\\attempt_0001"", ""D:\\python_install\\py\\rl\\0325\\0325\\outputs\\stage_1\\formal_scans\\stage1_medium_formal_v1\\runs\\main4500_ramp600_none_seed4_44ca55f8\\attempt_0001""]",5,28.040520612491385,27.797904094844693,28.352082022491956,5,11.6,9.0,14.0,5,21.4,18.0,24.0,5,1.0,1.0,1.0
medium,630,5,"[""D:\\python_install\\py\\rl\\0325\\0325\\outputs\\stage_1\\formal_scans\\stage1_medium_formal_v1\\runs\\main4500_ramp600_none_seed0_44ca55f8\\attempt_0001"", ""D:\\python_install\\py\\rl\\0325\\0325\\outputs\\stage_1\\formal_scans\\stage1_medium_formal_v1\\runs\\main4500_ramp600_none_seed1_44ca55f8\\attempt_0002"", ""D:\\python_install\\py\\rl\\0325\\0325\\outputs\\stage_1\\formal_scans\\stage1_medium_formal_v1\\runs\\main4500_ramp600_none_seed2_44ca55f8\\attempt_0001"", ""D:\\python_install\\py\\rl\\0325\\0325\\outputs\\stage_1\\formal_scans\\stage1_medium_formal_v1\\runs\\main4500_ramp600_none_seed3_44ca55f8\\attempt_0001"", ""D:\\python_install\\py\\rl\\0325\\0325\\outputs\\stage_1\\formal_scans\\stage1_medium_formal_v1\\runs\\main4500_ramp600_none_seed4_44ca55f8\\attempt_0001""]",5,28.021976923469328,27.576384923188417,28.609181933263507,5,10.2,8.0,12.0,5,25.8,22.0,29.0,5,1.0,1.0,1.0
medium,660,5,"[""D:\\python_install\\py\\rl\\0325\\0325\\outputs\\stage_1\\formal_scans\\stage1_medium_formal_v1\\runs\\main4500_ramp600_none_seed0_44ca55f8\\attempt_0001"", ""D:\\python_install\\py\\rl\\0325\\0325\\outputs\\stage_1\\formal_scans\\stage1_medium_formal_v1\\runs\\main4500_ramp600_none_seed1_44ca55f8\\attempt_0002"", ""D:\\python_install\\py\\rl\\0325\\0325\\outputs\\stage_1\\formal_scans\\stage1_medium_formal_v1\\runs\\main4500_ramp600_none_seed2_44ca55f8\\attempt_0001"", ""D:\\python_install\\py\\rl\\0325\\0325\\outputs\\stage_1\\formal_scans\\stage1_medium_formal_v1\\runs\\main4500_ramp600_none_seed3_44ca55f8\\attempt_0001"", ""D:\\python_install\\py\\rl\\0325\\0325\\outputs\\stage_1\\formal_scans\\stage1_medium_formal_v1\\runs\\main4500_ramp600_none_seed4_44ca55f8\\attempt_0001""]",5,27.589040592150763,27.297634599461755,27.92274837504589,5,9.6,6.0,13.0,5,30.8,27.0,34.0,5,1.0,1.0,1.0
medium,690,5,"[""D:\\python_install\\py\\rl\\0325\\0325\\outputs\\stage_1\\formal_scans\\stage1_medium_formal_v1\\runs\\main4500_ramp600_none_seed0_44ca55f8\\attempt_0001"", ""D:\\python_install\\py\\rl\\0325\\0325\\outputs\\stage_1\\formal_scans\\stage1_medium_formal_v1\\runs\\main4500_ramp600_none_seed1_44ca55f8\\attempt_0002"", ""D:\\python_install\\py\\rl\\0325\\0325\\outputs\\stage_1\\formal_scans\\stage1_medium_formal_v1\\runs\\main4500_ramp600_none_seed2_44ca55f8\\attempt_0001"", ""D:\\python_install\\py\\rl\\0325\\0325\\outputs\\stage_1\\formal_scans\\stage1_medium_formal_v1\\runs\\main4500_ramp600_none_seed3_44ca55f8\\attempt_0001"", ""D:\\python_install\\py\\rl\\0325\\0325\\outputs\\stage_1\\formal_scans\\stage1_medium_formal_v1\\runs\\main4500_ramp600_none_seed4_44ca55f8\\attempt_0001""]",5,27.068432182463454,26.44908538968016,27.45495645293043,5,10.2,7.0,12.0,5,35.2,32.0,39.0,5,1.0,1.0,1.0
medium,720,5,"[""D:\\python_install\\py\\rl\\0325\\0325\\outputs\\stage_1\\formal_scans\\stage1_medium_formal_v1\\runs\\main4500_ramp600_none_seed0_44ca55f8\\attempt_0001"", ""D:\\python_install\\py\\rl\\0325\\0325\\outputs\\stage_1\\formal_scans\\stage1_medium_formal_v1\\runs\\main4500_ramp600_none_seed1_44ca55f8\\attempt_0002"", ""D:\\python_install\\py\\rl\\0325\\0325\\outputs\\stage_1\\formal_scans\\stage1_medium_formal_v1\\runs\\main4500_ramp600_none_seed2_44ca55f8\\attempt_0001"", ""D:\\python_install\\py\\rl\\0325\\0325\\outputs\\stage_1\\formal_scans\\stage1_medium_formal_v1\\runs\\main4500_ramp600_none_seed3_44ca55f8\\attempt_0001"", ""D:\\python_install\\py\\rl\\0325\\0325\\outputs\\stage_1\\formal_scans\\stage1_medium_formal_v1\\runs\\main4500_ramp600_none_seed4_44ca55f8\\attempt_0001""]",5,26.672352920356424,25.97724809050323,27.055961564923035,5,10.8,8.0,14.0,5,38.2,36.0,40.0,5,0.9975069252077562,0.9944598337950139,1.0
medium,750,5,"[""D:\\python_install\\py\\rl\\0325\\0325\\outputs\\stage_1\\formal_scans\\stage1_medium_formal_v1\\runs\\main4500_ramp600_none_seed0_44ca55f8\\attempt_0001"", ""D:\\python_install\\py\\rl\\0325\\0325\\outputs\\stage_1\\formal_scans\\stage1_medium_formal_v1\\runs\\main4500_ramp600_none_seed1_44ca55f8\\attempt_0002"", ""D:\\python_install\\py\\rl\\0325\\0325\\outputs\\stage_1\\formal_scans\\stage1_medium_formal_v1\\runs\\main4500_ramp600_none_seed2_44ca55f8\\attempt_0001"", ""D:\\python_install\\py\\rl\\0325\\0325\\outputs\\stage_1\\formal_scans\\stage1_medium_formal_v1\\runs\\main4500_ramp600_none_seed3_44ca55f8\\attempt_0001"", ""D:\\python_install\\py\\rl\\0325\\0325\\outputs\\stage_1\\formal_scans\\stage1_medium_formal_v1\\runs\\main4500_ramp600_none_seed4_44ca55f8\\attempt_0001""]",5,26.384357494691564,25.597240261482924,27.09320588779015,5,7.6,3.0,11.0,5,39.6,39.0,40.0,5,0.993202614379085,0.9882352941176471,0.9973856209150327
medium,780,5,"[""D:\\python_install\\py\\rl\\0325\\0325\\outputs\\stage_1\\formal_scans\\stage1_medium_formal_v1\\runs\\main4500_ramp600_none_seed0_44ca55f8\\attempt_0001"", ""D:\\python_install\\py\\rl\\0325\\0325\\outputs\\stage_1\\formal_scans\\stage1_medium_formal_v1\\runs\\main4500_ramp600_none_seed1_44ca55f8\\attempt_0002"", ""D:\\python_install\\py\\rl\\0325\\0325\\outputs\\stage_1\\formal_scans\\stage1_medium_formal_v1\\runs\\main4500_ramp600_none_seed2_44ca55f8\\attempt_0001"", ""D:\\python_install\\py\\rl\\0325\\0325\\outputs\\stage_1\\formal_scans\\stage1_medium_formal_v1\\runs\\main4500_ramp600_none_seed3_44ca55f8\\attempt_0001"", ""D:\\python_install\\py\\rl\\0325\\0325\\outputs\\stage_1\\formal_scans\\stage1_medium_formal_v1\\runs\\main4500_ramp600_none_seed4_44ca55f8\\attempt_0001""]",5,26.184835287433213,25.375378315130593,26.510871856403284,5,11.6,7.0,14.0,5,40.0,40.0,40.0,5,0.9878562577447336,0.9838909541511772,0.9925650557620818
medium,810,5,"[""D:\\python_install\\py\\rl\\0325\\0325\\outputs\\stage_1\\formal_scans\\stage1_medium_formal_v1\\runs\\main4500_ramp600_none_seed0_44ca55f8\\attempt_0001"", ""D:\\python_install\\py\\rl\\0325\\0325\\outputs\\stage_1\\formal_scans\\stage1_medium_formal_v1\\runs\\main4500_ramp600_none_seed1_44ca55f8\\attempt_0002"", ""D:\\python_install\\py\\rl\\0325\\0325\\outputs\\stage_1\\formal_scans\\stage1_medium_formal_v1\\runs\\main4500_ramp600_none_seed2_44ca55f8\\attempt_0001"", ""D:\\python_install\\py\\rl\\0325\\0325\\outputs\\stage_1\\formal_scans\\stage1_medium_formal_v1\\runs\\main4500_ramp600_none_seed3_44ca55f8\\attempt_0001"", ""D:\\python_install\\py\\rl\\0325\\0325\\outputs\\stage_1\\formal_scans\\stage1_medium_formal_v1\\runs\\main4500_ramp600_none_seed4_44ca55f8\\attempt_0001""]",5,25.974318286227195,25.258874372761817,26.47708349352143,5,14.4,13.0,17.0,5,39.8,39.0,40.0,5,0.9825882352941177,0.9788235294117648,0.9870588235294118
medium,840,5,"[""D:\\python_install\\py\\rl\\0325\\0325\\outputs\\stage_1\\formal_scans\\stage1_medium_formal_v1\\runs\\main4500_ramp600_none_seed0_44ca55f8\\attempt_0001"", ""D:\\python_install\\py\\rl\\0325\\0325\\outputs\\stage_1\\formal_scans\\stage1_medium_formal_v1\\runs\\main4500_ramp600_none_seed1_44ca55f8\\attempt_0002"", ""D:\\python_install\\py\\rl\\0325\\0325\\outputs\\stage_1\\formal_scans\\stage1_medium_formal_v1\\runs\\main4500_ramp600_none_seed2_44ca55f8\\attempt_0001"", ""D:\\python_install\\py\\rl\\0325\\0325\\outputs\\stage_1\\formal_scans\\stage1_medium_formal_v1\\runs\\main4500_ramp600_none_seed3_44ca55f8\\attempt_0001"", ""D:\\python_install\\py\\rl\\0325\\0325\\outputs\\stage_1\\formal_scans\\stage1_medium_formal_v1\\runs\\main4500_ramp600_none_seed4_44ca55f8\\attempt_0001""]",5,25.839423052050286,25.710655020490083,26.009715633598415,5,14.2,12.0,17.0,5,39.4,39.0,40.0,5,0.9782511210762331,0.9742152466367713,0.9820627802690582
medium,870,5,"[""D:\\python_install\\py\\rl\\0325\\0325\\outputs\\stage_1\\formal_scans\\stage1_medium_formal_v1\\runs\\main4500_ramp600_none_seed0_44ca55f8\\attempt_0001"", ""D:\\python_install\\py\\rl\\0325\\0325\\outputs\\stage_1\\formal_scans\\stage1_medium_formal_v1\\runs\\main4500_ramp600_none_seed1_44ca55f8\\attempt_0002"", ""D:\\python_install\\py\\rl\\0325\\0325\\outputs\\stage_1\\formal_scans\\stage1_medium_formal_v1\\runs\\main4500_ramp600_none_seed2_44ca55f8\\attempt_0001"", ""D:\\python_install\\py\\rl\\0325\\0325\\outputs\\stage_1\\formal_scans\\stage1_medium_formal_v1\\runs\\main4500_ramp600_none_seed3_44ca55f8\\attempt_0001"", ""D:\\python_install\\py\\rl\\0325\\0325\\outputs\\stage_1\\formal_scans\\stage1_medium_formal_v1\\runs\\main4500_ramp600_none_seed4_44ca55f8\\attempt_0001""]",5,25.82679345466105,25.309994403862795,26.349100407771754,5,15.2,12.0,17.0,5,39.8,39.0,40.0,5,0.9745454545454546,0.9700534759358289,0.9786096256684492
medium,900,5,"[""D:\\python_install\\py\\rl\\0325\\0325\\outputs\\stage_1\\formal_scans\\stage1_medium_formal_v1\\runs\\main4500_ramp600_none_seed0_44ca55f8\\attempt_0001"", ""D:\\python_install\\py\\rl\\0325\\0325\\outputs\\stage_1\\formal_scans\\stage1_medium_formal_v1\\runs\\main4500_ramp600_none_seed1_44ca55f8\\attempt_0002"", ""D:\\python_install\\py\\rl\\0325\\0325\\outputs\\stage_1\\formal_scans\\stage1_medium_formal_v1\\runs\\main4500_ramp600_none_seed2_44ca55f8\\attempt_0001"", ""D:\\python_install\\py\\rl\\0325\\0325\\outputs\\stage_1\\formal_scans\\stage1_medium_formal_v1\\runs\\main4500_ramp600_none_seed3_44ca55f8\\attempt_0001"", ""D:\\python_install\\py\\rl\\0325\\0325\\outputs\\stage_1\\formal_scans\\stage1_medium_formal_v1\\runs\\main4500_ramp600_none_seed4_44ca55f8\\attempt_0001""]",5,25.5676228379106,25.086667032819932,26.045858277498326,5,14.2,12.0,17.0,5,40.0,40.0,40.0,5,0.9707267144319346,0.9662231320368475,0.9754350051177073
medium,930,5,"[""D:\\python_install\\py\\rl\\0325\\0325\\outputs\\stage_1\\formal_scans\\stage1_medium_formal_v1\\runs\\main4500_ramp600_none_seed0_44ca55f8\\attempt_0001"", ""D:\\python_install\\py\\rl\\0325\\0325\\outputs\\stage_1\\formal_scans\\stage1_medium_formal_v1\\runs\\main4500_ramp600_none_seed1_44ca55f8\\attempt_0002"", ""D:\\python_install\\py\\rl\\0325\\0325\\outputs\\stage_1\\formal_scans\\stage1_medium_formal_v1\\runs\\main4500_ramp600_none_seed2_44ca55f8\\attempt_0001"", ""D:\\python_install\\py\\rl\\0325\\0325\\outputs\\stage_1\\formal_scans\\stage1_medium_formal_v1\\runs\\main4500_ramp600_none_seed3_44ca55f8\\attempt_0001"", ""D:\\python_install\\py\\rl\\0325\\0325\\outputs\\stage_1\\formal_scans\\stage1_medium_formal_v1\\runs\\main4500_ramp600_none_seed4_44ca55f8\\attempt_0001""]",5,25.44537464812121,25.081965359948644,25.887036981269723,5,14.6,14.0,15.0,5,40.0,40.0,40.0,5,0.9670588235294117,0.9627450980392157,0.9715686274509804
medium,960,5,"[""D:\\python_install\\py\\rl\\0325\\0325\\outputs\\stage_1\\formal_scans\\stage1_medium_formal_v1\\runs\\main4500_ramp600_none_seed0_44ca55f8\\attempt_0001"", ""D:\\python_install\\py\\rl\\0325\\0325\\outputs\\stage_1\\formal_scans\\stage1_medium_formal_v1\\runs\\main4500_ramp600_none_seed1_44ca55f8\\attempt_0002"", ""D:\\python_install\\py\\rl\\0325\\0325\\outputs\\stage_1\\formal_scans\\stage1_medium_formal_v1\\runs\\main4500_ramp600_none_seed2_44ca55f8\\attempt_0001"", ""D:\\python_install\\py\\rl\\0325\\0325\\outputs\\stage_1\\formal_scans\\stage1_medium_formal_v1\\runs\\main4500_ramp600_none_seed3_44ca55f8\\attempt_0001"", ""D:\\python_install\\py\\rl\\0325\\0325\\outputs\\stage_1\\formal_scans\\stage1_medium_formal_v1\\runs\\main4500_ramp600_none_seed4_44ca55f8\\attempt_0001""]",5,25.540739031039347,24.620379462194954,25.932489949750604,5,14.6,13.0,17.0,5,40.0,40.0,40.0,5,0.9636534839924671,0.9595103578154426,0.967984934086629
medium,990,5,"[""D:\\python_install\\py\\rl\\0325\\0325\\outputs\\stage_1\\formal_scans\\stage1_medium_formal_v1\\runs\\main4500_ramp600_none_seed0_44ca55f8\\attempt_0001"", ""D:\\python_install\\py\\rl\\0325\\0325\\outputs\\stage_1\\formal_scans\\stage1_medium_formal_v1\\runs\\main4500_ramp600_none_seed1_44ca55f8\\attempt_0002"", ""D:\\python_install\\py\\rl\\0325\\0325\\outputs\\stage_1\\formal_scans\\stage1_medium_formal_v1\\runs\\main4500_ramp600_none_seed2_44ca55f8\\attempt_0001"", ""D:\\python_install\\py\\rl\\0325\\0325\\outputs\\stage_1\\formal_scans\\stage1_medium_formal_v1\\runs\\main4500_ramp600_none_seed3_44ca55f8\\attempt_0001"", ""D:\\python_install\\py\\rl\\0325\\0325\\outputs\\stage_1\\formal_scans\\stage1_medium_formal_v1\\runs\\main4500_ramp600_none_seed4_44ca55f8\\attempt_0001""]",5,25.607080076879413,25.15771712852666,25.945075883041078,5,15.6,14.0,18.0,5,40.0,40.0,40.0,5,0.9605429864253393,0.9565610859728507,0.9647058823529412
medium,1020,5,"[""D:\\python_install\\py\\rl\\0325\\0325\\outputs\\stage_1\\formal_scans\\stage1_medium_formal_v1\\runs\\main4500_ramp600_none_seed0_44ca55f8\\attempt_0001"", ""D:\\python_install\\py\\rl\\0325\\0325\\outputs\\stage_1\\formal_scans\\stage1_medium_formal_v1\\runs\\main4500_ramp600_none_seed1_44ca55f8\\attempt_0002"", ""D:\\python_install\\py\\rl\\0325\\0325\\outputs\\stage_1\\formal_scans\\stage1_medium_formal_v1\\runs\\main4500_ramp600_none_seed2_44ca55f8\\attempt_0001"", ""D:\\python_install\\py\\rl\\0325\\0325\\outputs\\stage_1\\formal_scans\\stage1_medium_formal_v1\\runs\\main4500_ramp600_none_seed3_44ca55f8\\attempt_0001"", ""D:\\python_install\\py\\rl\\0325\\0325\\outputs\\stage_1\\formal_scans\\stage1_medium_formal_v1\\runs\\main4500_ramp600_none_seed4_44ca55f8\\attempt_0001""]",5,25.614480345546752,25.38427390636743,25.848464727645577,5,16.0,14.0,19.0,5,39.8,39.0,40.0,5,0.9576285963382738,0.953792502179599,0.9616390584132519
medium,1050,5,"[""D:\\python_install\\py\\rl\\0325\\0325\\outputs\\stage_1\\formal_scans\\stage1_medium_formal_v1\\runs\\main4500_ramp600_none_seed0_44ca55f8\\attempt_0001"", ""D:\\python_install\\py\\rl\\0325\\0325\\outputs\\stage_1\\formal_scans\\stage1_medium_formal_v1\\runs\\main4500_ramp600_none_seed1_44ca55f8\\attempt_0002"", ""D:\\python_install\\py\\rl\\0325\\0325\\outputs\\stage_1\\formal_scans\\stage1_medium_formal_v1\\runs\\main4500_ramp600_none_seed2_44ca55f8\\attempt_0001"", ""D:\\python_install\\py\\rl\\0325\\0325\\outputs\\stage_1\\formal_scans\\stage1_medium_formal_v1\\runs\\main4500_ramp600_none_seed3_44ca55f8\\attempt_0001"", ""D:\\python_install\\py\\rl\\0325\\0325\\outputs\\stage_1\\formal_scans\\stage1_medium_formal_v1\\runs\\main4500_ramp600_none_seed4_44ca55f8\\attempt_0001""]",5,25.715158772342896,25.114226981572152,25.98377110845675,5,14.8,13.0,16.0,5,39.8,39.0,40.0,5,0.9551260504201681,0.9512605042016806,0.9588235294117647
medium,1080,5,"[""D:\\python_install\\py\\rl\\0325\\0325\\outputs\\stage_1\\formal_scans\\stage1_medium_formal_v1\\runs\\main4500_ramp600_none_seed0_44ca55f8\\attempt_0001"", ""D:\\python_install\\py\\rl\\0325\\0325\\outputs\\stage_1\\formal_scans\\stage1_medium_formal_v1\\runs\\main4500_ramp600_none_seed1_44ca55f8\\attempt_0002"", ""D:\\python_install\\py\\rl\\0325\\0325\\outputs\\stage_1\\formal_scans\\stage1_medium_formal_v1\\runs\\main4500_ramp600_none_seed2_44ca55f8\\attempt_0001"", ""D:\\python_install\\py\\rl\\0325\\0325\\outputs\\stage_1\\formal_scans\\stage1_medium_formal_v1\\runs\\main4500_ramp600_none_seed3_44ca55f8\\attempt_0001"", ""D:\\python_install\\py\\rl\\0325\\0325\\outputs\\stage_1\\formal_scans\\stage1_medium_formal_v1\\runs\\main4500_ramp600_none_seed4_44ca55f8\\attempt_0001""]",5,25.63536746786259,25.46888260764446,25.89854766603389,5,15.6,11.0,19.0,5,40.0,40.0,40.0,5,0.9527597402597403,0.9488636363636364,0.9569805194805194
medium,1110,5,"[""D:\\python_install\\py\\rl\\0325\\0325\\outputs\\stage_1\\formal_scans\\stage1_medium_formal_v1\\runs\\main4500_ramp600_none_seed0_44ca55f8\\attempt_0001"", ""D:\\python_install\\py\\rl\\0325\\0325\\outputs\\stage_1\\formal_scans\\stage1_medium_formal_v1\\runs\\main4500_ramp600_none_seed1_44ca55f8\\attempt_0002"", ""D:\\python_install\\py\\rl\\0325\\0325\\outputs\\stage_1\\formal_scans\\stage1_medium_formal_v1\\runs\\main4500_ramp600_none_seed2_44ca55f8\\attempt_0001"", ""D:\\python_install\\py\\rl\\0325\\0325\\outputs\\stage_1\\formal_scans\\stage1_medium_formal_v1\\runs\\main4500_ramp600_none_seed3_44ca55f8\\attempt_0001"", ""D:\\python_install\\py\\rl\\0325\\0325\\outputs\\stage_1\\formal_scans\\stage1_medium_formal_v1\\runs\\main4500_ramp600_none_seed4_44ca55f8\\attempt_0001""]",5,25.857596821057665,25.74331829680501,26.079852436392308,5,14.6,12.0,18.0,5,39.8,39.0,40.0,5,0.9504313725490195,0.9466666666666667,0.9545098039215686
medium,1140,5,"[""D:\\python_install\\py\\rl\\0325\\0325\\outputs\\stage_1\\formal_scans\\stage1_medium_formal_v1\\runs\\main4500_ramp600_none_seed0_44ca55f8\\attempt_0001"", ""D:\\python_install\\py\\rl\\0325\\0325\\outputs\\stage_1\\formal_scans\\stage1_medium_formal_v1\\runs\\main4500_ramp600_none_seed1_44ca55f8\\attempt_0002"", ""D:\\python_install\\py\\rl\\0325\\0325\\outputs\\stage_1\\formal_scans\\stage1_medium_formal_v1\\runs\\main4500_ramp600_none_seed2_44ca55f8\\attempt_0001"", ""D:\\python_install\\py\\rl\\0325\\0325\\outputs\\stage_1\\formal_scans\\stage1_medium_formal_v1\\runs\\main4500_ramp600_none_seed3_44ca55f8\\attempt_0001"", ""D:\\python_install\\py\\rl\\0325\\0325\\outputs\\stage_1\\formal_scans\\stage1_medium_formal_v1\\runs\\main4500_ramp600_none_seed4_44ca55f8\\attempt_0001""]",5,25.95299908909152,25.799945680564235,26.069497672265,5,15.8,14.0,18.0,5,40.0,40.0,40.0,5,0.9483675018982536,0.9445709946848899,0.9521640091116174
medium,1170,5,"[""D:\\python_install\\py\\rl\\0325\\0325\\outputs\\stage_1\\formal_scans\\stage1_medium_formal_v1\\runs\\main4500_ramp600_none_seed0_44ca55f8\\attempt_0001"", ""D:\\python_install\\py\\rl\\0325\\0325\\outputs\\stage_1\\formal_scans\\stage1_medium_formal_v1\\runs\\main4500_ramp600_none_seed1_44ca55f8\\attempt_0002"", ""D:\\python_install\\py\\rl\\0325\\0325\\outputs\\stage_1\\formal_scans\\stage1_medium_formal_v1\\runs\\main4500_ramp600_none_seed2_44ca55f8\\attempt_0001"", ""D:\\python_install\\py\\rl\\0325\\0325\\outputs\\stage_1\\formal_scans\\stage1_medium_formal_v1\\runs\\main4500_ramp600_none_seed3_44ca55f8\\attempt_0001"", ""D:\\python_install\\py\\rl\\0325\\0325\\outputs\\stage_1\\formal_scans\\stage1_medium_formal_v1\\runs\\main4500_ramp600_none_seed4_44ca55f8\\attempt_0001""]",5,25.840662417708312,25.4883403962416,26.172942477767123,5,14.4,12.0,16.0,5,40.0,40.0,40.0,5,0.9463235294117647,0.9426470588235294,0.95
medium,1200,5,"[""D:\\python_install\\py\\rl\\0325\\0325\\outputs\\stage_1\\formal_scans\\stage1_medium_formal_v1\\runs\\main4500_ramp600_none_seed0_44ca55f8\\attempt_0001"", ""D:\\python_install\\py\\rl\\0325\\0325\\outputs\\stage_1\\formal_scans\\stage1_medium_formal_v1\\runs\\main4500_ramp600_none_seed1_44ca55f8\\attempt_0002"", ""D:\\python_install\\py\\rl\\0325\\0325\\outputs\\stage_1\\formal_scans\\stage1_medium_formal_v1\\runs\\main4500_ramp600_none_seed2_44ca55f8\\attempt_0001"", ""D:\\python_install\\py\\rl\\0325\\0325\\outputs\\stage_1\\formal_scans\\stage1_medium_formal_v1\\runs\\main4500_ramp600_none_seed3_44ca55f8\\attempt_0001"", ""D:\\python_install\\py\\rl\\0325\\0325\\outputs\\stage_1\\formal_scans\\stage1_medium_formal_v1\\runs\\main4500_ramp600_none_seed4_44ca55f8\\attempt_0001""]",5,25.959439334361623,25.660694074610106,26.44477314013723,5,15.4,13.0,17.0,5,40.0,40.0,40.0,5,0.9443651925820257,0.9407988587731811,0.9479315263908702
medium,1230,5,"[""D:\\python_install\\py\\rl\\0325\\0325\\outputs\\stage_1\\formal_scans\\stage1_medium_formal_v1\\runs\\main4500_ramp600_none_seed0_44ca55f8\\attempt_0001"", ""D:\\python_install\\py\\rl\\0325\\0325\\outputs\\stage_1\\formal_scans\\stage1_medium_formal_v1\\runs\\main4500_ramp600_none_seed1_44ca55f8\\attempt_0002"", ""D:\\python_install\\py\\rl\\0325\\0325\\outputs\\stage_1\\formal_scans\\stage1_medium_formal_v1\\runs\\main4500_ramp600_none_seed2_44ca55f8\\attempt_0001"", ""D:\\python_install\\py\\rl\\0325\\0325\\outputs\\stage_1\\formal_scans\\stage1_medium_formal_v1\\runs\\main4500_ramp600_none_seed3_44ca55f8\\attempt_0001"", ""D:\\python_install\\py\\rl\\0325\\0325\\outputs\\stage_1\\formal_scans\\stage1_medium_formal_v1\\runs\\main4500_ramp600_none_seed4_44ca55f8\\attempt_0001""]",5,25.825004838983716,25.2538345310755,26.456349876594413,5,16.6,15.0,21.0,5,40.0,40.0,40.0,5,0.942560553633218,0.9391003460207612,0.9460207612456747
medium,1260,5,"[""D:\\python_install\\py\\rl\\0325\\0325\\outputs\\stage_1\\formal_scans\\stage1_medium_formal_v1\\runs\\main4500_ramp600_none_seed0_44ca55f8\\attempt_0001"", ""D:\\python_install\\py\\rl\\0325\\0325\\outputs\\stage_1\\formal_scans\\stage1_medium_formal_v1\\runs\\main4500_ramp600_none_seed1_44ca55f8\\attempt_0002"", ""D:\\python_install\\py\\rl\\0325\\0325\\outputs\\stage_1\\formal_scans\\stage1_medium_formal_v1\\runs\\main4500_ramp600_none_seed2_44ca55f8\\attempt_0001"", ""D:\\python_install\\py\\rl\\0325\\0325\\outputs\\stage_1\\formal_scans\\stage1_medium_formal_v1\\runs\\main4500_ramp600_none_seed3_44ca55f8\\attempt_0001"", ""D:\\python_install\\py\\rl\\0325\\0325\\outputs\\stage_1\\formal_scans\\stage1_medium_formal_v1\\runs\\main4500_ramp600_none_seed4_44ca55f8\\attempt_0001""]",5,25.87433228125048,25.444596802606405,26.58984302862099,5,14.4,12.0,18.0,5,40.0,40.0,40.0,5,0.9408204438466712,0.937457969065232,0.9441829186281103
medium,1290,5,"[""D:\\python_install\\py\\rl\\0325\\0325\\outputs\\stage_1\\formal_scans\\stage1_medium_formal_v1\\runs\\main4500_ramp600_none_seed0_44ca55f8\\attempt_0001"", ""D:\\python_install\\py\\rl\\0325\\0325\\outputs\\stage_1\\formal_scans\\stage1_medium_formal_v1\\runs\\main4500_ramp600_none_seed1_44ca55f8\\attempt_0002"", ""D:\\python_install\\py\\rl\\0325\\0325\\outputs\\stage_1\\formal_scans\\stage1_medium_formal_v1\\runs\\main4500_ramp600_none_seed2_44ca55f8\\attempt_0001"", ""D:\\python_install\\py\\rl\\0325\\0325\\outputs\\stage_1\\formal_scans\\stage1_medium_formal_v1\\runs\\main4500_ramp600_none_seed3_44ca55f8\\attempt_0001"", ""D:\\python_install\\py\\rl\\0325\\0325\\outputs\\stage_1\\formal_scans\\stage1_medium_formal_v1\\runs\\main4500_ramp600_none_seed4_44ca55f8\\attempt_0001""]",5,25.669643790382707,24.746020457164796,26.57012625218508,5,15.0,13.0,18.0,5,40.0,40.0,40.0,5,0.9392156862745098,0.9359477124183007,0.9424836601307189
medium,1320,5,"[""D:\\python_install\\py\\rl\\0325\\0325\\outputs\\stage_1\\formal_scans\\stage1_medium_formal_v1\\runs\\main4500_ramp600_none_seed0_44ca55f8\\attempt_0001"", ""D:\\python_install\\py\\rl\\0325\\0325\\outputs\\stage_1\\formal_scans\\stage1_medium_formal_v1\\runs\\main4500_ramp600_none_seed1_44ca55f8\\attempt_0002"", ""D:\\python_install\\py\\rl\\0325\\0325\\outputs\\stage_1\\formal_scans\\stage1_medium_formal_v1\\runs\\main4500_ramp600_none_seed2_44ca55f8\\attempt_0001"", ""D:\\python_install\\py\\rl\\0325\\0325\\outputs\\stage_1\\formal_scans\\stage1_medium_formal_v1\\runs\\main4500_ramp600_none_seed3_44ca55f8\\attempt_0001"", ""D:\\python_install\\py\\rl\\0325\\0325\\outputs\\stage_1\\formal_scans\\stage1_medium_formal_v1\\runs\\main4500_ramp600_none_seed4_44ca55f8\\attempt_0001""]",5,25.594206514489052,24.69626243441749,26.28445801261572,5,14.4,13.0,17.0,5,40.0,40.0,40.0,5,0.9376590330788804,0.9344783715012722,0.9408396946564885
medium,1350,5,"[""D:\\python_install\\py\\rl\\0325\\0325\\outputs\\stage_1\\formal_scans\\stage1_medium_formal_v1\\runs\\main4500_ramp600_none_seed0_44ca55f8\\attempt_0001"", ""D:\\python_install\\py\\rl\\0325\\0325\\outputs\\stage_1\\formal_scans\\stage1_medium_formal_v1\\runs\\main4500_ramp600_none_seed1_44ca55f8\\attempt_0002"", ""D:\\python_install\\py\\rl\\0325\\0325\\outputs\\stage_1\\formal_scans\\stage1_medium_formal_v1\\runs\\main4500_ramp600_none_seed2_44ca55f8\\attempt_0001"", ""D:\\python_install\\py\\rl\\0325\\0325\\outputs\\stage_1\\formal_scans\\stage1_medium_formal_v1\\runs\\main4500_ramp600_none_seed3_44ca55f8\\attempt_0001"", ""D:\\python_install\\py\\rl\\0325\\0325\\outputs\\stage_1\\formal_scans\\stage1_medium_formal_v1\\runs\\main4500_ramp600_none_seed4_44ca55f8\\attempt_0001""]",5,25.911089207336836,25.5690790115495,26.340011740816237,5,15.2,14.0,18.0,5,40.0,40.0,40.0,5,0.9362229102167182,0.9331269349845202,0.9393188854489164
medium,1380,5,"[""D:\\python_install\\py\\rl\\0325\\0325\\outputs\\stage_1\\formal_scans\\stage1_medium_formal_v1\\runs\\main4500_ramp600_none_seed0_44ca55f8\\attempt_0001"", ""D:\\python_install\\py\\rl\\0325\\0325\\outputs\\stage_1\\formal_scans\\stage1_medium_formal_v1\\runs\\main4500_ramp600_none_seed1_44ca55f8\\attempt_0002"", ""D:\\python_install\\py\\rl\\0325\\0325\\outputs\\stage_1\\formal_scans\\stage1_medium_formal_v1\\runs\\main4500_ramp600_none_seed2_44ca55f8\\attempt_0001"", ""D:\\python_install\\py\\rl\\0325\\0325\\outputs\\stage_1\\formal_scans\\stage1_medium_formal_v1\\runs\\main4500_ramp600_none_seed3_44ca55f8\\attempt_0001"", ""D:\\python_install\\py\\rl\\0325\\0325\\outputs\\stage_1\\formal_scans\\stage1_medium_formal_v1\\runs\\main4500_ramp600_none_seed4_44ca55f8\\attempt_0001""]",5,25.705658839509375,25.267811187339394,26.465578924855723,5,15.8,15.0,18.0,5,39.8,39.0,40.0,5,0.9348219674109837,0.931804465902233,0.9378394689197345
medium,1410,5,"[""D:\\python_install\\py\\rl\\0325\\0325\\outputs\\stage_1\\formal_scans\\stage1_medium_formal_v1\\runs\\main4500_ramp600_none_seed0_44ca55f8\\attempt_0001"", ""D:\\python_install\\py\\rl\\0325\\0325\\outputs\\stage_1\\formal_scans\\stage1_medium_formal_v1\\runs\\main4500_ramp600_none_seed1_44ca55f8\\attempt_0002"", ""D:\\python_install\\py\\rl\\0325\\0325\\outputs\\stage_1\\formal_scans\\stage1_medium_formal_v1\\runs\\main4500_ramp600_none_seed2_44ca55f8\\attempt_0001"", ""D:\\python_install\\py\\rl\\0325\\0325\\outputs\\stage_1\\formal_scans\\stage1_medium_formal_v1\\runs\\main4500_ramp600_none_seed3_44ca55f8\\attempt_0001"", ""D:\\python_install\\py\\rl\\0325\\0325\\outputs\\stage_1\\formal_scans\\stage1_medium_formal_v1\\runs\\main4500_ramp600_none_seed4_44ca55f8\\attempt_0001""]",5,25.582302546311706,24.908549588557015,26.385367430048984,5,13.6,11.0,16.0,5,40.0,40.0,40.0,5,0.9336470588235294,0.9305882352941176,0.9364705882352942
medium,1440,5,"[""D:\\python_install\\py\\rl\\0325\\0325\\outputs\\stage_1\\formal_scans\\stage1_medium_formal_v1\\runs\\main4500_ramp600_none_seed0_44ca55f8\\attempt_0001"", ""D:\\python_install\\py\\rl\\0325\\0325\\outputs\\stage_1\\formal_scans\\stage1_medium_formal_v1\\runs\\main4500_ramp600_none_seed1_44ca55f8\\attempt_0002"", ""D:\\python_install\\py\\rl\\0325\\0325\\outputs\\stage_1\\formal_scans\\stage1_medium_formal_v1\\runs\\main4500_ramp600_none_seed2_44ca55f8\\attempt_0001"", ""D:\\python_install\\py\\rl\\0325\\0325\\outputs\\stage_1\\formal_scans\\stage1_medium_formal_v1\\runs\\main4500_ramp600_none_seed3_44ca55f8\\attempt_0001"", ""D:\\python_install\\py\\rl\\0325\\0325\\outputs\\stage_1\\formal_scans\\stage1_medium_formal_v1\\runs\\main4500_ramp600_none_seed4_44ca55f8\\attempt_0001""]",5,25.63676738894709,25.286246045622775,26.044441932899023,5,14.4,11.0,17.0,5,40.0,40.0,40.0,5,0.9323765786452354,0.9293915040183697,0.9351320321469575
medium,1470,5,"[""D:\\python_install\\py\\rl\\0325\\0325\\outputs\\stage_1\\formal_scans\\stage1_medium_formal_v1\\runs\\main4500_ramp600_none_seed0_44ca55f8\\attempt_0001"", ""D:\\python_install\\py\\rl\\0325\\0325\\outputs\\stage_1\\formal_scans\\stage1_medium_formal_v1\\runs\\main4500_ramp600_none_seed1_44ca55f8\\attempt_0002"", ""D:\\python_install\\py\\rl\\0325\\0325\\outputs\\stage_1\\formal_scans\\stage1_medium_formal_v1\\runs\\main4500_ramp600_none_seed2_44ca55f8\\attempt_0001"", ""D:\\python_install\\py\\rl\\0325\\0325\\outputs\\stage_1\\formal_scans\\stage1_medium_formal_v1\\runs\\main4500_ramp600_none_seed3_44ca55f8\\attempt_0001"", ""D:\\python_install\\py\\rl\\0325\\0325\\outputs\\stage_1\\formal_scans\\stage1_medium_formal_v1\\runs\\main4500_ramp600_none_seed4_44ca55f8\\attempt_0001""]",5,25.583749217395685,25.008294217449308,26.094798918354538,5,15.8,14.0,18.0,5,40.0,40.0,40.0,5,0.9312044817927172,0.9282913165266107,0.9338935574229692
medium,1500,5,"[""D:\\python_install\\py\\rl\\0325\\0325\\outputs\\stage_1\\formal_scans\\stage1_medium_formal_v1\\runs\\main4500_ramp600_none_seed0_44ca55f8\\attempt_0001"", ""D:\\python_install\\py\\rl\\0325\\0325\\outputs\\stage_1\\formal_scans\\stage1_medium_formal_v1\\runs\\main4500_ramp600_none_seed1_44ca55f8\\attempt_0002"", ""D:\\python_install\\py\\rl\\0325\\0325\\outputs\\stage_1\\formal_scans\\stage1_medium_formal_v1\\runs\\main4500_ramp600_none_seed2_44ca55f8\\attempt_0001"", ""D:\\python_install\\py\\rl\\0325\\0325\\outputs\\stage_1\\formal_scans\\stage1_medium_formal_v1\\runs\\main4500_ramp600_none_seed3_44ca55f8\\attempt_0001"", ""D:\\python_install\\py\\rl\\0325\\0325\\outputs\\stage_1\\formal_scans\\stage1_medium_formal_v1\\runs\\main4500_ramp600_none_seed4_44ca55f8\\attempt_0001""]",5,25.74328289521024,24.94907271631342,26.019174368652454,5,14.8,13.0,16.0,5,39.6,39.0,40.0,5,0.9300492610837438,0.9272030651340997,0.9326765188834154
medium,1530,5,"[""D:\\python_install\\py\\rl\\0325\\0325\\outputs\\stage_1\\formal_scans\\stage1_medium_formal_v1\\runs\\main4500_ramp600_none_seed0_44ca55f8\\attempt_0001"", ""D:\\python_install\\py\\rl\\0325\\0325\\outputs\\stage_1\\formal_scans\\stage1_medium_formal_v1\\runs\\main4500_ramp600_none_seed1_44ca55f8\\attempt_0002"", ""D:\\python_install\\py\\rl\\0325\\0325\\outputs\\stage_1\\formal_scans\\stage1_medium_formal_v1\\runs\\main4500_ramp600_none_seed2_44ca55f8\\attempt_0001"", ""D:\\python_install\\py\\rl\\0325\\0325\\outputs\\stage_1\\formal_scans\\stage1_medium_formal_v1\\runs\\main4500_ramp600_none_seed3_44ca55f8\\attempt_0001"", ""D:\\python_install\\py\\rl\\0325\\0325\\outputs\\stage_1\\formal_scans\\stage1_medium_formal_v1\\runs\\main4500_ramp600_none_seed4_44ca55f8\\attempt_0001""]",5,25.74598762168633,25.111614444443628,26.150423306420606,5,14.8,12.0,17.0,5,39.8,39.0,40.0,5,0.9290909090909091,0.9267379679144385,0.9315508021390374
medium,1560,5,"[""D:\\python_install\\py\\rl\\0325\\0325\\outputs\\stage_1\\formal_scans\\stage1_medium_formal_v1\\runs\\main4500_ramp600_none_seed0_44ca55f8\\attempt_0001"", ""D:\\python_install\\py\\rl\\0325\\0325\\outputs\\stage_1\\formal_scans\\stage1_medium_formal_v1\\runs\\main4500_ramp600_none_seed1_44ca55f8\\attempt_0002"", ""D:\\python_install\\py\\rl\\0325\\0325\\outputs\\stage_1\\formal_scans\\stage1_medium_formal_v1\\runs\\main4500_ramp600_none_seed2_44ca55f8\\attempt_0001"", ""D:\\python_install\\py\\rl\\0325\\0325\\outputs\\stage_1\\formal_scans\\stage1_medium_formal_v1\\runs\\main4500_ramp600_none_seed3_44ca55f8\\attempt_0001"", ""D:\\python_install\\py\\rl\\0325\\0325\\outputs\\stage_1\\formal_scans\\stage1_medium_formal_v1\\runs\\main4500_ramp600_none_seed4_44ca55f8\\attempt_0001""]",5,25.922504833105666,25.558719387539767,26.250434843036217,5,15.4,13.0,17.0,5,40.0,40.0,40.0,5,0.9281380753138075,0.9257322175732218,0.9309623430962343
medium,1590,5,"[""D:\\python_install\\py\\rl\\0325\\0325\\outputs\\stage_1\\formal_scans\\stage1_medium_formal_v1\\runs\\main4500_ramp600_none_seed0_44ca55f8\\attempt_0001"", ""D:\\python_install\\py\\rl\\0325\\0325\\outputs\\stage_1\\formal_scans\\stage1_medium_formal_v1\\runs\\main4500_ramp600_none_seed1_44ca55f8\\attempt_0002"", ""D:\\python_install\\py\\rl\\0325\\0325\\outputs\\stage_1\\formal_scans\\stage1_medium_formal_v1\\runs\\main4500_ramp600_none_seed2_44ca55f8\\attempt_0001"", ""D:\\python_install\\py\\rl\\0325\\0325\\outputs\\stage_1\\formal_scans\\stage1_medium_formal_v1\\runs\\main4500_ramp600_none_seed3_44ca55f8\\attempt_0001"", ""D:\\python_install\\py\\rl\\0325\\0325\\outputs\\stage_1\\formal_scans\\stage1_medium_formal_v1\\runs\\main4500_ramp600_none_seed4_44ca55f8\\attempt_0001""]",5,25.705896842649054,25.286193050254123,26.06360318873114,5,14.8,13.0,18.0,5,40.0,40.0,40.0,5,0.927161125319693,0.9248081841432225,0.929923273657289
medium,1620,5,"[""D:\\python_install\\py\\rl\\0325\\0325\\outputs\\stage_1\\formal_scans\\stage1_medium_formal_v1\\runs\\main4500_ramp600_none_seed0_44ca55f8\\attempt_0001"", ""D:\\python_install\\py\\rl\\0325\\0325\\outputs\\stage_1\\formal_scans\\stage1_medium_formal_v1\\runs\\main4500_ramp600_none_seed1_44ca55f8\\attempt_0002"", ""D:\\python_install\\py\\rl\\0325\\0325\\outputs\\stage_1\\formal_scans\\stage1_medium_formal_v1\\runs\\main4500_ramp600_none_seed2_44ca55f8\\attempt_0001"", ""D:\\python_install\\py\\rl\\0325\\0325\\outputs\\stage_1\\formal_scans\\stage1_medium_formal_v1\\runs\\main4500_ramp600_none_seed3_44ca55f8\\attempt_0001"", ""D:\\python_install\\py\\rl\\0325\\0325\\outputs\\stage_1\\formal_scans\\stage1_medium_formal_v1\\runs\\main4500_ramp600_none_seed4_44ca55f8\\attempt_0001""]",5,25.586479314149464,25.352585732666945,26.00713251308991,5,14.2,12.0,15.0,5,39.8,39.0,40.0,5,0.9261892839258887,0.9238858287431146,0.928893340010015
medium,1650,5,"[""D:\\python_install\\py\\rl\\0325\\0325\\outputs\\stage_1\\formal_scans\\stage1_medium_formal_v1\\runs\\main4500_ramp600_none_seed0_44ca55f8\\attempt_0001"", ""D:\\python_install\\py\\rl\\0325\\0325\\outputs\\stage_1\\formal_scans\\stage1_medium_formal_v1\\runs\\main4500_ramp600_none_seed1_44ca55f8\\attempt_0002"", ""D:\\python_install\\py\\rl\\0325\\0325\\outputs\\stage_1\\formal_scans\\stage1_medium_formal_v1\\runs\\main4500_ramp600_none_seed2_44ca55f8\\attempt_0001"", ""D:\\python_install\\py\\rl\\0325\\0325\\outputs\\stage_1\\formal_scans\\stage1_medium_formal_v1\\runs\\main4500_ramp600_none_seed3_44ca55f8\\attempt_0001"", ""D:\\python_install\\py\\rl\\0325\\0325\\outputs\\stage_1\\formal_scans\\stage1_medium_formal_v1\\runs\\main4500_ramp600_none_seed4_44ca55f8\\attempt_0001""]",5,25.69141350216112,24.828160265374034,26.423076839241173,5,14.8,13.0,17.0,5,40.0,40.0,40.0,5,0.9253921568627451,0.9230392156862746,0.9279411764705883
medium,1680,5,"[""D:\\python_install\\py\\rl\\0325\\0325\\outputs\\stage_1\\formal_scans\\stage1_medium_formal_v1\\runs\\main4500_ramp600_none_seed0_44ca55f8\\attempt_0001"", ""D:\\python_install\\py\\rl\\0325\\0325\\outputs\\stage_1\\formal_scans\\stage1_medium_formal_v1\\runs\\main4500_ramp600_none_seed1_44ca55f8\\attempt_0002"", ""D:\\python_install\\py\\rl\\0325\\0325\\outputs\\stage_1\\formal_scans\\stage1_medium_formal_v1\\runs\\main4500_ramp600_none_seed2_44ca55f8\\attempt_0001"", ""D:\\python_install\\py\\rl\\0325\\0325\\outputs\\stage_1\\formal_scans\\stage1_medium_formal_v1\\runs\\main4500_ramp600_none_seed3_44ca55f8\\attempt_0001"", ""D:\\python_install\\py\\rl\\0325\\0325\\outputs\\stage_1\\formal_scans\\stage1_medium_formal_v1\\runs\\main4500_ramp600_none_seed4_44ca55f8\\attempt_0001""]",5,25.641335202300542,24.991240456846313,26.105724411654464,5,15.0,11.0,17.0,5,40.0,40.0,40.0,5,0.9244956772334294,0.9221902017291066,0.9269932756964457
medium,1710,5,"[""D:\\python_install\\py\\rl\\0325\\0325\\outputs\\stage_1\\formal_scans\\stage1_medium_formal_v1\\runs\\main4500_ramp600_none_seed0_44ca55f8\\attempt_0001"", ""D:\\python_install\\py\\rl\\0325\\0325\\outputs\\stage_1\\formal_scans\\stage1_medium_formal_v1\\runs\\main4500_ramp600_none_seed1_44ca55f8\\attempt_0002"", ""D:\\python_install\\py\\rl\\0325\\0325\\outputs\\stage_1\\formal_scans\\stage1_medium_formal_v1\\runs\\main4500_ramp600_none_seed2_44ca55f8\\attempt_0001"", ""D:\\python_install\\py\\rl\\0325\\0325\\outputs\\stage_1\\formal_scans\\stage1_medium_formal_v1\\runs\\main4500_ramp600_none_seed3_44ca55f8\\attempt_0001"", ""D:\\python_install\\py\\rl\\0325\\0325\\outputs\\stage_1\\formal_scans\\stage1_medium_formal_v1\\runs\\main4500_ramp600_none_seed4_44ca55f8\\attempt_0001""]",5,25.884864242167488,25.22297230941768,26.36055556049794,5,14.0,13.0,15.0,5,40.0,40.0,40.0,5,0.9236705882352941,0.9214117647058824,0.9261176470588235
medium,1740,5,"[""D:\\python_install\\py\\rl\\0325\\0325\\outputs\\stage_1\\formal_scans\\stage1_medium_formal_v1\\runs\\main4500_ramp600_none_seed0_44ca55f8\\attempt_0001"", ""D:\\python_install\\py\\rl\\0325\\0325\\outputs\\stage_1\\formal_scans\\stage1_medium_formal_v1\\runs\\main4500_ramp600_none_seed1_44ca55f8\\attempt_0002"", ""D:\\python_install\\py\\rl\\0325\\0325\\outputs\\stage_1\\formal_scans\\stage1_medium_formal_v1\\runs\\main4500_ramp600_none_seed2_44ca55f8\\attempt_0001"", ""D:\\python_install\\py\\rl\\0325\\0325\\outputs\\stage_1\\formal_scans\\stage1_medium_formal_v1\\runs\\main4500_ramp600_none_seed3_44ca55f8\\attempt_0001"", ""D:\\python_install\\py\\rl\\0325\\0325\\outputs\\stage_1\\formal_scans\\stage1_medium_formal_v1\\runs\\main4500_ramp600_none_seed4_44ca55f8\\attempt_0001""]",5,26.012899543591807,25.708413896951242,26.279136398379435,5,16.0,13.0,21.0,5,40.0,40.0,40.0,5,0.9228426395939087,0.9206275957544993,0.9252422704199353
medium,1770,5,"[""D:\\python_install\\py\\rl\\0325\\0325\\outputs\\stage_1\\formal_scans\\stage1_medium_formal_v1\\runs\\main4500_ramp600_none_seed0_44ca55f8\\attempt_0001"", ""D:\\python_install\\py\\rl\\0325\\0325\\outputs\\stage_1\\formal_scans\\stage1_medium_formal_v1\\runs\\main4500_ramp600_none_seed1_44ca55f8\\attempt_0002"", ""D:\\python_install\\py\\rl\\0325\\0325\\outputs\\stage_1\\formal_scans\\stage1_medium_formal_v1\\runs\\main4500_ramp600_none_seed2_44ca55f8\\attempt_0001"", ""D:\\python_install\\py\\rl\\0325\\0325\\outputs\\stage_1\\formal_scans\\stage1_medium_formal_v1\\runs\\main4500_ramp600_none_seed3_44ca55f8\\attempt_0001"", ""D:\\python_install\\py\\rl\\0325\\0325\\outputs\\stage_1\\formal_scans\\stage1_medium_formal_v1\\runs\\main4500_ramp600_none_seed4_44ca55f8\\attempt_0001""]",5,25.675456196210273,25.19176453570395,26.21128337269336,5,14.2,13.0,16.0,5,40.0,40.0,40.0,5,0.9220814479638009,0.9199095022624434,0.9244343891402715
medium,1800,5,"[""D:\\python_install\\py\\rl\\0325\\0325\\outputs\\stage_1\\formal_scans\\stage1_medium_formal_v1\\runs\\main4500_ramp600_none_seed0_44ca55f8\\attempt_0001"", ""D:\\python_install\\py\\rl\\0325\\0325\\outputs\\stage_1\\formal_scans\\stage1_medium_formal_v1\\runs\\main4500_ramp600_none_seed1_44ca55f8\\attempt_0002"", ""D:\\python_install\\py\\rl\\0325\\0325\\outputs\\stage_1\\formal_scans\\stage1_medium_formal_v1\\runs\\main4500_ramp600_none_seed2_44ca55f8\\attempt_0001"", ""D:\\python_install\\py\\rl\\0325\\0325\\outputs\\stage_1\\formal_scans\\stage1_medium_formal_v1\\runs\\main4500_ramp600_none_seed3_44ca55f8\\attempt_0001"", ""D:\\python_install\\py\\rl\\0325\\0325\\outputs\\stage_1\\formal_scans\\stage1_medium_formal_v1\\runs\\main4500_ramp600_none_seed4_44ca55f8\\attempt_0001""]",5,25.724524814844777,25.21911378786261,26.010393819502074,5,15.2,12.0,17.0,5,40.0,40.0,40.0,5,0.9213143872113676,0.9191829484902309,0.9236234458259325
medium,1830,5,"[""D:\\python_install\\py\\rl\\0325\\0325\\outputs\\stage_1\\formal_scans\\stage1_medium_formal_v1\\runs\\main4500_ramp600_none_seed0_44ca55f8\\attempt_0001"", ""D:\\python_install\\py\\rl\\0325\\0325\\outputs\\stage_1\\formal_scans\\stage1_medium_formal_v1\\runs\\main4500_ramp600_none_seed1_44ca55f8\\attempt_0002"", ""D:\\python_install\\py\\rl\\0325\\0325\\outputs\\stage_1\\formal_scans\\stage1_medium_formal_v1\\runs\\main4500_ramp600_none_seed2_44ca55f8\\attempt_0001"", ""D:\\python_install\\py\\rl\\0325\\0325\\outputs\\stage_1\\formal_scans\\stage1_medium_formal_v1\\runs\\main4500_ramp600_none_seed3_44ca55f8\\attempt_0001"", ""D:\\python_install\\py\\rl\\0325\\0325\\outputs\\stage_1\\formal_scans\\stage1_medium_formal_v1\\runs\\main4500_ramp600_none_seed4_44ca55f8\\attempt_0001""]",5,25.7900150939509,25.329732473779647,26.225612223466634,5,15.2,13.0,19.0,5,40.0,40.0,40.0,5,0.9206100217864923,0.9185185185185185,0.9228758169934641
medium,1860,5,"[""D:\\python_install\\py\\rl\\0325\\0325\\outputs\\stage_1\\formal_scans\\stage1_medium_formal_v1\\runs\\main4500_ramp600_none_seed0_44ca55f8\\attempt_0001"", ""D:\\python_install\\py\\rl\\0325\\0325\\outputs\\stage_1\\formal_scans\\stage1_medium_formal_v1\\runs\\main4500_ramp600_none_seed1_44ca55f8\\attempt_0002"", ""D:\\python_install\\py\\rl\\0325\\0325\\outputs\\stage_1\\formal_scans\\stage1_medium_formal_v1\\runs\\main4500_ramp600_none_seed2_44ca55f8\\attempt_0001"", ""D:\\python_install\\py\\rl\\0325\\0325\\outputs\\stage_1\\formal_scans\\stage1_medium_formal_v1\\runs\\main4500_ramp600_none_seed3_44ca55f8\\attempt_0001"", ""D:\\python_install\\py\\rl\\0325\\0325\\outputs\\stage_1\\formal_scans\\stage1_medium_formal_v1\\runs\\main4500_ramp600_none_seed4_44ca55f8\\attempt_0001""]",5,25.711567042178178,25.51747026480353,25.844858980018863,5,15.8,14.0,18.0,5,40.0,40.0,40.0,5,0.9198973042362002,0.9178433889602053,0.922122379118528
medium,1890,5,"[""D:\\python_install\\py\\rl\\0325\\0325\\outputs\\stage_1\\formal_scans\\stage1_medium_formal_v1\\runs\\main4500_ramp600_none_seed0_44ca55f8\\attempt_0001"", ""D:\\python_install\\py\\rl\\0325\\0325\\outputs\\stage_1\\formal_scans\\stage1_medium_formal_v1\\runs\\main4500_ramp600_none_seed1_44ca55f8\\attempt_0002"", ""D:\\python_install\\py\\rl\\0325\\0325\\outputs\\stage_1\\formal_scans\\stage1_medium_formal_v1\\runs\\main4500_ramp600_none_seed2_44ca55f8\\attempt_0001"", ""D:\\python_install\\py\\rl\\0325\\0325\\outputs\\stage_1\\formal_scans\\stage1_medium_formal_v1\\runs\\main4500_ramp600_none_seed3_44ca55f8\\attempt_0001"", ""D:\\python_install\\py\\rl\\0325\\0325\\outputs\\stage_1\\formal_scans\\stage1_medium_formal_v1\\runs\\main4500_ramp600_none_seed4_44ca55f8\\attempt_0001""]",5,25.78675551522553,25.551927727921733,26.181950203682216,5,14.4,13.0,16.0,5,39.8,39.0,40.0,5,0.9192436974789915,0.9172268907563025,0.9214285714285714
medium,1920,5,"[""D:\\python_install\\py\\rl\\0325\\0325\\outputs\\stage_1\\formal_scans\\stage1_medium_formal_v1\\runs\\main4500_ramp600_none_seed0_44ca55f8\\attempt_0001"", ""D:\\python_install\\py\\rl\\0325\\0325\\outputs\\stage_1\\formal_scans\\stage1_medium_formal_v1\\runs\\main4500_ramp600_none_seed1_44ca55f8\\attempt_0002"", ""D:\\python_install\\py\\rl\\0325\\0325\\outputs\\stage_1\\formal_scans\\stage1_medium_formal_v1\\runs\\main4500_ramp600_none_seed2_44ca55f8\\attempt_0001"", ""D:\\python_install\\py\\rl\\0325\\0325\\outputs\\stage_1\\formal_scans\\stage1_medium_formal_v1\\runs\\main4500_ramp600_none_seed3_44ca55f8\\attempt_0001"", ""D:\\python_install\\py\\rl\\0325\\0325\\outputs\\stage_1\\formal_scans\\stage1_medium_formal_v1\\runs\\main4500_ramp600_none_seed4_44ca55f8\\attempt_0001""]",5,25.85033977735523,25.638467136792197,26.034700441287644,5,15.2,12.0,18.0,5,40.0,40.0,40.0,5,0.9186622625928985,0.916597853014038,0.9207266721717589
medium,1950,5,"[""D:\\python_install\\py\\rl\\0325\\0325\\outputs\\stage_1\\formal_scans\\stage1_medium_formal_v1\\runs\\main4500_ramp600_none_seed0_44ca55f8\\attempt_0001"", ""D:\\python_install\\py\\rl\\0325\\0325\\outputs\\stage_1\\formal_scans\\stage1_medium_formal_v1\\runs\\main4500_ramp600_none_seed1_44ca55f8\\attempt_0002"", ""D:\\python_install\\py\\rl\\0325\\0325\\outputs\\stage_1\\formal_scans\\stage1_medium_formal_v1\\runs\\main4500_ramp600_none_seed2_44ca55f8\\attempt_0001"", ""D:\\python_install\\py\\rl\\0325\\0325\\outputs\\stage_1\\formal_scans\\stage1_medium_formal_v1\\runs\\main4500_ramp600_none_seed3_44ca55f8\\attempt_0001"", ""D:\\python_install\\py\\rl\\0325\\0325\\outputs\\stage_1\\formal_scans\\stage1_medium_formal_v1\\runs\\main4500_ramp600_none_seed4_44ca55f8\\attempt_0001""]",5,25.865854467896433,25.56869099527215,26.164506895462438,5,15.0,13.0,17.0,5,40.0,40.0,40.0,5,0.9180527383367141,0.9160243407707911,0.920081135902637
medium,1980,5,"[""D:\\python_install\\py\\rl\\0325\\0325\\outputs\\stage_1\\formal_scans\\stage1_medium_formal_v1\\runs\\main4500_ramp600_none_seed0_44ca55f8\\attempt_0001"", ""D:\\python_install\\py\\rl\\0325\\0325\\outputs\\stage_1\\formal_scans\\stage1_medium_formal_v1\\runs\\main4500_ramp600_none_seed1_44ca55f8\\attempt_0002"", ""D:\\python_install\\py\\rl\\0325\\0325\\outputs\\stage_1\\formal_scans\\stage1_medium_formal_v1\\runs\\main4500_ramp600_none_seed2_44ca55f8\\attempt_0001"", ""D:\\python_install\\py\\rl\\0325\\0325\\outputs\\stage_1\\formal_scans\\stage1_medium_formal_v1\\runs\\main4500_ramp600_none_seed3_44ca55f8\\attempt_0001"", ""D:\\python_install\\py\\rl\\0325\\0325\\outputs\\stage_1\\formal_scans\\stage1_medium_formal_v1\\runs\\main4500_ramp600_none_seed4_44ca55f8\\attempt_0001""]",5,25.90183081555379,25.280434418770234,26.28855326750227,5,16.4,13.0,22.0,5,40.0,40.0,40.0,5,0.9174311926605505,0.9154367770243319,0.919425608296769
medium,2010,5,"[""D:\\python_install\\py\\rl\\0325\\0325\\outputs\\stage_1\\formal_scans\\stage1_medium_formal_v1\\runs\\main4500_ramp600_none_seed0_44ca55f8\\attempt_0001"", ""D:\\python_install\\py\\rl\\0325\\0325\\outputs\\stage_1\\formal_scans\\stage1_medium_formal_v1\\runs\\main4500_ramp600_none_seed1_44ca55f8\\attempt_0002"", ""D:\\python_install\\py\\rl\\0325\\0325\\outputs\\stage_1\\formal_scans\\stage1_medium_formal_v1\\runs\\main4500_ramp600_none_seed2_44ca55f8\\attempt_0001"", ""D:\\python_install\\py\\rl\\0325\\0325\\outputs\\stage_1\\formal_scans\\stage1_medium_formal_v1\\runs\\main4500_ramp600_none_seed3_44ca55f8\\attempt_0001"", ""D:\\python_install\\py\\rl\\0325\\0325\\outputs\\stage_1\\formal_scans\\stage1_medium_formal_v1\\runs\\main4500_ramp600_none_seed4_44ca55f8\\attempt_0001""]",5,25.905430611265594,25.729077436189066,26.137238568703502,5,15.4,12.0,19.0,5,40.0,40.0,40.0,5,0.9168627450980391,0.9149019607843137,0.9188235294117647
medium,2040,5,"[""D:\\python_install\\py\\rl\\0325\\0325\\outputs\\stage_1\\formal_scans\\stage1_medium_formal_v1\\runs\\main4500_ramp600_none_seed0_44ca55f8\\attempt_0001"", ""D:\\python_install\\py\\rl\\0325\\0325\\outputs\\stage_1\\formal_scans\\stage1_medium_formal_v1\\runs\\main4500_ramp600_none_seed1_44ca55f8\\attempt_0002"", ""D:\\python_install\\py\\rl\\0325\\0325\\outputs\\stage_1\\formal_scans\\stage1_medium_formal_v1\\runs\\main4500_ramp600_none_seed2_44ca55f8\\attempt_0001"", ""D:\\python_install\\py\\rl\\0325\\0325\\outputs\\stage_1\\formal_scans\\stage1_medium_formal_v1\\runs\\main4500_ramp600_none_seed3_44ca55f8\\attempt_0001"", ""D:\\python_install\\py\\rl\\0325\\0325\\outputs\\stage_1\\formal_scans\\stage1_medium_formal_v1\\runs\\main4500_ramp600_none_seed4_44ca55f8\\attempt_0001""]",5,25.92381974671356,25.360701891150818,26.370019831920526,5,14.8,12.0,16.0,5,40.0,40.0,40.0,5,0.9162808641975309,0.9143518518518519,0.9182098765432098
medium,2070,5,"[""D:\\python_install\\py\\rl\\0325\\0325\\outputs\\stage_1\\formal_scans\\stage1_medium_formal_v1\\runs\\main4500_ramp600_none_seed0_44ca55f8\\attempt_0001"", ""D:\\python_install\\py\\rl\\0325\\0325\\outputs\\stage_1\\formal_scans\\stage1_medium_formal_v1\\runs\\main4500_ramp600_none_seed1_44ca55f8\\attempt_0002"", ""D:\\python_install\\py\\rl\\0325\\0325\\outputs\\stage_1\\formal_scans\\stage1_medium_formal_v1\\runs\\main4500_ramp600_none_seed2_44ca55f8\\attempt_0001"", ""D:\\python_install\\py\\rl\\0325\\0325\\outputs\\stage_1\\formal_scans\\stage1_medium_formal_v1\\runs\\main4500_ramp600_none_seed3_44ca55f8\\attempt_0001"", ""D:\\python_install\\py\\rl\\0325\\0325\\outputs\\stage_1\\formal_scans\\stage1_medium_formal_v1\\runs\\main4500_ramp600_none_seed4_44ca55f8\\attempt_0001""]",5,25.97825062419674,25.612900563607,26.221818550089196,5,15.4,14.0,17.0,5,40.0,40.0,40.0,5,0.9157495256166983,0.9138519924098671,0.9176470588235294
medium,2100,5,"[""D:\\python_install\\py\\rl\\0325\\0325\\outputs\\stage_1\\formal_scans\\stage1_medium_formal_v1\\runs\\main4500_ramp600_none_seed0_44ca55f8\\attempt_0001"", ""D:\\python_install\\py\\rl\\0325\\0325\\outputs\\stage_1\\formal_scans\\stage1_medium_formal_v1\\runs\\main4500_ramp600_none_seed1_44ca55f8\\attempt_0002"", ""D:\\python_install\\py\\rl\\0325\\0325\\outputs\\stage_1\\formal_scans\\stage1_medium_formal_v1\\runs\\main4500_ramp600_none_seed2_44ca55f8\\attempt_0001"", ""D:\\python_install\\py\\rl\\0325\\0325\\outputs\\stage_1\\formal_scans\\stage1_medium_formal_v1\\runs\\main4500_ramp600_none_seed3_44ca55f8\\attempt_0001"", ""D:\\python_install\\py\\rl\\0325\\0325\\outputs\\stage_1\\formal_scans\\stage1_medium_formal_v1\\runs\\main4500_ramp600_none_seed4_44ca55f8\\attempt_0001""]",5,26.11308085664236,25.50755102942145,26.462926690614072,5,15.4,12.0,18.0,5,40.0,40.0,40.0,5,0.9152035861038476,0.9133358236832275,0.9170713485244677
medium,2130,5,"[""D:\\python_install\\py\\rl\\0325\\0325\\outputs\\stage_1\\formal_scans\\stage1_medium_formal_v1\\runs\\main4500_ramp600_none_seed0_44ca55f8\\attempt_0001"", ""D:\\python_install\\py\\rl\\0325\\0325\\outputs\\stage_1\\formal_scans\\stage1_medium_formal_v1\\runs\\main4500_ramp600_none_seed1_44ca55f8\\attempt_0002"", ""D:\\python_install\\py\\rl\\0325\\0325\\outputs\\stage_1\\formal_scans\\stage1_medium_formal_v1\\runs\\main4500_ramp600_none_seed2_44ca55f8\\attempt_0001"", ""D:\\python_install\\py\\rl\\0325\\0325\\outputs\\stage_1\\formal_scans\\stage1_medium_formal_v1\\runs\\main4500_ramp600_none_seed3_44ca55f8\\attempt_0001"", ""D:\\python_install\\py\\rl\\0325\\0325\\outputs\\stage_1\\formal_scans\\stage1_medium_formal_v1\\runs\\main4500_ramp600_none_seed4_44ca55f8\\attempt_0001""]",5,26.00151360852019,25.442896733265837,26.518779546972667,5,15.8,15.0,17.0,5,40.0,40.0,40.0,5,0.9147058823529411,0.9128676470588235,0.9165441176470588
medium,2160,5,"[""D:\\python_install\\py\\rl\\0325\\0325\\outputs\\stage_1\\formal_scans\\stage1_medium_formal_v1\\runs\\main4500_ramp600_none_seed0_44ca55f8\\attempt_0001"", ""D:\\python_install\\py\\rl\\0325\\0325\\outputs\\stage_1\\formal_scans\\stage1_medium_formal_v1\\runs\\main4500_ramp600_none_seed1_44ca55f8\\attempt_0002"", ""D:\\python_install\\py\\rl\\0325\\0325\\outputs\\stage_1\\formal_scans\\stage1_medium_formal_v1\\runs\\main4500_ramp600_none_seed2_44ca55f8\\attempt_0001"", ""D:\\python_install\\py\\rl\\0325\\0325\\outputs\\stage_1\\formal_scans\\stage1_medium_formal_v1\\runs\\main4500_ramp600_none_seed3_44ca55f8\\attempt_0001"", ""D:\\python_install\\py\\rl\\0325\\0325\\outputs\\stage_1\\formal_scans\\stage1_medium_formal_v1\\runs\\main4500_ramp600_none_seed4_44ca55f8\\attempt_0001""]",5,25.97458476268114,25.549420827335112,26.38240904285562,5,14.0,13.0,16.0,5,40.0,40.0,40.0,5,0.9141926140477915,0.9123823316437364,0.9160028964518465
medium,2190,5,"[""D:\\python_install\\py\\rl\\0325\\0325\\outputs\\stage_1\\formal_scans\\stage1_medium_formal_v1\\runs\\main4500_ramp600_none_seed0_44ca55f8\\attempt_0001"", ""D:\\python_install\\py\\rl\\0325\\0325\\outputs\\stage_1\\formal_scans\\stage1_medium_formal_v1\\runs\\main4500_ramp600_none_seed1_44ca55f8\\attempt_0002"", ""D:\\python_install\\py\\rl\\0325\\0325\\outputs\\stage_1\\formal_scans\\stage1_medium_formal_v1\\runs\\main4500_ramp600_none_seed2_44ca55f8\\attempt_0001"", ""D:\\python_install\\py\\rl\\0325\\0325\\outputs\\stage_1\\formal_scans\\stage1_medium_formal_v1\\runs\\main4500_ramp600_none_seed3_44ca55f8\\attempt_0001"", ""D:\\python_install\\py\\rl\\0325\\0325\\outputs\\stage_1\\formal_scans\\stage1_medium_formal_v1\\runs\\main4500_ramp600_none_seed4_44ca55f8\\attempt_0001""]",5,25.911920088493225,25.502567298176242,26.253376162672904,5,15.2,13.0,17.0,5,40.0,40.0,40.0,5,0.9137254901960784,0.9119429590017826,0.9155080213903743
medium,2220,5,"[""D:\\python_install\\py\\rl\\0325\\0325\\outputs\\stage_1\\formal_scans\\stage1_medium_formal_v1\\runs\\main4500_ramp600_none_seed0_44ca55f8\\attempt_0001"", ""D:\\python_install\\py\\rl\\0325\\0325\\outputs\\stage_1\\formal_scans\\stage1_medium_formal_v1\\runs\\main4500_ramp600_none_seed1_44ca55f8\\attempt_0002"", ""D:\\python_install\\py\\rl\\0325\\0325\\outputs\\stage_1\\formal_scans\\stage1_medium_formal_v1\\runs\\main4500_ramp600_none_seed2_44ca55f8\\attempt_0001"", ""D:\\python_install\\py\\rl\\0325\\0325\\outputs\\stage_1\\formal_scans\\stage1_medium_formal_v1\\runs\\main4500_ramp600_none_seed3_44ca55f8\\attempt_0001"", ""D:\\python_install\\py\\rl\\0325\\0325\\outputs\\stage_1\\formal_scans\\stage1_medium_formal_v1\\runs\\main4500_ramp600_none_seed4_44ca55f8\\attempt_0001""]",5,25.76901490777646,25.120392994435687,26.377338559800837,5,15.4,14.0,17.0,5,40.0,40.0,40.0,5,0.9132420091324202,0.9114857744994731,0.9149982437653671
medium,2250,5,"[""D:\\python_install\\py\\rl\\0325\\0325\\outputs\\stage_1\\formal_scans\\stage1_medium_formal_v1\\runs\\main4500_ramp600_none_seed0_44ca55f8\\attempt_0001"", ""D:\\python_install\\py\\rl\\0325\\0325\\outputs\\stage_1\\formal_scans\\stage1_medium_formal_v1\\runs\\main4500_ramp600_none_seed1_44ca55f8\\attempt_0002"", ""D:\\python_install\\py\\rl\\0325\\0325\\outputs\\stage_1\\formal_scans\\stage1_medium_formal_v1\\runs\\main4500_ramp600_none_seed2_44ca55f8\\attempt_0001"", ""D:\\python_install\\py\\rl\\0325\\0325\\outputs\\stage_1\\formal_scans\\stage1_medium_formal_v1\\runs\\main4500_ramp600_none_seed3_44ca55f8\\attempt_0001"", ""D:\\python_install\\py\\rl\\0325\\0325\\outputs\\stage_1\\formal_scans\\stage1_medium_formal_v1\\runs\\main4500_ramp600_none_seed4_44ca55f8\\attempt_0001""]",5,25.466705902948412,24.806888447967225,26.49104126680027,5,15.0,13.0,16.0,5,39.8,39.0,40.0,5,0.91280276816609,0.9110726643598616,0.9145328719723184
medium,2280,5,"[""D:\\python_install\\py\\rl\\0325\\0325\\outputs\\stage_1\\formal_scans\\stage1_medium_formal_v1\\runs\\main4500_ramp600_none_seed0_44ca55f8\\attempt_0001"", ""D:\\python_install\\py\\rl\\0325\\0325\\outputs\\stage_1\\formal_scans\\stage1_medium_formal_v1\\runs\\main4500_ramp600_none_seed1_44ca55f8\\attempt_0002"", ""D:\\python_install\\py\\rl\\0325\\0325\\outputs\\stage_1\\formal_scans\\stage1_medium_formal_v1\\runs\\main4500_ramp600_none_seed2_44ca55f8\\attempt_0001"", ""D:\\python_install\\py\\rl\\0325\\0325\\outputs\\stage_1\\formal_scans\\stage1_medium_formal_v1\\runs\\main4500_ramp600_none_seed3_44ca55f8\\attempt_0001"", ""D:\\python_install\\py\\rl\\0325\\0325\\outputs\\stage_1\\formal_scans\\stage1_medium_formal_v1\\runs\\main4500_ramp600_none_seed4_44ca55f8\\attempt_0001""]",5,25.61506742160943,25.146834840311314,26.2888597016185,5,12.6,8.0,15.0,5,40.0,40.0,40.0,5,0.9124147339699864,0.9109822646657572,0.9140518417462483
medium,2310,5,"[""D:\\python_install\\py\\rl\\0325\\0325\\outputs\\stage_1\\formal_scans\\stage1_medium_formal_v1\\runs\\main4500_ramp600_none_seed0_44ca55f8\\attempt_0001"", ""D:\\python_install\\py\\rl\\0325\\0325\\outputs\\stage_1\\formal_scans\\stage1_medium_formal_v1\\runs\\main4500_ramp600_none_seed1_44ca55f8\\attempt_0002"", ""D:\\python_install\\py\\rl\\0325\\0325\\outputs\\stage_1\\formal_scans\\stage1_medium_formal_v1\\runs\\main4500_ramp600_none_seed2_44ca55f8\\attempt_0001"", ""D:\\python_install\\py\\rl\\0325\\0325\\outputs\\stage_1\\formal_scans\\stage1_medium_formal_v1\\runs\\main4500_ramp600_none_seed3_44ca55f8\\attempt_0001"", ""D:\\python_install\\py\\rl\\0325\\0325\\outputs\\stage_1\\formal_scans\\stage1_medium_formal_v1\\runs\\main4500_ramp600_none_seed4_44ca55f8\\attempt_0001""]",5,25.64151253638237,25.0646140663865,25.966879945114272,5,15.4,14.0,17.0,5,40.0,40.0,40.0,5,0.9120000000000001,0.9105882352941177,0.9136134453781513
medium,2340,5,"[""D:\\python_install\\py\\rl\\0325\\0325\\outputs\\stage_1\\formal_scans\\stage1_medium_formal_v1\\runs\\main4500_ramp600_none_seed0_44ca55f8\\attempt_0001"", ""D:\\python_install\\py\\rl\\0325\\0325\\outputs\\stage_1\\formal_scans\\stage1_medium_formal_v1\\runs\\main4500_ramp600_none_seed1_44ca55f8\\attempt_0002"", ""D:\\python_install\\py\\rl\\0325\\0325\\outputs\\stage_1\\formal_scans\\stage1_medium_formal_v1\\runs\\main4500_ramp600_none_seed2_44ca55f8\\attempt_0001"", ""D:\\python_install\\py\\rl\\0325\\0325\\outputs\\stage_1\\formal_scans\\stage1_medium_formal_v1\\runs\\main4500_ramp600_none_seed3_44ca55f8\\attempt_0001"", ""D:\\python_install\\py\\rl\\0325\\0325\\outputs\\stage_1\\formal_scans\\stage1_medium_formal_v1\\runs\\main4500_ramp600_none_seed4_44ca55f8\\attempt_0001""]",5,25.669311080278124,24.989268298566888,26.16182522297143,5,15.0,13.0,17.0,5,40.0,40.0,40.0,5,0.9115677825654623,0.9101756711965528,0.9131587669870732
medium,2370,5,"[""D:\\python_install\\py\\rl\\0325\\0325\\outputs\\stage_1\\formal_scans\\stage1_medium_formal_v1\\runs\\main4500_ramp600_none_seed0_44ca55f8\\attempt_0001"", ""D:\\python_install\\py\\rl\\0325\\0325\\outputs\\stage_1\\formal_scans\\stage1_medium_formal_v1\\runs\\main4500_ramp600_none_seed1_44ca55f8\\attempt_0002"", ""D:\\python_install\\py\\rl\\0325\\0325\\outputs\\stage_1\\formal_scans\\stage1_medium_formal_v1\\runs\\main4500_ramp600_none_seed2_44ca55f8\\attempt_0001"", ""D:\\python_install\\py\\rl\\0325\\0325\\outputs\\stage_1\\formal_scans\\stage1_medium_formal_v1\\runs\\main4500_ramp600_none_seed3_44ca55f8\\attempt_0001"", ""D:\\python_install\\py\\rl\\0325\\0325\\outputs\\stage_1\\formal_scans\\stage1_medium_formal_v1\\runs\\main4500_ramp600_none_seed4_44ca55f8\\attempt_0001""]",5,25.90837243590904,25.532815746582592,26.437365860494978,5,16.4,14.0,18.0,5,39.8,39.0,40.0,5,0.9111764705882353,0.9098039215686274,0.9127450980392157
medium,2400,5,"[""D:\\python_install\\py\\rl\\0325\\0325\\outputs\\stage_1\\formal_scans\\stage1_medium_formal_v1\\runs\\main4500_ramp600_none_seed0_44ca55f8\\attempt_0001"", ""D:\\python_install\\py\\rl\\0325\\0325\\outputs\\stage_1\\formal_scans\\stage1_medium_formal_v1\\runs\\main4500_ramp600_none_seed1_44ca55f8\\attempt_0002"", ""D:\\python_install\\py\\rl\\0325\\0325\\outputs\\stage_1\\formal_scans\\stage1_medium_formal_v1\\runs\\main4500_ramp600_none_seed2_44ca55f8\\attempt_0001"", ""D:\\python_install\\py\\rl\\0325\\0325\\outputs\\stage_1\\formal_scans\\stage1_medium_formal_v1\\runs\\main4500_ramp600_none_seed3_44ca55f8\\attempt_0001"", ""D:\\python_install\\py\\rl\\0325\\0325\\outputs\\stage_1\\formal_scans\\stage1_medium_formal_v1\\runs\\main4500_ramp600_none_seed4_44ca55f8\\attempt_0001""]",5,25.71263177972305,25.575389624933727,25.814102166501314,5,14.2,13.0,16.0,5,40.0,40.0,40.0,5,0.9108317214700193,0.9094132817537073,0.912314635718891
medium,2430,5,"[""D:\\python_install\\py\\rl\\0325\\0325\\outputs\\stage_1\\formal_scans\\stage1_medium_formal_v1\\runs\\main4500_ramp600_none_seed0_44ca55f8\\attempt_0001"", ""D:\\python_install\\py\\rl\\0325\\0325\\outputs\\stage_1\\formal_scans\\stage1_medium_formal_v1\\runs\\main4500_ramp600_none_seed1_44ca55f8\\attempt_0002"", ""D:\\python_install\\py\\rl\\0325\\0325\\outputs\\stage_1\\formal_scans\\stage1_medium_formal_v1\\runs\\main4500_ramp600_none_seed2_44ca55f8\\attempt_0001"", ""D:\\python_install\\py\\rl\\0325\\0325\\outputs\\stage_1\\formal_scans\\stage1_medium_formal_v1\\runs\\main4500_ramp600_none_seed3_44ca55f8\\attempt_0001"", ""D:\\python_install\\py\\rl\\0325\\0325\\outputs\\stage_1\\formal_scans\\stage1_medium_formal_v1\\runs\\main4500_ramp600_none_seed4_44ca55f8\\attempt_0001""]",5,25.994450510601798,25.677626386321624,26.449046528999705,5,13.8,11.0,18.0,5,40.0,40.0,40.0,5,0.9104372805617619,0.9090328758378551,0.9119055218640281
medium,2460,5,"[""D:\\python_install\\py\\rl\\0325\\0325\\outputs\\stage_1\\formal_scans\\stage1_medium_formal_v1\\runs\\main4500_ramp600_none_seed0_44ca55f8\\attempt_0001"", ""D:\\python_install\\py\\rl\\0325\\0325\\outputs\\stage_1\\formal_scans\\stage1_medium_formal_v1\\runs\\main4500_ramp600_none_seed1_44ca55f8\\attempt_0002"", ""D:\\python_install\\py\\rl\\0325\\0325\\outputs\\stage_1\\formal_scans\\stage1_medium_formal_v1\\runs\\main4500_ramp600_none_seed2_44ca55f8\\attempt_0001"", ""D:\\python_install\\py\\rl\\0325\\0325\\outputs\\stage_1\\formal_scans\\stage1_medium_formal_v1\\runs\\main4500_ramp600_none_seed3_44ca55f8\\attempt_0001"", ""D:\\python_install\\py\\rl\\0325\\0325\\outputs\\stage_1\\formal_scans\\stage1_medium_formal_v1\\runs\\main4500_ramp600_none_seed4_44ca55f8\\attempt_0001""]",5,26.18568716287482,25.40687991833735,26.80291586903204,5,15.0,13.0,19.0,5,40.0,40.0,40.0,5,0.9103099304237825,0.9089184060721063,0.9117647058823529
medium,2490,5,"[""D:\\python_install\\py\\rl\\0325\\0325\\outputs\\stage_1\\formal_scans\\stage1_medium_formal_v1\\runs\\main4500_ramp600_none_seed0_44ca55f8\\attempt_0001"", ""D:\\python_install\\py\\rl\\0325\\0325\\outputs\\stage_1\\formal_scans\\stage1_medium_formal_v1\\runs\\main4500_ramp600_none_seed1_44ca55f8\\attempt_0002"", ""D:\\python_install\\py\\rl\\0325\\0325\\outputs\\stage_1\\formal_scans\\stage1_medium_formal_v1\\runs\\main4500_ramp600_none_seed2_44ca55f8\\attempt_0001"", ""D:\\python_install\\py\\rl\\0325\\0325\\outputs\\stage_1\\formal_scans\\stage1_medium_formal_v1\\runs\\main4500_ramp600_none_seed3_44ca55f8\\attempt_0001"", ""D:\\python_install\\py\\rl\\0325\\0325\\outputs\\stage_1\\formal_scans\\stage1_medium_formal_v1\\runs\\main4500_ramp600_none_seed4_44ca55f8\\attempt_0001""]",5,26.263273546664077,26.155373793056505,26.455873914916356,5,17.8,15.0,22.0,5,40.0,40.0,40.0,5,0.9098997493734335,0.9085213032581454,0.9113408521303258
medium,2520,5,"[""D:\\python_install\\py\\rl\\0325\\0325\\outputs\\stage_1\\formal_scans\\stage1_medium_formal_v1\\runs\\main4500_ramp600_none_seed0_44ca55f8\\attempt_0001"", ""D:\\python_install\\py\\rl\\0325\\0325\\outputs\\stage_1\\formal_scans\\stage1_medium_formal_v1\\runs\\main4500_ramp600_none_seed1_44ca55f8\\attempt_0002"", ""D:\\python_install\\py\\rl\\0325\\0325\\outputs\\stage_1\\formal_scans\\stage1_medium_formal_v1\\runs\\main4500_ramp600_none_seed2_44ca55f8\\attempt_0001"", ""D:\\python_install\\py\\rl\\0325\\0325\\outputs\\stage_1\\formal_scans\\stage1_medium_formal_v1\\runs\\main4500_ramp600_none_seed3_44ca55f8\\attempt_0001"", ""D:\\python_install\\py\\rl\\0325\\0325\\outputs\\stage_1\\formal_scans\\stage1_medium_formal_v1\\runs\\main4500_ramp600_none_seed4_44ca55f8\\attempt_0001""]",5,26.417222030436484,25.596644857761767,26.920845523695608,5,16.0,14.0,17.0,5,39.8,39.0,40.0,5,0.9098075729360646,0.9084419615145872,0.9112352576039727
medium,2550,5,"[""D:\\python_install\\py\\rl\\0325\\0325\\outputs\\stage_1\\formal_scans\\stage1_medium_formal_v1\\runs\\main4500_ramp600_none_seed0_44ca55f8\\attempt_0001"", ""D:\\python_install\\py\\rl\\0325\\0325\\outputs\\stage_1\\formal_scans\\stage1_medium_formal_v1\\runs\\main4500_ramp600_none_seed1_44ca55f8\\attempt_0002"", ""D:\\python_install\\py\\rl\\0325\\0325\\outputs\\stage_1\\formal_scans\\stage1_medium_formal_v1\\runs\\main4500_ramp600_none_seed2_44ca55f8\\attempt_0001"", ""D:\\python_install\\py\\rl\\0325\\0325\\outputs\\stage_1\\formal_scans\\stage1_medium_formal_v1\\runs\\main4500_ramp600_none_seed3_44ca55f8\\attempt_0001"", ""D:\\python_install\\py\\rl\\0325\\0325\\outputs\\stage_1\\formal_scans\\stage1_medium_formal_v1\\runs\\main4500_ramp600_none_seed4_44ca55f8\\attempt_0001""]",5,26.771114729535032,26.2415253494874,27.56811902809366,5,15.8,15.0,17.0,5,40.0,40.0,40.0,5,0.9094710947109471,0.9080565805658056,0.9111316113161132
medium,2580,5,"[""D:\\python_install\\py\\rl\\0325\\0325\\outputs\\stage_1\\formal_scans\\stage1_medium_formal_v1\\runs\\main4500_ramp600_none_seed0_44ca55f8\\attempt_0001"", ""D:\\python_install\\py\\rl\\0325\\0325\\outputs\\stage_1\\formal_scans\\stage1_medium_formal_v1\\runs\\main4500_ramp600_none_seed1_44ca55f8\\attempt_0002"", ""D:\\python_install\\py\\rl\\0325\\0325\\outputs\\stage_1\\formal_scans\\stage1_medium_formal_v1\\runs\\main4500_ramp600_none_seed2_44ca55f8\\attempt_0001"", ""D:\\python_install\\py\\rl\\0325\\0325\\outputs\\stage_1\\formal_scans\\stage1_medium_formal_v1\\runs\\main4500_ramp600_none_seed3_44ca55f8\\attempt_0001"", ""D:\\python_install\\py\\rl\\0325\\0325\\outputs\\stage_1\\formal_scans\\stage1_medium_formal_v1\\runs\\main4500_ramp600_none_seed4_44ca55f8\\attempt_0001""]",5,26.915526126609212,26.58607000565611,27.709579548880004,5,14.4,12.0,18.0,5,40.0,40.0,40.0,5,0.909356903383115,0.9079548918012801,0.9110027430661384
medium,2610,5,"[""D:\\python_install\\py\\rl\\0325\\0325\\outputs\\stage_1\\formal_scans\\stage1_medium_formal_v1\\runs\\main4500_ramp600_none_seed0_44ca55f8\\attempt_0001"", ""D:\\python_install\\py\\rl\\0325\\0325\\outputs\\stage_1\\formal_scans\\stage1_medium_formal_v1\\runs\\main4500_ramp600_none_seed1_44ca55f8\\attempt_0002"", ""D:\\python_install\\py\\rl\\0325\\0325\\outputs\\stage_1\\formal_scans\\stage1_medium_formal_v1\\runs\\main4500_ramp600_none_seed2_44ca55f8\\attempt_0001"", ""D:\\python_install\\py\\rl\\0325\\0325\\outputs\\stage_1\\formal_scans\\stage1_medium_formal_v1\\runs\\main4500_ramp600_none_seed3_44ca55f8\\attempt_0001"", ""D:\\python_install\\py\\rl\\0325\\0325\\outputs\\stage_1\\formal_scans\\stage1_medium_formal_v1\\runs\\main4500_ramp600_none_seed4_44ca55f8\\attempt_0001""]",5,27.077223345557332,26.73773395121008,27.513328981322815,5,13.2,11.0,16.0,5,40.0,40.0,40.0,5,0.9089700996677742,0.9075807913017215,0.9106010268800967
medium,2640,5,"[""D:\\python_install\\py\\rl\\0325\\0325\\outputs\\stage_1\\formal_scans\\stage1_medium_formal_v1\\runs\\main4500_ramp600_none_seed0_44ca55f8\\attempt_0001"", ""D:\\python_install\\py\\rl\\0325\\0325\\outputs\\stage_1\\formal_scans\\stage1_medium_formal_v1\\runs\\main4500_ramp600_none_seed1_44ca55f8\\attempt_0002"", ""D:\\python_install\\py\\rl\\0325\\0325\\outputs\\stage_1\\formal_scans\\stage1_medium_formal_v1\\runs\\main4500_ramp600_none_seed2_44ca55f8\\attempt_0001"", ""D:\\python_install\\py\\rl\\0325\\0325\\outputs\\stage_1\\formal_scans\\stage1_medium_formal_v1\\runs\\main4500_ramp600_none_seed3_44ca55f8\\attempt_0001"", ""D:\\python_install\\py\\rl\\0325\\0325\\outputs\\stage_1\\formal_scans\\stage1_medium_formal_v1\\runs\\main4500_ramp600_none_seed4_44ca55f8\\attempt_0001""]",5,27.56283858429693,27.10623720240932,27.897694230555384,5,10.6,7.0,15.0,5,40.0,40.0,40.0,5,0.9088895540257408,0.9075127207422927,0.9105058365758755
medium,2670,5,"[""D:\\python_install\\py\\rl\\0325\\0325\\outputs\\stage_1\\formal_scans\\stage1_medium_formal_v1\\runs\\main4500_ramp600_none_seed0_44ca55f8\\attempt_0001"", ""D:\\python_install\\py\\rl\\0325\\0325\\outputs\\stage_1\\formal_scans\\stage1_medium_formal_v1\\runs\\main4500_ramp600_none_seed1_44ca55f8\\attempt_0002"", ""D:\\python_install\\py\\rl\\0325\\0325\\outputs\\stage_1\\formal_scans\\stage1_medium_formal_v1\\runs\\main4500_ramp600_none_seed2_44ca55f8\\attempt_0001"", ""D:\\python_install\\py\\rl\\0325\\0325\\outputs\\stage_1\\formal_scans\\stage1_medium_formal_v1\\runs\\main4500_ramp600_none_seed3_44ca55f8\\attempt_0001"", ""D:\\python_install\\py\\rl\\0325\\0325\\outputs\\stage_1\\formal_scans\\stage1_medium_formal_v1\\runs\\main4500_ramp600_none_seed4_44ca55f8\\attempt_0001""]",5,27.612087822218758,27.18380010880346,28.189897150778584,5,10.4,6.0,14.0,5,39.8,39.0,40.0,5,0.9085137941263721,0.9071492138831208,0.9101156926727973
medium,2700,5,"[""D:\\python_install\\py\\rl\\0325\\0325\\outputs\\stage_1\\formal_scans\\stage1_medium_formal_v1\\runs\\main4500_ramp600_none_seed0_44ca55f8\\attempt_0001"", ""D:\\python_install\\py\\rl\\0325\\0325\\outputs\\stage_1\\formal_scans\\stage1_medium_formal_v1\\runs\\main4500_ramp600_none_seed1_44ca55f8\\attempt_0002"", ""D:\\python_install\\py\\rl\\0325\\0325\\outputs\\stage_1\\formal_scans\\stage1_medium_formal_v1\\runs\\main4500_ramp600_none_seed2_44ca55f8\\attempt_0001"", ""D:\\python_install\\py\\rl\\0325\\0325\\outputs\\stage_1\\formal_scans\\stage1_medium_formal_v1\\runs\\main4500_ramp600_none_seed3_44ca55f8\\attempt_0001"", ""D:\\python_install\\py\\rl\\0325\\0325\\outputs\\stage_1\\formal_scans\\stage1_medium_formal_v1\\runs\\main4500_ramp600_none_seed4_44ca55f8\\attempt_0001""]",5,27.581828036298333,27.4002268777489,27.734378185210005,5,11.4,3.0,16.0,5,39.8,39.0,40.0,5,0.908470588235294,0.9073529411764706,0.91
medium,2730,5,"[""D:\\python_install\\py\\rl\\0325\\0325\\outputs\\stage_1\\formal_scans\\stage1_medium_formal_v1\\runs\\main4500_ramp600_none_seed0_44ca55f8\\attempt_0001"", ""D:\\python_install\\py\\rl\\0325\\0325\\outputs\\stage_1\\formal_scans\\stage1_medium_formal_v1\\runs\\main4500_ramp600_none_seed1_44ca55f8\\attempt_0002"", ""D:\\python_install\\py\\rl\\0325\\0325\\outputs\\stage_1\\formal_scans\\stage1_medium_formal_v1\\runs\\main4500_ramp600_none_seed2_44ca55f8\\attempt_0001"", ""D:\\python_install\\py\\rl\\0325\\0325\\outputs\\stage_1\\formal_scans\\stage1_medium_formal_v1\\runs\\main4500_ramp600_none_seed3_44ca55f8\\attempt_0001"", ""D:\\python_install\\py\\rl\\0325\\0325\\outputs\\stage_1\\formal_scans\\stage1_medium_formal_v1\\runs\\main4500_ramp600_none_seed4_44ca55f8\\attempt_0001""]",5,27.784578985396273,27.07936654763741,28.51234035512588,5,12.2,8.0,23.0,5,39.4,38.0,40.0,5,0.9081632653061223,0.9069970845481049,0.9096209912536443
medium,2760,5,"[""D:\\python_install\\py\\rl\\0325\\0325\\outputs\\stage_1\\formal_scans\\stage1_medium_formal_v1\\runs\\main4500_ramp600_none_seed0_44ca55f8\\attempt_0001"", ""D:\\python_install\\py\\rl\\0325\\0325\\outputs\\stage_1\\formal_scans\\stage1_medium_formal_v1\\runs\\main4500_ramp600_none_seed1_44ca55f8\\attempt_0002"", ""D:\\python_install\\py\\rl\\0325\\0325\\outputs\\stage_1\\formal_scans\\stage1_medium_formal_v1\\runs\\main4500_ramp600_none_seed2_44ca55f8\\attempt_0001"", ""D:\\python_install\\py\\rl\\0325\\0325\\outputs\\stage_1\\formal_scans\\stage1_medium_formal_v1\\runs\\main4500_ramp600_none_seed3_44ca55f8\\attempt_0001"", ""D:\\python_install\\py\\rl\\0325\\0325\\outputs\\stage_1\\formal_scans\\stage1_medium_formal_v1\\runs\\main4500_ramp600_none_seed4_44ca55f8\\attempt_0001""]",5,27.805189526454217,27.294028807085066,28.377558685985456,5,11.6,8.0,15.0,5,39.0,36.0,40.0,5,0.9082658959537572,0.9069364161849711,0.9095375722543353
medium,2790,5,"[""D:\\python_install\\py\\rl\\0325\\0325\\outputs\\stage_1\\formal_scans\\stage1_medium_formal_v1\\runs\\main4500_ramp600_none_seed0_44ca55f8\\attempt_0001"", ""D:\\python_install\\py\\rl\\0325\\0325\\outputs\\stage_1\\formal_scans\\stage1_medium_formal_v1\\runs\\main4500_ramp600_none_seed1_44ca55f8\\attempt_0002"", ""D:\\python_install\\py\\rl\\0325\\0325\\outputs\\stage_1\\formal_scans\\stage1_medium_formal_v1\\runs\\main4500_ramp600_none_seed2_44ca55f8\\attempt_0001"", ""D:\\python_install\\py\\rl\\0325\\0325\\outputs\\stage_1\\formal_scans\\stage1_medium_formal_v1\\runs\\main4500_ramp600_none_seed3_44ca55f8\\attempt_0001"", ""D:\\python_install\\py\\rl\\0325\\0325\\outputs\\stage_1\\formal_scans\\stage1_medium_formal_v1\\runs\\main4500_ramp600_none_seed4_44ca55f8\\attempt_0001""]",5,28.099807869473334,27.96556040545235,28.3412965428535,5,10.2,7.0,16.0,5,39.8,39.0,40.0,5,0.9081948424068769,0.9074498567335244,0.9094555873925502
medium,2820,5,"[""D:\\python_install\\py\\rl\\0325\\0325\\outputs\\stage_1\\formal_scans\\stage1_medium_formal_v1\\runs\\main4500_ramp600_none_seed0_44ca55f8\\attempt_0001"", ""D:\\python_install\\py\\rl\\0325\\0325\\outputs\\stage_1\\formal_scans\\stage1_medium_formal_v1\\runs\\main4500_ramp600_none_seed1_44ca55f8\\attempt_0002"", ""D:\\python_install\\py\\rl\\0325\\0325\\outputs\\stage_1\\formal_scans\\stage1_medium_formal_v1\\runs\\main4500_ramp600_none_seed2_44ca55f8\\attempt_0001"", ""D:\\python_install\\py\\rl\\0325\\0325\\outputs\\stage_1\\formal_scans\\stage1_medium_formal_v1\\runs\\main4500_ramp600_none_seed3_44ca55f8\\attempt_0001"", ""D:\\python_install\\py\\rl\\0325\\0325\\outputs\\stage_1\\formal_scans\\stage1_medium_formal_v1\\runs\\main4500_ramp600_none_seed4_44ca55f8\\attempt_0001""]",5,28.089248479549735,27.407060381765916,28.495952533569803,5,11.4,8.0,14.0,5,40.0,40.0,40.0,5,0.9081557260585393,0.9073600454674623,0.9093492469451548
medium,2850,5,"[""D:\\python_install\\py\\rl\\0325\\0325\\outputs\\stage_1\\formal_scans\\stage1_medium_formal_v1\\runs\\main4500_ramp600_none_seed0_44ca55f8\\attempt_0001"", ""D:\\python_install\\py\\rl\\0325\\0325\\outputs\\stage_1\\formal_scans\\stage1_medium_formal_v1\\runs\\main4500_ramp600_none_seed1_44ca55f8\\attempt_0002"", ""D:\\python_install\\py\\rl\\0325\\0325\\outputs\\stage_1\\formal_scans\\stage1_medium_formal_v1\\runs\\main4500_ramp600_none_seed2_44ca55f8\\attempt_0001"", ""D:\\python_install\\py\\rl\\0325\\0325\\outputs\\stage_1\\formal_scans\\stage1_medium_formal_v1\\runs\\main4500_ramp600_none_seed3_44ca55f8\\attempt_0001"", ""D:\\python_install\\py\\rl\\0325\\0325\\outputs\\stage_1\\formal_scans\\stage1_medium_formal_v1\\runs\\main4500_ramp600_none_seed4_44ca55f8\\attempt_0001""]",5,27.983486729853364,27.21219257462002,28.65648647737631,5,12.6,10.0,15.0,5,39.8,39.0,40.0,5,0.9078050154973232,0.9070160608622148,0.9089884474499859
medium,2880,5,"[""D:\\python_install\\py\\rl\\0325\\0325\\outputs\\stage_1\\formal_scans\\stage1_medium_formal_v1\\runs\\main4500_ramp600_none_seed0_44ca55f8\\attempt_0001"", ""D:\\python_install\\py\\rl\\0325\\0325\\outputs\\stage_1\\formal_scans\\stage1_medium_formal_v1\\runs\\main4500_ramp600_none_seed1_44ca55f8\\attempt_0002"", ""D:\\python_install\\py\\rl\\0325\\0325\\outputs\\stage_1\\formal_scans\\stage1_medium_formal_v1\\runs\\main4500_ramp600_none_seed2_44ca55f8\\attempt_0001"", ""D:\\python_install\\py\\rl\\0325\\0325\\outputs\\stage_1\\formal_scans\\stage1_medium_formal_v1\\runs\\main4500_ramp600_none_seed3_44ca55f8\\attempt_0001"", ""D:\\python_install\\py\\rl\\0325\\0325\\outputs\\stage_1\\formal_scans\\stage1_medium_formal_v1\\runs\\main4500_ramp600_none_seed4_44ca55f8\\attempt_0001""]",5,28.141344314613264,27.322530121139376,28.984152788381166,5,13.0,9.0,17.0,5,39.0,37.0,40.0,5,0.9077954735959765,0.9069572506286673,0.9089131042190556
medium,2910,5,"[""D:\\python_install\\py\\rl\\0325\\0325\\outputs\\stage_1\\formal_scans\\stage1_medium_formal_v1\\runs\\main4500_ramp600_none_seed0_44ca55f8\\attempt_0001"", ""D:\\python_install\\py\\rl\\0325\\0325\\outputs\\stage_1\\formal_scans\\stage1_medium_formal_v1\\runs\\main4500_ramp600_none_seed1_44ca55f8\\attempt_0002"", ""D:\\python_install\\py\\rl\\0325\\0325\\outputs\\stage_1\\formal_scans\\stage1_medium_formal_v1\\runs\\main4500_ramp600_none_seed2_44ca55f8\\attempt_0001"", ""D:\\python_install\\py\\rl\\0325\\0325\\outputs\\stage_1\\formal_scans\\stage1_medium_formal_v1\\runs\\main4500_ramp600_none_seed3_44ca55f8\\attempt_0001"", ""D:\\python_install\\py\\rl\\0325\\0325\\outputs\\stage_1\\formal_scans\\stage1_medium_formal_v1\\runs\\main4500_ramp600_none_seed4_44ca55f8\\attempt_0001""]",5,28.17114248350581,27.76261586855329,28.86589315168058,5,9.4,5.0,16.0,5,39.8,39.0,40.0,5,0.9076752563036852,0.9071765031864782,0.9088390135771682
medium,2940,5,"[""D:\\python_install\\py\\rl\\0325\\0325\\outputs\\stage_1\\formal_scans\\stage1_medium_formal_v1\\runs\\main4500_ramp600_none_seed0_44ca55f8\\attempt_0001"", ""D:\\python_install\\py\\rl\\0325\\0325\\outputs\\stage_1\\formal_scans\\stage1_medium_formal_v1\\runs\\main4500_ramp600_none_seed1_44ca55f8\\attempt_0002"", ""D:\\python_install\\py\\rl\\0325\\0325\\outputs\\stage_1\\formal_scans\\stage1_medium_formal_v1\\runs\\main4500_ramp600_none_seed2_44ca55f8\\attempt_0001"", ""D:\\python_install\\py\\rl\\0325\\0325\\outputs\\stage_1\\formal_scans\\stage1_medium_formal_v1\\runs\\main4500_ramp600_none_seed3_44ca55f8\\attempt_0001"", ""D:\\python_install\\py\\rl\\0325\\0325\\outputs\\stage_1\\formal_scans\\stage1_medium_formal_v1\\runs\\main4500_ramp600_none_seed4_44ca55f8\\attempt_0001""]",5,28.010947761539903,27.074295300814377,28.73482698951258,5,9.6,6.0,13.0,5,39.8,39.0,40.0,5,0.9076415612974161,0.9070918086860913,0.9087410665200659
medium,2970,5,"[""D:\\python_install\\py\\rl\\0325\\0325\\outputs\\stage_1\\formal_scans\\stage1_medium_formal_v1\\runs\\main4500_ramp600_none_seed0_44ca55f8\\attempt_0001"", ""D:\\python_install\\py\\rl\\0325\\0325\\outputs\\stage_1\\formal_scans\\stage1_medium_formal_v1\\runs\\main4500_ramp600_none_seed1_44ca55f8\\attempt_0002"", ""D:\\python_install\\py\\rl\\0325\\0325\\outputs\\stage_1\\formal_scans\\stage1_medium_formal_v1\\runs\\main4500_ramp600_none_seed2_44ca55f8\\attempt_0001"", ""D:\\python_install\\py\\rl\\0325\\0325\\outputs\\stage_1\\formal_scans\\stage1_medium_formal_v1\\runs\\main4500_ramp600_none_seed3_44ca55f8\\attempt_0001"", ""D:\\python_install\\py\\rl\\0325\\0325\\outputs\\stage_1\\formal_scans\\stage1_medium_formal_v1\\runs\\main4500_ramp600_none_seed4_44ca55f8\\attempt_0001""]",5,28.081728187521787,27.371912367184674,29.073731727814312,5,10.8,9.0,14.0,5,39.8,39.0,40.0,5,0.9073609596510359,0.9070338058887677,0.9083969465648855
medium,3000,5,"[""D:\\python_install\\py\\rl\\0325\\0325\\outputs\\stage_1\\formal_scans\\stage1_medium_formal_v1\\runs\\main4500_ramp600_none_seed0_44ca55f8\\attempt_0001"", ""D:\\python_install\\py\\rl\\0325\\0325\\outputs\\stage_1\\formal_scans\\stage1_medium_formal_v1\\runs\\main4500_ramp600_none_seed1_44ca55f8\\attempt_0002"", ""D:\\python_install\\py\\rl\\0325\\0325\\outputs\\stage_1\\formal_scans\\stage1_medium_formal_v1\\runs\\main4500_ramp600_none_seed2_44ca55f8\\attempt_0001"", ""D:\\python_install\\py\\rl\\0325\\0325\\outputs\\stage_1\\formal_scans\\stage1_medium_formal_v1\\runs\\main4500_ramp600_none_seed3_44ca55f8\\attempt_0001"", ""D:\\python_install\\py\\rl\\0325\\0325\\outputs\\stage_1\\formal_scans\\stage1_medium_formal_v1\\runs\\main4500_ramp600_none_seed4_44ca55f8\\attempt_0001""]",5,28.363707674873854,27.558267182556033,28.85857287451862,5,10.6,9.0,14.0,5,39.8,39.0,40.0,5,0.9073553272038939,0.9069767441860465,0.9085992428339643
medium,3030,5,"[""D:\\python_install\\py\\rl\\0325\\0325\\outputs\\stage_1\\formal_scans\\stage1_medium_formal_v1\\runs\\main4500_ramp600_none_seed0_44ca55f8\\attempt_0001"", ""D:\\python_install\\py\\rl\\0325\\0325\\outputs\\stage_1\\formal_scans\\stage1_medium_formal_v1\\runs\\main4500_ramp600_none_seed1_44ca55f8\\attempt_0002"", ""D:\\python_install\\py\\rl\\0325\\0325\\outputs\\stage_1\\formal_scans\\stage1_medium_formal_v1\\runs\\main4500_ramp600_none_seed2_44ca55f8\\attempt_0001"", ""D:\\python_install\\py\\rl\\0325\\0325\\outputs\\stage_1\\formal_scans\\stage1_medium_formal_v1\\runs\\main4500_ramp600_none_seed3_44ca55f8\\attempt_0001"", ""D:\\python_install\\py\\rl\\0325\\0325\\outputs\\stage_1\\formal_scans\\stage1_medium_formal_v1\\runs\\main4500_ramp600_none_seed4_44ca55f8\\attempt_0001""]",5,28.419522764058776,28.022530739591932,28.941029496720553,5,11.2,8.0,16.0,5,40.0,40.0,40.0,5,0.9070815450643777,0.9066523605150214,0.9082618025751072
medium,3060,5,"[""D:\\python_install\\py\\rl\\0325\\0325\\outputs\\stage_1\\formal_scans\\stage1_medium_formal_v1\\runs\\main4500_ramp600_none_seed0_44ca55f8\\attempt_0001"", ""D:\\python_install\\py\\rl\\0325\\0325\\outputs\\stage_1\\formal_scans\\stage1_medium_formal_v1\\runs\\main4500_ramp600_none_seed1_44ca55f8\\attempt_0002"", ""D:\\python_install\\py\\rl\\0325\\0325\\outputs\\stage_1\\formal_scans\\stage1_medium_formal_v1\\runs\\main4500_ramp600_none_seed2_44ca55f8\\attempt_0001"", ""D:\\python_install\\py\\rl\\0325\\0325\\outputs\\stage_1\\formal_scans\\stage1_medium_formal_v1\\runs\\main4500_ramp600_none_seed3_44ca55f8\\attempt_0001"", ""D:\\python_install\\py\\rl\\0325\\0325\\outputs\\stage_1\\formal_scans\\stage1_medium_formal_v1\\runs\\main4500_ramp600_none_seed4_44ca55f8\\attempt_0001""]",5,28.3803998322903,28.0679116610538,28.695997986629603,5,9.6,7.0,12.0,5,39.6,38.0,40.0,5,0.9070002661698163,0.9065743944636678,0.9081714133617248
medium,3090,5,"[""D:\\python_install\\py\\rl\\0325\\0325\\outputs\\stage_1\\formal_scans\\stage1_medium_formal_v1\\runs\\main4500_ramp600_none_seed0_44ca55f8\\attempt_0001"", ""D:\\python_install\\py\\rl\\0325\\0325\\outputs\\stage_1\\formal_scans\\stage1_medium_formal_v1\\runs\\main4500_ramp600_none_seed1_44ca55f8\\attempt_0002"", ""D:\\python_install\\py\\rl\\0325\\0325\\outputs\\stage_1\\formal_scans\\stage1_medium_formal_v1\\runs\\main4500_ramp600_none_seed2_44ca55f8\\attempt_0001"", ""D:\\python_install\\py\\rl\\0325\\0325\\outputs\\stage_1\\formal_scans\\stage1_medium_formal_v1\\runs\\main4500_ramp600_none_seed3_44ca55f8\\attempt_0001"", ""D:\\python_install\\py\\rl\\0325\\0325\\outputs\\stage_1\\formal_scans\\stage1_medium_formal_v1\\runs\\main4500_ramp600_none_seed4_44ca55f8\\attempt_0001""]",5,28.09599093143148,27.55057326751489,28.400918396802922,5,10.8,7.0,14.0,5,39.8,39.0,40.0,5,0.9067863744388699,0.9062582519144442,0.9078426194877212
medium,3120,5,"[""D:\\python_install\\py\\rl\\0325\\0325\\outputs\\stage_1\\formal_scans\\stage1_medium_formal_v1\\runs\\main4500_ramp600_none_seed0_44ca55f8\\attempt_0001"", ""D:\\python_install\\py\\rl\\0325\\0325\\outputs\\stage_1\\formal_scans\\stage1_medium_formal_v1\\runs\\main4500_ramp600_none_seed1_44ca55f8\\attempt_0002"", ""D:\\python_install\\py\\rl\\0325\\0325\\outputs\\stage_1\\formal_scans\\stage1_medium_formal_v1\\runs\\main4500_ramp600_none_seed2_44ca55f8\\attempt_0001"", ""D:\\python_install\\py\\rl\\0325\\0325\\outputs\\stage_1\\formal_scans\\stage1_medium_formal_v1\\runs\\main4500_ramp600_none_seed3_44ca55f8\\attempt_0001"", ""D:\\python_install\\py\\rl\\0325\\0325\\outputs\\stage_1\\formal_scans\\stage1_medium_formal_v1\\runs\\main4500_ramp600_none_seed4_44ca55f8\\attempt_0001""]",5,28.306133148562242,27.734654196293572,28.59856569473593,5,12.4,10.0,14.0,5,40.0,40.0,40.0,5,0.9067854335865864,0.9062090647105057,0.9077809798270894
medium,3150,5,"[""D:\\python_install\\py\\rl\\0325\\0325\\outputs\\stage_1\\formal_scans\\stage1_medium_formal_v1\\runs\\main4500_ramp600_none_seed0_44ca55f8\\attempt_0001"", ""D:\\python_install\\py\\rl\\0325\\0325\\outputs\\stage_1\\formal_scans\\stage1_medium_formal_v1\\runs\\main4500_ramp600_none_seed1_44ca55f8\\attempt_0002"", ""D:\\python_install\\py\\rl\\0325\\0325\\outputs\\stage_1\\formal_scans\\stage1_medium_formal_v1\\runs\\main4500_ramp600_none_seed2_44ca55f8\\attempt_0001"", ""D:\\python_install\\py\\rl\\0325\\0325\\outputs\\stage_1\\formal_scans\\stage1_medium_formal_v1\\runs\\main4500_ramp600_none_seed3_44ca55f8\\attempt_0001"", ""D:\\python_install\\py\\rl\\0325\\0325\\outputs\\stage_1\\formal_scans\\stage1_medium_formal_v1\\runs\\main4500_ramp600_none_seed4_44ca55f8\\attempt_0001""]",5,28.15993777479532,27.997015509498297,28.39638545145856,5,10.0,6.0,12.0,5,39.8,39.0,40.0,5,0.9064725760332728,0.905900701845594,0.9074603587210813
medium,3180,5,"[""D:\\python_install\\py\\rl\\0325\\0325\\outputs\\stage_1\\formal_scans\\stage1_medium_formal_v1\\runs\\main4500_ramp600_none_seed0_44ca55f8\\attempt_0001"", ""D:\\python_install\\py\\rl\\0325\\0325\\outputs\\stage_1\\formal_scans\\stage1_medium_formal_v1\\runs\\main4500_ramp600_none_seed1_44ca55f8\\attempt_0002"", ""D:\\python_install\\py\\rl\\0325\\0325\\outputs\\stage_1\\formal_scans\\stage1_medium_formal_v1\\runs\\main4500_ramp600_none_seed2_44ca55f8\\attempt_0001"", ""D:\\python_install\\py\\rl\\0325\\0325\\outputs\\stage_1\\formal_scans\\stage1_medium_formal_v1\\runs\\main4500_ramp600_none_seed3_44ca55f8\\attempt_0001"", ""D:\\python_install\\py\\rl\\0325\\0325\\outputs\\stage_1\\formal_scans\\stage1_medium_formal_v1\\runs\\main4500_ramp600_none_seed4_44ca55f8\\attempt_0001""]",5,27.813392482111567,27.600968261914193,28.096764232112253,5,11.2,7.0,16.0,5,39.8,39.0,40.0,5,0.9064499484004127,0.9060887512899897,0.9073787409700722
medium,3210,5,"[""D:\\python_install\\py\\rl\\0325\\0325\\outputs\\stage_1\\formal_scans\\stage1_medium_formal_v1\\runs\\main4500_ramp600_none_seed0_44ca55f8\\attempt_0001"", ""D:\\python_install\\py\\rl\\0325\\0325\\outputs\\stage_1\\formal_scans\\stage1_medium_formal_v1\\runs\\main4500_ramp600_none_seed1_44ca55f8\\attempt_0002"", ""D:\\python_install\\py\\rl\\0325\\0325\\outputs\\stage_1\\formal_scans\\stage1_medium_formal_v1\\runs\\main4500_ramp600_none_seed2_44ca55f8\\attempt_0001"", ""D:\\python_install\\py\\rl\\0325\\0325\\outputs\\stage_1\\formal_scans\\stage1_medium_formal_v1\\runs\\main4500_ramp600_none_seed3_44ca55f8\\attempt_0001"", ""D:\\python_install\\py\\rl\\0325\\0325\\outputs\\stage_1\\formal_scans\\stage1_medium_formal_v1\\runs\\main4500_ramp600_none_seed4_44ca55f8\\attempt_0001""]",5,28.082788348904508,27.982472962109394,28.297695959638,5,11.2,8.0,15.0,5,39.2,38.0,40.0,5,0.9061443932411674,0.9057859703020993,0.9070660522273426
medium,3240,5,"[""D:\\python_install\\py\\rl\\0325\\0325\\outputs\\stage_1\\formal_scans\\stage1_medium_formal_v1\\runs\\main4500_ramp600_none_seed0_44ca55f8\\attempt_0001"", ""D:\\python_install\\py\\rl\\0325\\0325\\outputs\\stage_1\\formal_scans\\stage1_medium_formal_v1\\runs\\main4500_ramp600_none_seed1_44ca55f8\\attempt_0002"", ""D:\\python_install\\py\\rl\\0325\\0325\\outputs\\stage_1\\formal_scans\\stage1_medium_formal_v1\\runs\\main4500_ramp600_none_seed2_44ca55f8\\attempt_0001"", ""D:\\python_install\\py\\rl\\0325\\0325\\outputs\\stage_1\\formal_scans\\stage1_medium_formal_v1\\runs\\main4500_ramp600_none_seed3_44ca55f8\\attempt_0001"", ""D:\\python_install\\py\\rl\\0325\\0325\\outputs\\stage_1\\formal_scans\\stage1_medium_formal_v1\\runs\\main4500_ramp600_none_seed4_44ca55f8\\attempt_0001""]",5,28.16028353661377,27.905491166248733,28.407732003670063,5,12.0,10.0,14.0,5,39.2,38.0,40.0,5,0.90625,0.9057418699186992,0.9070121951219512
medium,3270,5,"[""D:\\python_install\\py\\rl\\0325\\0325\\outputs\\stage_1\\formal_scans\\stage1_medium_formal_v1\\runs\\main4500_ramp600_none_seed0_44ca55f8\\attempt_0001"", ""D:\\python_install\\py\\rl\\0325\\0325\\outputs\\stage_1\\formal_scans\\stage1_medium_formal_v1\\runs\\main4500_ramp600_none_seed1_44ca55f8\\attempt_0002"", ""D:\\python_install\\py\\rl\\0325\\0325\\outputs\\stage_1\\formal_scans\\stage1_medium_formal_v1\\runs\\main4500_ramp600_none_seed2_44ca55f8\\attempt_0001"", ""D:\\python_install\\py\\rl\\0325\\0325\\outputs\\stage_1\\formal_scans\\stage1_medium_formal_v1\\runs\\main4500_ramp600_none_seed3_44ca55f8\\attempt_0001"", ""D:\\python_install\\py\\rl\\0325\\0325\\outputs\\stage_1\\formal_scans\\stage1_medium_formal_v1\\runs\\main4500_ramp600_none_seed4_44ca55f8\\attempt_0001""]",5,28.23820865491055,27.84492790379433,28.95246953898116,5,9.2,7.0,11.0,5,39.2,38.0,40.0,5,0.9061522945032777,0.9056984367120524,0.9072112960161371
medium,3300,5,"[""D:\\python_install\\py\\rl\\0325\\0325\\outputs\\stage_1\\formal_scans\\stage1_medium_formal_v1\\runs\\main4500_ramp600_none_seed0_44ca55f8\\attempt_0001"", ""D:\\python_install\\py\\rl\\0325\\0325\\outputs\\stage_1\\formal_scans\\stage1_medium_formal_v1\\runs\\main4500_ramp600_none_seed1_44ca55f8\\attempt_0002"", ""D:\\python_install\\py\\rl\\0325\\0325\\outputs\\stage_1\\formal_scans\\stage1_medium_formal_v1\\runs\\main4500_ramp600_none_seed2_44ca55f8\\attempt_0001"", ""D:\\python_install\\py\\rl\\0325\\0325\\outputs\\stage_1\\formal_scans\\stage1_medium_formal_v1\\runs\\main4500_ramp600_none_seed3_44ca55f8\\attempt_0001"", ""D:\\python_install\\py\\rl\\0325\\0325\\outputs\\stage_1\\formal_scans\\stage1_medium_formal_v1\\runs\\main4500_ramp600_none_seed4_44ca55f8\\attempt_0001""]",5,27.921382743696473,27.477083104092046,28.317370557226283,5,10.6,7.0,15.0,5,40.0,40.0,40.0,5,0.9062828535669587,0.9058823529411765,0.9073842302878599
medium,3330,5,"[""D:\\python_install\\py\\rl\\0325\\0325\\outputs\\stage_1\\formal_scans\\stage1_medium_formal_v1\\runs\\main4500_ramp600_none_seed0_44ca55f8\\attempt_0001"", ""D:\\python_install\\py\\rl\\0325\\0325\\outputs\\stage_1\\formal_scans\\stage1_medium_formal_v1\\runs\\main4500_ramp600_none_seed1_44ca55f8\\attempt_0002"", ""D:\\python_install\\py\\rl\\0325\\0325\\outputs\\stage_1\\formal_scans\\stage1_medium_formal_v1\\runs\\main4500_ramp600_none_seed2_44ca55f8\\attempt_0001"", ""D:\\python_install\\py\\rl\\0325\\0325\\outputs\\stage_1\\formal_scans\\stage1_medium_formal_v1\\runs\\main4500_ramp600_none_seed3_44ca55f8\\attempt_0001"", ""D:\\python_install\\py\\rl\\0325\\0325\\outputs\\stage_1\\formal_scans\\stage1_medium_formal_v1\\runs\\main4500_ramp600_none_seed4_44ca55f8\\attempt_0001""]",5,28.079187028847212,27.04154102845997,28.96047268539617,5,12.4,8.0,16.0,5,40.0,40.0,40.0,5,0.9059875776397515,0.9055900621118013,0.9070807453416149
medium,3360,5,"[""D:\\python_install\\py\\rl\\0325\\0325\\outputs\\stage_1\\formal_scans\\stage1_medium_formal_v1\\runs\\main4500_ramp600_none_seed0_44ca55f8\\attempt_0001"", ""D:\\python_install\\py\\rl\\0325\\0325\\outputs\\stage_1\\formal_scans\\stage1_medium_formal_v1\\runs\\main4500_ramp600_none_seed1_44ca55f8\\attempt_0002"", ""D:\\python_install\\py\\rl\\0325\\0325\\outputs\\stage_1\\formal_scans\\stage1_medium_formal_v1\\runs\\main4500_ramp600_none_seed2_44ca55f8\\attempt_0001"", ""D:\\python_install\\py\\rl\\0325\\0325\\outputs\\stage_1\\formal_scans\\stage1_medium_formal_v1\\runs\\main4500_ramp600_none_seed3_44ca55f8\\attempt_0001"", ""D:\\python_install\\py\\rl\\0325\\0325\\outputs\\stage_1\\formal_scans\\stage1_medium_formal_v1\\runs\\main4500_ramp600_none_seed4_44ca55f8\\attempt_0001""]",5,28.04677237616672,27.32314399396156,28.562729548916817,5,13.0,10.0,16.0,5,39.0,37.0,40.0,5,0.9059432799013564,0.9055487053020962,0.9070283600493219
medium,3390,5,"[""D:\\python_install\\py\\rl\\0325\\0325\\outputs\\stage_1\\formal_scans\\stage1_medium_formal_v1\\runs\\main4500_ramp600_none_seed0_44ca55f8\\attempt_0001"", ""D:\\python_install\\py\\rl\\0325\\0325\\outputs\\stage_1\\formal_scans\\stage1_medium_formal_v1\\runs\\main4500_ramp600_none_seed1_44ca55f8\\attempt_0002"", ""D:\\python_install\\py\\rl\\0325\\0325\\outputs\\stage_1\\formal_scans\\stage1_medium_formal_v1\\runs\\main4500_ramp600_none_seed2_44ca55f8\\attempt_0001"", ""D:\\python_install\\py\\rl\\0325\\0325\\outputs\\stage_1\\formal_scans\\stage1_medium_formal_v1\\runs\\main4500_ramp600_none_seed3_44ca55f8\\attempt_0001"", ""D:\\python_install\\py\\rl\\0325\\0325\\outputs\\stage_1\\formal_scans\\stage1_medium_formal_v1\\runs\\main4500_ramp600_none_seed4_44ca55f8\\attempt_0001""]",5,28.05513669218079,27.285524172895016,28.555316283650228,5,10.6,8.0,13.0,5,39.8,39.0,40.0,5,0.9058996328029376,0.9052631578947369,0.9072215422276622
medium,3420,5,"[""D:\\python_install\\py\\rl\\0325\\0325\\outputs\\stage_1\\formal_scans\\stage1_medium_formal_v1\\runs\\main4500_ramp600_none_seed0_44ca55f8\\attempt_0001"", ""D:\\python_install\\py\\rl\\0325\\0325\\outputs\\stage_1\\formal_scans\\stage1_medium_formal_v1\\runs\\main4500_ramp600_none_seed1_44ca55f8\\attempt_0002"", ""D:\\python_install\\py\\rl\\0325\\0325\\outputs\\stage_1\\formal_scans\\stage1_medium_formal_v1\\runs\\main4500_ramp600_none_seed2_44ca55f8\\attempt_0001"", ""D:\\python_install\\py\\rl\\0325\\0325\\outputs\\stage_1\\formal_scans\\stage1_medium_formal_v1\\runs\\main4500_ramp600_none_seed3_44ca55f8\\attempt_0001"", ""D:\\python_install\\py\\rl\\0325\\0325\\outputs\\stage_1\\formal_scans\\stage1_medium_formal_v1\\runs\\main4500_ramp600_none_seed4_44ca55f8\\attempt_0001""]",5,28.066469650999874,27.519927166498903,28.383329627121398,5,10.0,5.0,15.0,5,40.0,40.0,40.0,5,0.9058823529411765,0.9052017501215363,0.9073894020418085
medium,3450,5,"[""D:\\python_install\\py\\rl\\0325\\0325\\outputs\\stage_1\\formal_scans\\stage1_medium_formal_v1\\runs\\main4500_ramp600_none_seed0_44ca55f8\\attempt_0001"", ""D:\\python_install\\py\\rl\\0325\\0325\\outputs\\stage_1\\formal_scans\\stage1_medium_formal_v1\\runs\\main4500_ramp600_none_seed1_44ca55f8\\attempt_0002"", ""D:\\python_install\\py\\rl\\0325\\0325\\outputs\\stage_1\\formal_scans\\stage1_medium_formal_v1\\runs\\main4500_ramp600_none_seed2_44ca55f8\\attempt_0001"", ""D:\\python_install\\py\\rl\\0325\\0325\\outputs\\stage_1\\formal_scans\\stage1_medium_formal_v1\\runs\\main4500_ramp600_none_seed3_44ca55f8\\attempt_0001"", ""D:\\python_install\\py\\rl\\0325\\0325\\outputs\\stage_1\\formal_scans\\stage1_medium_formal_v1\\runs\\main4500_ramp600_none_seed4_44ca55f8\\attempt_0001""]",5,28.05319101727155,27.47122803944015,28.663102241826397,5,10.8,6.0,13.0,5,39.4,38.0,40.0,5,0.9055984555984556,0.9049227799227799,0.9070945945945946
medium,3480,5,"[""D:\\python_install\\py\\rl\\0325\\0325\\outputs\\stage_1\\formal_scans\\stage1_medium_formal_v1\\runs\\main4500_ramp600_none_seed0_44ca55f8\\attempt_0001"", ""D:\\python_install\\py\\rl\\0325\\0325\\outputs\\stage_1\\formal_scans\\stage1_medium_formal_v1\\runs\\main4500_ramp600_none_seed1_44ca55f8\\attempt_0002"", ""D:\\python_install\\py\\rl\\0325\\0325\\outputs\\stage_1\\formal_scans\\stage1_medium_formal_v1\\runs\\main4500_ramp600_none_seed2_44ca55f8\\attempt_0001"", ""D:\\python_install\\py\\rl\\0325\\0325\\outputs\\stage_1\\formal_scans\\stage1_medium_formal_v1\\runs\\main4500_ramp600_none_seed3_44ca55f8\\attempt_0001"", ""D:\\python_install\\py\\rl\\0325\\0325\\outputs\\stage_1\\formal_scans\\stage1_medium_formal_v1\\runs\\main4500_ramp600_none_seed4_44ca55f8\\attempt_0001""]",5,28.183852801508273,27.659570610502307,28.757663325089208,5,10.4,7.0,14.0,5,39.4,39.0,40.0,5,0.9057019645424054,0.9051269765213225,0.9070436032582655
medium,3510,5,"[""D:\\python_install\\py\\rl\\0325\\0325\\outputs\\stage_1\\formal_scans\\stage1_medium_formal_v1\\runs\\main4500_ramp600_none_seed0_44ca55f8\\attempt_0001"", ""D:\\python_install\\py\\rl\\0325\\0325\\outputs\\stage_1\\formal_scans\\stage1_medium_formal_v1\\runs\\main4500_ramp600_none_seed1_44ca55f8\\attempt_0002"", ""D:\\python_install\\py\\rl\\0325\\0325\\outputs\\stage_1\\formal_scans\\stage1_medium_formal_v1\\runs\\main4500_ramp600_none_seed2_44ca55f8\\attempt_0001"", ""D:\\python_install\\py\\rl\\0325\\0325\\outputs\\stage_1\\formal_scans\\stage1_medium_formal_v1\\runs\\main4500_ramp600_none_seed3_44ca55f8\\attempt_0001"", ""D:\\python_install\\py\\rl\\0325\\0325\\outputs\\stage_1\\formal_scans\\stage1_medium_formal_v1\\runs\\main4500_ramp600_none_seed4_44ca55f8\\attempt_0001""]",5,27.97183705538841,27.538823155698505,28.527809423404495,5,11.4,9.0,15.0,5,39.6,39.0,40.0,5,0.9055661274976213,0.9048525214081827,0.9069933396764985
medium,3540,5,"[""D:\\python_install\\py\\rl\\0325\\0325\\outputs\\stage_1\\formal_scans\\stage1_medium_formal_v1\\runs\\main4500_ramp600_none_seed0_44ca55f8\\attempt_0001"", ""D:\\python_install\\py\\rl\\0325\\0325\\outputs\\stage_1\\formal_scans\\stage1_medium_formal_v1\\runs\\main4500_ramp600_none_seed1_44ca55f8\\attempt_0002"", ""D:\\python_install\\py\\rl\\0325\\0325\\outputs\\stage_1\\formal_scans\\stage1_medium_formal_v1\\runs\\main4500_ramp600_none_seed2_44ca55f8\\attempt_0001"", ""D:\\python_install\\py\\rl\\0325\\0325\\outputs\\stage_1\\formal_scans\\stage1_medium_formal_v1\\runs\\main4500_ramp600_none_seed3_44ca55f8\\attempt_0001"", ""D:\\python_install\\py\\rl\\0325\\0325\\outputs\\stage_1\\formal_scans\\stage1_medium_formal_v1\\runs\\main4500_ramp600_none_seed4_44ca55f8\\attempt_0001""]",5,27.93470084931905,26.925608317266494,28.463553431500383,5,10.0,4.0,14.0,5,39.6,38.0,40.0,5,0.905598866052445,0.9047956532010395,0.906921804866525
medium,3570,5,"[""D:\\python_install\\py\\rl\\0325\\0325\\outputs\\stage_1\\formal_scans\\stage1_medium_formal_v1\\runs\\main4500_ramp600_none_seed0_44ca55f8\\attempt_0001"", ""D:\\python_install\\py\\rl\\0325\\0325\\outputs\\stage_1\\formal_scans\\stage1_medium_formal_v1\\runs\\main4500_ramp600_none_seed1_44ca55f8\\attempt_0002"", ""D:\\python_install\\py\\rl\\0325\\0325\\outputs\\stage_1\\formal_scans\\stage1_medium_formal_v1\\runs\\main4500_ramp600_none_seed2_44ca55f8\\attempt_0001"", ""D:\\python_install\\py\\rl\\0325\\0325\\outputs\\stage_1\\formal_scans\\stage1_medium_formal_v1\\runs\\main4500_ramp600_none_seed3_44ca55f8\\attempt_0001"", ""D:\\python_install\\py\\rl\\0325\\0325\\outputs\\stage_1\\formal_scans\\stage1_medium_formal_v1\\runs\\main4500_ramp600_none_seed4_44ca55f8\\attempt_0001""]",5,28.073735865054033,27.202220463201076,28.58062460902107,5,11.2,9.0,14.0,5,39.6,38.0,40.0,5,0.9053718038939713,0.9045273281726484,0.9066385174759559
medium,3600,5,"[""D:\\python_install\\py\\rl\\0325\\0325\\outputs\\stage_1\\formal_scans\\stage1_medium_formal_v1\\runs\\main4500_ramp600_none_seed0_44ca55f8\\attempt_0001"", ""D:\\python_install\\py\\rl\\0325\\0325\\outputs\\stage_1\\formal_scans\\stage1_medium_formal_v1\\runs\\main4500_ramp600_none_seed1_44ca55f8\\attempt_0002"", ""D:\\python_install\\py\\rl\\0325\\0325\\outputs\\stage_1\\formal_scans\\stage1_medium_formal_v1\\runs\\main4500_ramp600_none_seed2_44ca55f8\\attempt_0001"", ""D:\\python_install\\py\\rl\\0325\\0325\\outputs\\stage_1\\formal_scans\\stage1_medium_formal_v1\\runs\\main4500_ramp600_none_seed3_44ca55f8\\attempt_0001"", ""D:\\python_install\\py\\rl\\0325\\0325\\outputs\\stage_1\\formal_scans\\stage1_medium_formal_v1\\runs\\main4500_ramp600_none_seed4_44ca55f8\\attempt_0001""]",5,27.978138399241534,27.22601010296737,28.447396663941156,5,11.0,9.0,15.0,5,40.0,40.0,40.0,5,0.9054054054054055,0.9044734389561976,0.9065703634669152
high,30,5,"[""D:\\python_install\\py\\rl\\0325\\0325\\outputs\\stage_1\\formal_scans\\stage1_high_formal_v1\\runs\\main6000_ramp1200_none_seed0_51399fbd\\attempt_0001"", ""D:\\python_install\\py\\rl\\0325\\0325\\outputs\\stage_1\\formal_scans\\stage1_high_formal_v1\\runs\\main6000_ramp1200_none_seed1_51399fbd\\attempt_0001"", ""D:\\python_install\\py\\rl\\0325\\0325\\outputs\\stage_1\\formal_scans\\stage1_high_formal_v1\\runs\\main6000_ramp1200_none_seed2_51399fbd\\attempt_0001"", ""D:\\python_install\\py\\rl\\0325\\0325\\outputs\\stage_1\\formal_scans\\stage1_high_formal_v1\\runs\\main6000_ramp1200_none_seed3_51399fbd\\attempt_0001"", ""D:\\python_install\\py\\rl\\0325\\0325\\outputs\\stage_1\\formal_scans\\stage1_high_formal_v1\\runs\\main6000_ramp1200_none_seed4_51399fbd\\attempt_0001""]",5,29.623982346871475,28.391648468488718,30.474153750200106,5,0.0,0.0,0.0,5,4.0,4.0,4.0,5,1.0,1.0,1.0
high,60,5,"[""D:\\python_install\\py\\rl\\0325\\0325\\outputs\\stage_1\\formal_scans\\stage1_high_formal_v1\\runs\\main6000_ramp1200_none_seed0_51399fbd\\attempt_0001"", ""D:\\python_install\\py\\rl\\0325\\0325\\outputs\\stage_1\\formal_scans\\stage1_high_formal_v1\\runs\\main6000_ramp1200_none_seed1_51399fbd\\attempt_0001"", ""D:\\python_install\\py\\rl\\0325\\0325\\outputs\\stage_1\\formal_scans\\stage1_high_formal_v1\\runs\\main6000_ramp1200_none_seed2_51399fbd\\attempt_0001"", ""D:\\python_install\\py\\rl\\0325\\0325\\outputs\\stage_1\\formal_scans\\stage1_high_formal_v1\\runs\\main6000_ramp1200_none_seed3_51399fbd\\attempt_0001"", ""D:\\python_install\\py\\rl\\0325\\0325\\outputs\\stage_1\\formal_scans\\stage1_high_formal_v1\\runs\\main6000_ramp1200_none_seed4_51399fbd\\attempt_0001""]",5,28.437886579050662,27.217456738698818,29.182525604747003,5,0.0,0.0,0.0,5,4.2,4.0,5.0,5,1.0,1.0,1.0
high,90,5,"[""D:\\python_install\\py\\rl\\0325\\0325\\outputs\\stage_1\\formal_scans\\stage1_high_formal_v1\\runs\\main6000_ramp1200_none_seed0_51399fbd\\attempt_0001"", ""D:\\python_install\\py\\rl\\0325\\0325\\outputs\\stage_1\\formal_scans\\stage1_high_formal_v1\\runs\\main6000_ramp1200_none_seed1_51399fbd\\attempt_0001"", ""D:\\python_install\\py\\rl\\0325\\0325\\outputs\\stage_1\\formal_scans\\stage1_high_formal_v1\\runs\\main6000_ramp1200_none_seed2_51399fbd\\attempt_0001"", ""D:\\python_install\\py\\rl\\0325\\0325\\outputs\\stage_1\\formal_scans\\stage1_high_formal_v1\\runs\\main6000_ramp1200_none_seed3_51399fbd\\attempt_0001"", ""D:\\python_install\\py\\rl\\0325\\0325\\outputs\\stage_1\\formal_scans\\stage1_high_formal_v1\\runs\\main6000_ramp1200_none_seed4_51399fbd\\attempt_0001""]",5,28.10178464971947,27.288181004145063,28.59218203979737,5,0.0,0.0,0.0,5,4.0,4.0,4.0,5,1.0,1.0,1.0
high,120,5,"[""D:\\python_install\\py\\rl\\0325\\0325\\outputs\\stage_1\\formal_scans\\stage1_high_formal_v1\\runs\\main6000_ramp1200_none_seed0_51399fbd\\attempt_0001"", ""D:\\python_install\\py\\rl\\0325\\0325\\outputs\\stage_1\\formal_scans\\stage1_high_formal_v1\\runs\\main6000_ramp1200_none_seed1_51399fbd\\attempt_0001"", ""D:\\python_install\\py\\rl\\0325\\0325\\outputs\\stage_1\\formal_scans\\stage1_high_formal_v1\\runs\\main6000_ramp1200_none_seed2_51399fbd\\attempt_0001"", ""D:\\python_install\\py\\rl\\0325\\0325\\outputs\\stage_1\\formal_scans\\stage1_high_formal_v1\\runs\\main6000_ramp1200_none_seed3_51399fbd\\attempt_0001"", ""D:\\python_install\\py\\rl\\0325\\0325\\outputs\\stage_1\\formal_scans\\stage1_high_formal_v1\\runs\\main6000_ramp1200_none_seed4_51399fbd\\attempt_0001""]",5,28.16803603692129,27.54584406933175,28.891893336153103,5,0.0,0.0,0.0,5,4.0,4.0,4.0,5,1.0,1.0,1.0
high,150,5,"[""D:\\python_install\\py\\rl\\0325\\0325\\outputs\\stage_1\\formal_scans\\stage1_high_formal_v1\\runs\\main6000_ramp1200_none_seed0_51399fbd\\attempt_0001"", ""D:\\python_install\\py\\rl\\0325\\0325\\outputs\\stage_1\\formal_scans\\stage1_high_formal_v1\\runs\\main6000_ramp1200_none_seed1_51399fbd\\attempt_0001"", ""D:\\python_install\\py\\rl\\0325\\0325\\outputs\\stage_1\\formal_scans\\stage1_high_formal_v1\\runs\\main6000_ramp1200_none_seed2_51399fbd\\attempt_0001"", ""D:\\python_install\\py\\rl\\0325\\0325\\outputs\\stage_1\\formal_scans\\stage1_high_formal_v1\\runs\\main6000_ramp1200_none_seed3_51399fbd\\attempt_0001"", ""D:\\python_install\\py\\rl\\0325\\0325\\outputs\\stage_1\\formal_scans\\stage1_high_formal_v1\\runs\\main6000_ramp1200_none_seed4_51399fbd\\attempt_0001""]",5,28.394507729399464,28.137651942135538,28.850076619151,5,5.6,4.0,7.0,5,4.0,4.0,4.0,5,1.0,1.0,1.0
high,180,5,"[""D:\\python_install\\py\\rl\\0325\\0325\\outputs\\stage_1\\formal_scans\\stage1_high_formal_v1\\runs\\main6000_ramp1200_none_seed0_51399fbd\\attempt_0001"", ""D:\\python_install\\py\\rl\\0325\\0325\\outputs\\stage_1\\formal_scans\\stage1_high_formal_v1\\runs\\main6000_ramp1200_none_seed1_51399fbd\\attempt_0001"", ""D:\\python_install\\py\\rl\\0325\\0325\\outputs\\stage_1\\formal_scans\\stage1_high_formal_v1\\runs\\main6000_ramp1200_none_seed2_51399fbd\\attempt_0001"", ""D:\\python_install\\py\\rl\\0325\\0325\\outputs\\stage_1\\formal_scans\\stage1_high_formal_v1\\runs\\main6000_ramp1200_none_seed3_51399fbd\\attempt_0001"", ""D:\\python_install\\py\\rl\\0325\\0325\\outputs\\stage_1\\formal_scans\\stage1_high_formal_v1\\runs\\main6000_ramp1200_none_seed4_51399fbd\\attempt_0001""]",5,27.678950342246928,27.369770950184247,28.02329296392559,5,8.8,6.0,12.0,5,4.0,4.0,4.0,5,1.0,1.0,1.0
high,210,5,"[""D:\\python_install\\py\\rl\\0325\\0325\\outputs\\stage_1\\formal_scans\\stage1_high_formal_v1\\runs\\main6000_ramp1200_none_seed0_51399fbd\\attempt_0001"", ""D:\\python_install\\py\\rl\\0325\\0325\\outputs\\stage_1\\formal_scans\\stage1_high_formal_v1\\runs\\main6000_ramp1200_none_seed1_51399fbd\\attempt_0001"", ""D:\\python_install\\py\\rl\\0325\\0325\\outputs\\stage_1\\formal_scans\\stage1_high_formal_v1\\runs\\main6000_ramp1200_none_seed2_51399fbd\\attempt_0001"", ""D:\\python_install\\py\\rl\\0325\\0325\\outputs\\stage_1\\formal_scans\\stage1_high_formal_v1\\runs\\main6000_ramp1200_none_seed3_51399fbd\\attempt_0001"", ""D:\\python_install\\py\\rl\\0325\\0325\\outputs\\stage_1\\formal_scans\\stage1_high_formal_v1\\runs\\main6000_ramp1200_none_seed4_51399fbd\\attempt_0001""]",5,27.45202784928739,27.082695734741687,27.768778080838583,5,11.8,9.0,16.0,5,4.0,4.0,4.0,5,1.0,1.0,1.0
high,240,5,"[""D:\\python_install\\py\\rl\\0325\\0325\\outputs\\stage_1\\formal_scans\\stage1_high_formal_v1\\runs\\main6000_ramp1200_none_seed0_51399fbd\\attempt_0001"", ""D:\\python_install\\py\\rl\\0325\\0325\\outputs\\stage_1\\formal_scans\\stage1_high_formal_v1\\runs\\main6000_ramp1200_none_seed1_51399fbd\\attempt_0001"", ""D:\\python_install\\py\\rl\\0325\\0325\\outputs\\stage_1\\formal_scans\\stage1_high_formal_v1\\runs\\main6000_ramp1200_none_seed2_51399fbd\\attempt_0001"", ""D:\\python_install\\py\\rl\\0325\\0325\\outputs\\stage_1\\formal_scans\\stage1_high_formal_v1\\runs\\main6000_ramp1200_none_seed3_51399fbd\\attempt_0001"", ""D:\\python_install\\py\\rl\\0325\\0325\\outputs\\stage_1\\formal_scans\\stage1_high_formal_v1\\runs\\main6000_ramp1200_none_seed4_51399fbd\\attempt_0001""]",5,27.0351063570725,26.417940358302886,27.5597728876774,5,13.0,12.0,16.0,5,4.6,4.0,5.0,5,1.0,1.0,1.0
high,270,5,"[""D:\\python_install\\py\\rl\\0325\\0325\\outputs\\stage_1\\formal_scans\\stage1_high_formal_v1\\runs\\main6000_ramp1200_none_seed0_51399fbd\\attempt_0001"", ""D:\\python_install\\py\\rl\\0325\\0325\\outputs\\stage_1\\formal_scans\\stage1_high_formal_v1\\runs\\main6000_ramp1200_none_seed1_51399fbd\\attempt_0001"", ""D:\\python_install\\py\\rl\\0325\\0325\\outputs\\stage_1\\formal_scans\\stage1_high_formal_v1\\runs\\main6000_ramp1200_none_seed2_51399fbd\\attempt_0001"", ""D:\\python_install\\py\\rl\\0325\\0325\\outputs\\stage_1\\formal_scans\\stage1_high_formal_v1\\runs\\main6000_ramp1200_none_seed3_51399fbd\\attempt_0001"", ""D:\\python_install\\py\\rl\\0325\\0325\\outputs\\stage_1\\formal_scans\\stage1_high_formal_v1\\runs\\main6000_ramp1200_none_seed4_51399fbd\\attempt_0001""]",5,26.923456460783978,26.69462755211341,27.22424022273764,5,12.8,11.0,16.0,5,10.6,10.0,11.0,5,1.0,1.0,1.0
high,300,5,"[""D:\\python_install\\py\\rl\\0325\\0325\\outputs\\stage_1\\formal_scans\\stage1_high_formal_v1\\runs\\main6000_ramp1200_none_seed0_51399fbd\\attempt_0001"", ""D:\\python_install\\py\\rl\\0325\\0325\\outputs\\stage_1\\formal_scans\\stage1_high_formal_v1\\runs\\main6000_ramp1200_none_seed1_51399fbd\\attempt_0001"", ""D:\\python_install\\py\\rl\\0325\\0325\\outputs\\stage_1\\formal_scans\\stage1_high_formal_v1\\runs\\main6000_ramp1200_none_seed2_51399fbd\\attempt_0001"", ""D:\\python_install\\py\\rl\\0325\\0325\\outputs\\stage_1\\formal_scans\\stage1_high_formal_v1\\runs\\main6000_ramp1200_none_seed3_51399fbd\\attempt_0001"", ""D:\\python_install\\py\\rl\\0325\\0325\\outputs\\stage_1\\formal_scans\\stage1_high_formal_v1\\runs\\main6000_ramp1200_none_seed4_51399fbd\\attempt_0001""]",5,26.85760580984074,26.541887399089838,27.04562093150715,5,13.6,11.0,17.0,5,16.6,16.0,17.0,5,1.0,1.0,1.0
high,330,5,"[""D:\\python_install\\py\\rl\\0325\\0325\\outputs\\stage_1\\formal_scans\\stage1_high_formal_v1\\runs\\main6000_ramp1200_none_seed0_51399fbd\\attempt_0001"", ""D:\\python_install\\py\\rl\\0325\\0325\\outputs\\stage_1\\formal_scans\\stage1_high_formal_v1\\runs\\main6000_ramp1200_none_seed1_51399fbd\\attempt_0001"", ""D:\\python_install\\py\\rl\\0325\\0325\\outputs\\stage_1\\formal_scans\\stage1_high_formal_v1\\runs\\main6000_ramp1200_none_seed2_51399fbd\\attempt_0001"", ""D:\\python_install\\py\\rl\\0325\\0325\\outputs\\stage_1\\formal_scans\\stage1_high_formal_v1\\runs\\main6000_ramp1200_none_seed3_51399fbd\\attempt_0001"", ""D:\\python_install\\py\\rl\\0325\\0325\\outputs\\stage_1\\formal_scans\\stage1_high_formal_v1\\runs\\main6000_ramp1200_none_seed4_51399fbd\\attempt_0001""]",5,27.065877517234316,26.84323558920755,27.241613160623913,5,14.0,13.0,17.0,5,23.6,23.0,24.0,5,1.0,1.0,1.0
high,360,5,"[""D:\\python_install\\py\\rl\\0325\\0325\\outputs\\stage_1\\formal_scans\\stage1_high_formal_v1\\runs\\main6000_ramp1200_none_seed0_51399fbd\\attempt_0001"", ""D:\\python_install\\py\\rl\\0325\\0325\\outputs\\stage_1\\formal_scans\\stage1_high_formal_v1\\runs\\main6000_ramp1200_none_seed1_51399fbd\\attempt_0001"", ""D:\\python_install\\py\\rl\\0325\\0325\\outputs\\stage_1\\formal_scans\\stage1_high_formal_v1\\runs\\main6000_ramp1200_none_seed2_51399fbd\\attempt_0001"", ""D:\\python_install\\py\\rl\\0325\\0325\\outputs\\stage_1\\formal_scans\\stage1_high_formal_v1\\runs\\main6000_ramp1200_none_seed3_51399fbd\\attempt_0001"", ""D:\\python_install\\py\\rl\\0325\\0325\\outputs\\stage_1\\formal_scans\\stage1_high_formal_v1\\runs\\main6000_ramp1200_none_seed4_51399fbd\\attempt_0001""]",5,27.050475541736027,26.571024175023513,27.549081798258133,5,12.8,10.0,15.0,5,29.6,29.0,30.0,5,1.0,1.0,1.0
high,390,5,"[""D:\\python_install\\py\\rl\\0325\\0325\\outputs\\stage_1\\formal_scans\\stage1_high_formal_v1\\runs\\main6000_ramp1200_none_seed0_51399fbd\\attempt_0001"", ""D:\\python_install\\py\\rl\\0325\\0325\\outputs\\stage_1\\formal_scans\\stage1_high_formal_v1\\runs\\main6000_ramp1200_none_seed1_51399fbd\\attempt_0001"", ""D:\\python_install\\py\\rl\\0325\\0325\\outputs\\stage_1\\formal_scans\\stage1_high_formal_v1\\runs\\main6000_ramp1200_none_seed2_51399fbd\\attempt_0001"", ""D:\\python_install\\py\\rl\\0325\\0325\\outputs\\stage_1\\formal_scans\\stage1_high_formal_v1\\runs\\main6000_ramp1200_none_seed3_51399fbd\\attempt_0001"", ""D:\\python_install\\py\\rl\\0325\\0325\\outputs\\stage_1\\formal_scans\\stage1_high_formal_v1\\runs\\main6000_ramp1200_none_seed4_51399fbd\\attempt_0001""]",5,27.01692320645131,26.365931608378844,27.45325338986805,5,13.6,10.0,16.0,5,36.4,35.0,37.0,5,1.0,1.0,1.0
high,420,5,"[""D:\\python_install\\py\\rl\\0325\\0325\\outputs\\stage_1\\formal_scans\\stage1_high_formal_v1\\runs\\main6000_ramp1200_none_seed0_51399fbd\\attempt_0001"", ""D:\\python_install\\py\\rl\\0325\\0325\\outputs\\stage_1\\formal_scans\\stage1_high_formal_v1\\runs\\main6000_ramp1200_none_seed1_51399fbd\\attempt_0001"", ""D:\\python_install\\py\\rl\\0325\\0325\\outputs\\stage_1\\formal_scans\\stage1_high_formal_v1\\runs\\main6000_ramp1200_none_seed2_51399fbd\\attempt_0001"", ""D:\\python_install\\py\\rl\\0325\\0325\\outputs\\stage_1\\formal_scans\\stage1_high_formal_v1\\runs\\main6000_ramp1200_none_seed3_51399fbd\\attempt_0001"", ""D:\\python_install\\py\\rl\\0325\\0325\\outputs\\stage_1\\formal_scans\\stage1_high_formal_v1\\runs\\main6000_ramp1200_none_seed4_51399fbd\\attempt_0001""]",5,26.807625574462612,26.471991353706194,27.267690605733378,5,15.4,12.0,17.0,5,39.8,39.0,40.0,5,0.9952293577981651,0.9944954128440368,0.9963302752293578
high,450,5,"[""D:\\python_install\\py\\rl\\0325\\0325\\outputs\\stage_1\\formal_scans\\stage1_high_formal_v1\\runs\\main6000_ramp1200_none_seed0_51399fbd\\attempt_0001"", ""D:\\python_install\\py\\rl\\0325\\0325\\outputs\\stage_1\\formal_scans\\stage1_high_formal_v1\\runs\\main6000_ramp1200_none_seed1_51399fbd\\attempt_0001"", ""D:\\python_install\\py\\rl\\0325\\0325\\outputs\\stage_1\\formal_scans\\stage1_high_formal_v1\\runs\\main6000_ramp1200_none_seed2_51399fbd\\attempt_0001"", ""D:\\python_install\\py\\rl\\0325\\0325\\outputs\\stage_1\\formal_scans\\stage1_high_formal_v1\\runs\\main6000_ramp1200_none_seed3_51399fbd\\attempt_0001"", ""D:\\python_install\\py\\rl\\0325\\0325\\outputs\\stage_1\\formal_scans\\stage1_high_formal_v1\\runs\\main6000_ramp1200_none_seed4_51399fbd\\attempt_0001""]",5,26.87414391455141,26.53582793999444,27.44882327155828,5,14.4,12.0,18.0,5,39.8,39.0,40.0,5,0.983931623931624,0.9829059829059829,0.9863247863247864
high,480,5,"[""D:\\python_install\\py\\rl\\0325\\0325\\outputs\\stage_1\\formal_scans\\stage1_high_formal_v1\\runs\\main6000_ramp1200_none_seed0_51399fbd\\attempt_0001"", ""D:\\python_install\\py\\rl\\0325\\0325\\outputs\\stage_1\\formal_scans\\stage1_high_formal_v1\\runs\\main6000_ramp1200_none_seed1_51399fbd\\attempt_0001"", ""D:\\python_install\\py\\rl\\0325\\0325\\outputs\\stage_1\\formal_scans\\stage1_high_formal_v1\\runs\\main6000_ramp1200_none_seed2_51399fbd\\attempt_0001"", ""D:\\python_install\\py\\rl\\0325\\0325\\outputs\\stage_1\\formal_scans\\stage1_high_formal_v1\\runs\\main6000_ramp1200_none_seed3_51399fbd\\attempt_0001"", ""D:\\python_install\\py\\rl\\0325\\0325\\outputs\\stage_1\\formal_scans\\stage1_high_formal_v1\\runs\\main6000_ramp1200_none_seed4_51399fbd\\attempt_0001""]",5,26.931119479574562,26.529956988038528,27.26718918823854,5,13.6,11.0,16.0,5,39.8,39.0,40.0,5,0.9756019261637239,0.9743178170144462,0.9775280898876404
high,510,5,"[""D:\\python_install\\py\\rl\\0325\\0325\\outputs\\stage_1\\formal_scans\\stage1_high_formal_v1\\runs\\main6000_ramp1200_none_seed0_51399fbd\\attempt_0001"", ""D:\\python_install\\py\\rl\\0325\\0325\\outputs\\stage_1\\formal_scans\\stage1_high_formal_v1\\runs\\main6000_ramp1200_none_seed1_51399fbd\\attempt_0001"", ""D:\\python_install\\py\\rl\\0325\\0325\\outputs\\stage_1\\formal_scans\\stage1_high_formal_v1\\runs\\main6000_ramp1200_none_seed2_51399fbd\\attempt_0001"", ""D:\\python_install\\py\\rl\\0325\\0325\\outputs\\stage_1\\formal_scans\\stage1_high_formal_v1\\runs\\main6000_ramp1200_none_seed3_51399fbd\\attempt_0001"", ""D:\\python_install\\py\\rl\\0325\\0325\\outputs\\stage_1\\formal_scans\\stage1_high_formal_v1\\runs\\main6000_ramp1200_none_seed4_51399fbd\\attempt_0001""]",5,27.056188061903345,26.70780798849306,27.361607597359416,5,13.4,11.0,16.0,5,40.0,40.0,40.0,5,0.9668174962292608,0.9653092006033183,0.9683257918552036
high,540,5,"[""D:\\python_install\\py\\rl\\0325\\0325\\outputs\\stage_1\\formal_scans\\stage1_high_formal_v1\\runs\\main6000_ramp1200_none_seed0_51399fbd\\attempt_0001"", ""D:\\python_install\\py\\rl\\0325\\0325\\outputs\\stage_1\\formal_scans\\stage1_high_formal_v1\\runs\\main6000_ramp1200_none_seed1_51399fbd\\attempt_0001"", ""D:\\python_install\\py\\rl\\0325\\0325\\outputs\\stage_1\\formal_scans\\stage1_high_formal_v1\\runs\\main6000_ramp1200_none_seed2_51399fbd\\attempt_0001"", ""D:\\python_install\\py\\rl\\0325\\0325\\outputs\\stage_1\\formal_scans\\stage1_high_formal_v1\\runs\\main6000_ramp1200_none_seed3_51399fbd\\attempt_0001"", ""D:\\python_install\\py\\rl\\0325\\0325\\outputs\\stage_1\\formal_scans\\stage1_high_formal_v1\\runs\\main6000_ramp1200_none_seed4_51399fbd\\attempt_0001""]",5,27.135382053580564,26.97120694209849,27.42461649492084,5,11.4,8.0,14.0,5,39.8,39.0,40.0,5,0.9600570613409415,0.9586305278174037,0.9614835948644793
high,570,5,"[""D:\\python_install\\py\\rl\\0325\\0325\\outputs\\stage_1\\formal_scans\\stage1_high_formal_v1\\runs\\main6000_ramp1200_none_seed0_51399fbd\\attempt_0001"", ""D:\\python_install\\py\\rl\\0325\\0325\\outputs\\stage_1\\formal_scans\\stage1_high_formal_v1\\runs\\main6000_ramp1200_none_seed1_51399fbd\\attempt_0001"", ""D:\\python_install\\py\\rl\\0325\\0325\\outputs\\stage_1\\formal_scans\\stage1_high_formal_v1\\runs\\main6000_ramp1200_none_seed2_51399fbd\\attempt_0001"", ""D:\\python_install\\py\\rl\\0325\\0325\\outputs\\stage_1\\formal_scans\\stage1_high_formal_v1\\runs\\main6000_ramp1200_none_seed3_51399fbd\\attempt_0001"", ""D:\\python_install\\py\\rl\\0325\\0325\\outputs\\stage_1\\formal_scans\\stage1_high_formal_v1\\runs\\main6000_ramp1200_none_seed4_51399fbd\\attempt_0001""]",5,26.837588312583982,26.03705639420044,27.494348386238357,5,14.4,14.0,15.0,5,40.0,40.0,40.0,5,0.9530364372469636,0.951417004048583,0.9541160593792173
high,600,5,"[""D:\\python_install\\py\\rl\\0325\\0325\\outputs\\stage_1\\formal_scans\\stage1_high_formal_v1\\runs\\main6000_ramp1200_none_seed0_51399fbd\\attempt_0001"", ""D:\\python_install\\py\\rl\\0325\\0325\\outputs\\stage_1\\formal_scans\\stage1_high_formal_v1\\runs\\main6000_ramp1200_none_seed1_51399fbd\\attempt_0001"", ""D:\\python_install\\py\\rl\\0325\\0325\\outputs\\stage_1\\formal_scans\\stage1_high_formal_v1\\runs\\main6000_ramp1200_none_seed2_51399fbd\\attempt_0001"", ""D:\\python_install\\py\\rl\\0325\\0325\\outputs\\stage_1\\formal_scans\\stage1_high_formal_v1\\runs\\main6000_ramp1200_none_seed3_51399fbd\\attempt_0001"", ""D:\\python_install\\py\\rl\\0325\\0325\\outputs\\stage_1\\formal_scans\\stage1_high_formal_v1\\runs\\main6000_ramp1200_none_seed4_51399fbd\\attempt_0001""]",5,26.67798089842343,26.148354398500878,27.33491114149738,5,12.6,9.0,15.0,5,40.0,40.0,40.0,5,0.9476251604621309,0.9460847240051348,0.9486521181001284
high,630,5,"[""D:\\python_install\\py\\rl\\0325\\0325\\outputs\\stage_1\\formal_scans\\stage1_high_formal_v1\\runs\\main6000_ramp1200_none_seed0_51399fbd\\attempt_0001"", ""D:\\python_install\\py\\rl\\0325\\0325\\outputs\\stage_1\\formal_scans\\stage1_high_formal_v1\\runs\\main6000_ramp1200_none_seed1_51399fbd\\attempt_0001"", ""D:\\python_install\\py\\rl\\0325\\0325\\outputs\\stage_1\\formal_scans\\stage1_high_formal_v1\\runs\\main6000_ramp1200_none_seed2_51399fbd\\attempt_0001"", ""D:\\python_install\\py\\rl\\0325\\0325\\outputs\\stage_1\\formal_scans\\stage1_high_formal_v1\\runs\\main6000_ramp1200_none_seed3_51399fbd\\attempt_0001"", ""D:\\python_install\\py\\rl\\0325\\0325\\outputs\\stage_1\\formal_scans\\stage1_high_formal_v1\\runs\\main6000_ramp1200_none_seed4_51399fbd\\attempt_0001""]",5,26.6733964183693,26.204825371754993,27.359669160751853,5,12.6,11.0,14.0,5,39.8,39.0,40.0,5,0.9384066587395956,0.9369797859690844,0.93935790725327
high,660,5,"[""D:\\python_install\\py\\rl\\0325\\0325\\outputs\\stage_1\\formal_scans\\stage1_high_formal_v1\\runs\\main6000_ramp1200_none_seed0_51399fbd\\attempt_0001"", ""D:\\python_install\\py\\rl\\0325\\0325\\outputs\\stage_1\\formal_scans\\stage1_high_formal_v1\\runs\\main6000_ramp1200_none_seed1_51399fbd\\attempt_0001"", ""D:\\python_install\\py\\rl\\0325\\0325\\outputs\\stage_1\\formal_scans\\stage1_high_formal_v1\\runs\\main6000_ramp1200_none_seed2_51399fbd\\attempt_0001"", ""D:\\python_install\\py\\rl\\0325\\0325\\outputs\\stage_1\\formal_scans\\stage1_high_formal_v1\\runs\\main6000_ramp1200_none_seed3_51399fbd\\attempt_0001"", ""D:\\python_install\\py\\rl\\0325\\0325\\outputs\\stage_1\\formal_scans\\stage1_high_formal_v1\\runs\\main6000_ramp1200_none_seed4_51399fbd\\attempt_0001""]",5,25.73824110538765,25.38724280401281,26.396881128629428,5,11.4,8.0,15.0,5,39.8,39.0,40.0,5,0.9211986681465039,0.9145394006659268,0.9267480577136515
high,690,5,"[""D:\\python_install\\py\\rl\\0325\\0325\\outputs\\stage_1\\formal_scans\\stage1_high_formal_v1\\runs\\main6000_ramp1200_none_seed0_51399fbd\\attempt_0001"", ""D:\\python_install\\py\\rl\\0325\\0325\\outputs\\stage_1\\formal_scans\\stage1_high_formal_v1\\runs\\main6000_ramp1200_none_seed1_51399fbd\\attempt_0001"", ""D:\\python_install\\py\\rl\\0325\\0325\\outputs\\stage_1\\formal_scans\\stage1_high_formal_v1\\runs\\main6000_ramp1200_none_seed2_51399fbd\\attempt_0001"", ""D:\\python_install\\py\\rl\\0325\\0325\\outputs\\stage_1\\formal_scans\\stage1_high_formal_v1\\runs\\main6000_ramp1200_none_seed3_51399fbd\\attempt_0001"", ""D:\\python_install\\py\\rl\\0325\\0325\\outputs\\stage_1\\formal_scans\\stage1_high_formal_v1\\runs\\main6000_ramp1200_none_seed4_51399fbd\\attempt_0001""]",5,25.735057012356684,24.610524316565435,27.033160600669433,5,13.8,11.0,17.0,5,39.6,39.0,40.0,5,0.8917793964620188,0.8855359001040582,0.8969823100936525
high,720,5,"[""D:\\python_install\\py\\rl\\0325\\0325\\outputs\\stage_1\\formal_scans\\stage1_high_formal_v1\\runs\\main6000_ramp1200_none_seed0_51399fbd\\attempt_0001"", ""D:\\python_install\\py\\rl\\0325\\0325\\outputs\\stage_1\\formal_scans\\stage1_high_formal_v1\\runs\\main6000_ramp1200_none_seed1_51399fbd\\attempt_0001"", ""D:\\python_install\\py\\rl\\0325\\0325\\outputs\\stage_1\\formal_scans\\stage1_high_formal_v1\\runs\\main6000_ramp1200_none_seed2_51399fbd\\attempt_0001"", ""D:\\python_install\\py\\rl\\0325\\0325\\outputs\\stage_1\\formal_scans\\stage1_high_formal_v1\\runs\\main6000_ramp1200_none_seed3_51399fbd\\attempt_0001"", ""D:\\python_install\\py\\rl\\0325\\0325\\outputs\\stage_1\\formal_scans\\stage1_high_formal_v1\\runs\\main6000_ramp1200_none_seed4_51399fbd\\attempt_0001""]",5,26.427254995976348,25.70179822424967,27.550164193927046,5,13.6,9.0,17.0,5,40.0,40.0,40.0,5,0.8656219392752205,0.8599412340842312,0.8707149853085211
high,750,5,"[""D:\\python_install\\py\\rl\\0325\\0325\\outputs\\stage_1\\formal_scans\\stage1_high_formal_v1\\runs\\main6000_ramp1200_none_seed0_51399fbd\\attempt_0001"", ""D:\\python_install\\py\\rl\\0325\\0325\\outputs\\stage_1\\formal_scans\\stage1_high_formal_v1\\runs\\main6000_ramp1200_none_seed1_51399fbd\\attempt_0001"", ""D:\\python_install\\py\\rl\\0325\\0325\\outputs\\stage_1\\formal_scans\\stage1_high_formal_v1\\runs\\main6000_ramp1200_none_seed2_51399fbd\\attempt_0001"", ""D:\\python_install\\py\\rl\\0325\\0325\\outputs\\stage_1\\formal_scans\\stage1_high_formal_v1\\runs\\main6000_ramp1200_none_seed3_51399fbd\\attempt_0001"", ""D:\\python_install\\py\\rl\\0325\\0325\\outputs\\stage_1\\formal_scans\\stage1_high_formal_v1\\runs\\main6000_ramp1200_none_seed4_51399fbd\\attempt_0001""]",5,26.550390266408165,25.873063051215944,27.312732809731646,5,12.8,11.0,14.0,5,40.0,40.0,40.0,5,0.8425531914893616,0.8371877890841813,0.84736355226642
high,780,5,"[""D:\\python_install\\py\\rl\\0325\\0325\\outputs\\stage_1\\formal_scans\\stage1_high_formal_v1\\runs\\main6000_ramp1200_none_seed0_51399fbd\\attempt_0001"", ""D:\\python_install\\py\\rl\\0325\\0325\\outputs\\stage_1\\formal_scans\\stage1_high_formal_v1\\runs\\main6000_ramp1200_none_seed1_51399fbd\\attempt_0001"", ""D:\\python_install\\py\\rl\\0325\\0325\\outputs\\stage_1\\formal_scans\\stage1_high_formal_v1\\runs\\main6000_ramp1200_none_seed2_51399fbd\\attempt_0001"", ""D:\\python_install\\py\\rl\\0325\\0325\\outputs\\stage_1\\formal_scans\\stage1_high_formal_v1\\runs\\main6000_ramp1200_none_seed3_51399fbd\\attempt_0001"", ""D:\\python_install\\py\\rl\\0325\\0325\\outputs\\stage_1\\formal_scans\\stage1_high_formal_v1\\runs\\main6000_ramp1200_none_seed4_51399fbd\\attempt_0001""]",5,26.94464830721872,26.527170840495756,27.610225873494375,5,13.6,11.0,16.0,5,40.0,40.0,40.0,5,0.8217353198948292,0.8168273444347064,0.8264680105170903
high,810,5,"[""D:\\python_install\\py\\rl\\0325\\0325\\outputs\\stage_1\\formal_scans\\stage1_high_formal_v1\\runs\\main6000_ramp1200_none_seed0_51399fbd\\attempt_0001"", ""D:\\python_install\\py\\rl\\0325\\0325\\outputs\\stage_1\\formal_scans\\stage1_high_formal_v1\\runs\\main6000_ramp1200_none_seed1_51399fbd\\attempt_0001"", ""D:\\python_install\\py\\rl\\0325\\0325\\outputs\\stage_1\\formal_scans\\stage1_high_formal_v1\\runs\\main6000_ramp1200_none_seed2_51399fbd\\attempt_0001"", ""D:\\python_install\\py\\rl\\0325\\0325\\outputs\\stage_1\\formal_scans\\stage1_high_formal_v1\\runs\\main6000_ramp1200_none_seed3_51399fbd\\attempt_0001"", ""D:\\python_install\\py\\rl\\0325\\0325\\outputs\\stage_1\\formal_scans\\stage1_high_formal_v1\\runs\\main6000_ramp1200_none_seed4_51399fbd\\attempt_0001""]",5,27.137293514481854,26.57246182814134,27.66658904511032,5,15.0,14.0,16.0,5,40.0,40.0,40.0,5,0.8028309741881765,0.7985012489592007,0.8076602830974188
high,840,5,"[""D:\\python_install\\py\\rl\\0325\\0325\\outputs\\stage_1\\formal_scans\\stage1_high_formal_v1\\runs\\main6000_ramp1200_none_seed0_51399fbd\\attempt_0001"", ""D:\\python_install\\py\\rl\\0325\\0325\\outputs\\stage_1\\formal_scans\\stage1_high_formal_v1\\runs\\main6000_ramp1200_none_seed1_51399fbd\\attempt_0001"", ""D:\\python_install\\py\\rl\\0325\\0325\\outputs\\stage_1\\formal_scans\\stage1_high_formal_v1\\runs\\main6000_ramp1200_none_seed2_51399fbd\\attempt_0001"", ""D:\\python_install\\py\\rl\\0325\\0325\\outputs\\stage_1\\formal_scans\\stage1_high_formal_v1\\runs\\main6000_ramp1200_none_seed3_51399fbd\\attempt_0001"", ""D:\\python_install\\py\\rl\\0325\\0325\\outputs\\stage_1\\formal_scans\\stage1_high_formal_v1\\runs\\main6000_ramp1200_none_seed4_51399fbd\\attempt_0001""]",5,27.213291832988727,26.711466579680568,27.467080257910347,5,15.0,11.0,19.0,5,40.0,40.0,40.0,5,0.7858842188739096,0.781919111816019,0.7898493259318001
high,870,5,"[""D:\\python_install\\py\\rl\\0325\\0325\\outputs\\stage_1\\formal_scans\\stage1_high_formal_v1\\runs\\main6000_ramp1200_none_seed0_51399fbd\\attempt_0001"", ""D:\\python_install\\py\\rl\\0325\\0325\\outputs\\stage_1\\formal_scans\\stage1_high_formal_v1\\runs\\main6000_ramp1200_none_seed1_51399fbd\\attempt_0001"", ""D:\\python_install\\py\\rl\\0325\\0325\\outputs\\stage_1\\formal_scans\\stage1_high_formal_v1\\runs\\main6000_ramp1200_none_seed2_51399fbd\\attempt_0001"", ""D:\\python_install\\py\\rl\\0325\\0325\\outputs\\stage_1\\formal_scans\\stage1_high_formal_v1\\runs\\main6000_ramp1200_none_seed3_51399fbd\\attempt_0001"", ""D:\\python_install\\py\\rl\\0325\\0325\\outputs\\stage_1\\formal_scans\\stage1_high_formal_v1\\runs\\main6000_ramp1200_none_seed4_51399fbd\\attempt_0001""]",5,27.503223710990493,27.093207270097626,27.94501875602076,5,14.4,12.0,16.0,5,39.8,39.0,40.0,5,0.7703255109765329,0.7668433005299016,0.7736563209689629
high,900,5,"[""D:\\python_install\\py\\rl\\0325\\0325\\outputs\\stage_1\\formal_scans\\stage1_high_formal_v1\\runs\\main6000_ramp1200_none_seed0_51399fbd\\attempt_0001"", ""D:\\python_install\\py\\rl\\0325\\0325\\outputs\\stage_1\\formal_scans\\stage1_high_formal_v1\\runs\\main6000_ramp1200_none_seed1_51399fbd\\attempt_0001"", ""D:\\python_install\\py\\rl\\0325\\0325\\outputs\\stage_1\\formal_scans\\stage1_high_formal_v1\\runs\\main6000_ramp1200_none_seed2_51399fbd\\attempt_0001"", ""D:\\python_install\\py\\rl\\0325\\0325\\outputs\\stage_1\\formal_scans\\stage1_high_formal_v1\\runs\\main6000_ramp1200_none_seed3_51399fbd\\attempt_0001"", ""D:\\python_install\\py\\rl\\0325\\0325\\outputs\\stage_1\\formal_scans\\stage1_high_formal_v1\\runs\\main6000_ramp1200_none_seed4_51399fbd\\attempt_0001""]",5,27.692518694185157,27.38696528717994,28.211999080401213,5,11.0,9.0,15.0,5,40.0,40.0,40.0,5,0.756118754525706,0.7523533671252716,0.7595944967414917
high,930,5,"[""D:\\python_install\\py\\rl\\0325\\0325\\outputs\\stage_1\\formal_scans\\stage1_high_formal_v1\\runs\\main6000_ramp1200_none_seed0_51399fbd\\attempt_0001"", ""D:\\python_install\\py\\rl\\0325\\0325\\outputs\\stage_1\\formal_scans\\stage1_high_formal_v1\\runs\\main6000_ramp1200_none_seed1_51399fbd\\attempt_0001"", ""D:\\python_install\\py\\rl\\0325\\0325\\outputs\\stage_1\\formal_scans\\stage1_high_formal_v1\\runs\\main6000_ramp1200_none_seed2_51399fbd\\attempt_0001"", ""D:\\python_install\\py\\rl\\0325\\0325\\outputs\\stage_1\\formal_scans\\stage1_high_formal_v1\\runs\\main6000_ramp1200_none_seed3_51399fbd\\attempt_0001"", ""D:\\python_install\\py\\rl\\0325\\0325\\outputs\\stage_1\\formal_scans\\stage1_high_formal_v1\\runs\\main6000_ramp1200_none_seed4_51399fbd\\attempt_0001""]",5,28.070088735211602,27.663426041471357,28.417292985541142,5,11.6,7.0,15.0,5,40.0,40.0,40.0,5,0.7433726578764747,0.739764052741152,0.7467036780013879
high,960,5,"[""D:\\python_install\\py\\rl\\0325\\0325\\outputs\\stage_1\\formal_scans\\stage1_high_formal_v1\\runs\\main6000_ramp1200_none_seed0_51399fbd\\attempt_0001"", ""D:\\python_install\\py\\rl\\0325\\0325\\outputs\\stage_1\\formal_scans\\stage1_high_formal_v1\\runs\\main6000_ramp1200_none_seed1_51399fbd\\attempt_0001"", ""D:\\python_install\\py\\rl\\0325\\0325\\outputs\\stage_1\\formal_scans\\stage1_high_formal_v1\\runs\\main6000_ramp1200_none_seed2_51399fbd\\attempt_0001"", ""D:\\python_install\\py\\rl\\0325\\0325\\outputs\\stage_1\\formal_scans\\stage1_high_formal_v1\\runs\\main6000_ramp1200_none_seed3_51399fbd\\attempt_0001"", ""D:\\python_install\\py\\rl\\0325\\0325\\outputs\\stage_1\\formal_scans\\stage1_high_formal_v1\\runs\\main6000_ramp1200_none_seed4_51399fbd\\attempt_0001""]",5,27.901675202662307,27.566098820028806,28.16190124239555,5,10.2,8.0,13.0,5,39.8,39.0,40.0,5,0.7315123251165889,0.7281812125249834,0.7348434377081945
high,990,5,"[""D:\\python_install\\py\\rl\\0325\\0325\\outputs\\stage_1\\formal_scans\\stage1_high_formal_v1\\runs\\main6000_ramp1200_none_seed0_51399fbd\\attempt_0001"", ""D:\\python_install\\py\\rl\\0325\\0325\\outputs\\stage_1\\formal_scans\\stage1_high_formal_v1\\runs\\main6000_ramp1200_none_seed1_51399fbd\\attempt_0001"", ""D:\\python_install\\py\\rl\\0325\\0325\\outputs\\stage_1\\formal_scans\\stage1_high_formal_v1\\runs\\main6000_ramp1200_none_seed2_51399fbd\\attempt_0001"", ""D:\\python_install\\py\\rl\\0325\\0325\\outputs\\stage_1\\formal_scans\\stage1_high_formal_v1\\runs\\main6000_ramp1200_none_seed3_51399fbd\\attempt_0001"", ""D:\\python_install\\py\\rl\\0325\\0325\\outputs\\stage_1\\formal_scans\\stage1_high_formal_v1\\runs\\main6000_ramp1200_none_seed4_51399fbd\\attempt_0001""]",5,28.089871948046255,27.874632522227618,28.341993044199043,5,11.8,10.0,14.0,5,39.8,39.0,40.0,5,0.7204356181934657,0.7168481742472774,0.7232543241511852
high,1020,5,"[""D:\\python_install\\py\\rl\\0325\\0325\\outputs\\stage_1\\formal_scans\\stage1_high_formal_v1\\runs\\main6000_ramp1200_none_seed0_51399fbd\\attempt_0001"", ""D:\\python_install\\py\\rl\\0325\\0325\\outputs\\stage_1\\formal_scans\\stage1_high_formal_v1\\runs\\main6000_ramp1200_none_seed1_51399fbd\\attempt_0001"", ""D:\\python_install\\py\\rl\\0325\\0325\\outputs\\stage_1\\formal_scans\\stage1_high_formal_v1\\runs\\main6000_ramp1200_none_seed2_51399fbd\\attempt_0001"", ""D:\\python_install\\py\\rl\\0325\\0325\\outputs\\stage_1\\formal_scans\\stage1_high_formal_v1\\runs\\main6000_ramp1200_none_seed3_51399fbd\\attempt_0001"", ""D:\\python_install\\py\\rl\\0325\\0325\\outputs\\stage_1\\formal_scans\\stage1_high_formal_v1\\runs\\main6000_ramp1200_none_seed4_51399fbd\\attempt_0001""]",5,27.908354795021108,27.14455509757715,28.270126453490633,5,12.0,8.0,15.0,5,40.0,40.0,40.0,5,0.7104256631708822,0.7069710055521283,0.7131400370141888
high,1050,5,"[""D:\\python_install\\py\\rl\\0325\\0325\\outputs\\stage_1\\formal_scans\\stage1_high_formal_v1\\runs\\main6000_ramp1200_none_seed0_51399fbd\\attempt_0001"", ""D:\\python_install\\py\\rl\\0325\\0325\\outputs\\stage_1\\formal_scans\\stage1_high_formal_v1\\runs\\main6000_ramp1200_none_seed1_51399fbd\\attempt_0001"", ""D:\\python_install\\py\\rl\\0325\\0325\\outputs\\stage_1\\formal_scans\\stage1_high_formal_v1\\runs\\main6000_ramp1200_none_seed2_51399fbd\\attempt_0001"", ""D:\\python_install\\py\\rl\\0325\\0325\\outputs\\stage_1\\formal_scans\\stage1_high_formal_v1\\runs\\main6000_ramp1200_none_seed3_51399fbd\\attempt_0001"", ""D:\\python_install\\py\\rl\\0325\\0325\\outputs\\stage_1\\formal_scans\\stage1_high_formal_v1\\runs\\main6000_ramp1200_none_seed4_51399fbd\\attempt_0001""]",5,28.058199844426678,27.762610275191687,28.41422980884136,5,10.4,8.0,13.0,5,39.6,39.0,40.0,5,0.7007733491969066,0.6977989292088043,0.7037477691850089
high,1080,5,"[""D:\\python_install\\py\\rl\\0325\\0325\\outputs\\stage_1\\formal_scans\\stage1_high_formal_v1\\runs\\main6000_ramp1200_none_seed0_51399fbd\\attempt_0001"", ""D:\\python_install\\py\\rl\\0325\\0325\\outputs\\stage_1\\formal_scans\\stage1_high_formal_v1\\runs\\main6000_ramp1200_none_seed1_51399fbd\\attempt_0001"", ""D:\\python_install\\py\\rl\\0325\\0325\\outputs\\stage_1\\formal_scans\\stage1_high_formal_v1\\runs\\main6000_ramp1200_none_seed2_51399fbd\\attempt_0001"", ""D:\\python_install\\py\\rl\\0325\\0325\\outputs\\stage_1\\formal_scans\\stage1_high_formal_v1\\runs\\main6000_ramp1200_none_seed3_51399fbd\\attempt_0001"", ""D:\\python_install\\py\\rl\\0325\\0325\\outputs\\stage_1\\formal_scans\\stage1_high_formal_v1\\runs\\main6000_ramp1200_none_seed4_51399fbd\\attempt_0001""]",5,28.074981999996567,27.601361175076097,28.59152985672036,5,11.4,7.0,15.0,5,40.0,40.0,40.0,5,0.6920160827110855,0.6898334290637564,0.694428489373923
high,1110,5,"[""D:\\python_install\\py\\rl\\0325\\0325\\outputs\\stage_1\\formal_scans\\stage1_high_formal_v1\\runs\\main6000_ramp1200_none_seed0_51399fbd\\attempt_0001"", ""D:\\python_install\\py\\rl\\0325\\0325\\outputs\\stage_1\\formal_scans\\stage1_high_formal_v1\\runs\\main6000_ramp1200_none_seed1_51399fbd\\attempt_0001"", ""D:\\python_install\\py\\rl\\0325\\0325\\outputs\\stage_1\\formal_scans\\stage1_high_formal_v1\\runs\\main6000_ramp1200_none_seed2_51399fbd\\attempt_0001"", ""D:\\python_install\\py\\rl\\0325\\0325\\outputs\\stage_1\\formal_scans\\stage1_high_formal_v1\\runs\\main6000_ramp1200_none_seed3_51399fbd\\attempt_0001"", ""D:\\python_install\\py\\rl\\0325\\0325\\outputs\\stage_1\\formal_scans\\stage1_high_formal_v1\\runs\\main6000_ramp1200_none_seed4_51399fbd\\attempt_0001""]",5,28.19920820072582,27.643177096663365,28.502317250288566,5,11.8,8.0,14.0,5,40.0,40.0,40.0,5,0.6837312604108827,0.6812881732370905,0.6862853970016657
high,1140,5,"[""D:\\python_install\\py\\rl\\0325\\0325\\outputs\\stage_1\\formal_scans\\stage1_high_formal_v1\\runs\\main6000_ramp1200_none_seed0_51399fbd\\attempt_0001"", ""D:\\python_install\\py\\rl\\0325\\0325\\outputs\\stage_1\\formal_scans\\stage1_high_formal_v1\\runs\\main6000_ramp1200_none_seed1_51399fbd\\attempt_0001"", ""D:\\python_install\\py\\rl\\0325\\0325\\outputs\\stage_1\\formal_scans\\stage1_high_formal_v1\\runs\\main6000_ramp1200_none_seed2_51399fbd\\attempt_0001"", ""D:\\python_install\\py\\rl\\0325\\0325\\outputs\\stage_1\\formal_scans\\stage1_high_formal_v1\\runs\\main6000_ramp1200_none_seed3_51399fbd\\attempt_0001"", ""D:\\python_install\\py\\rl\\0325\\0325\\outputs\\stage_1\\formal_scans\\stage1_high_formal_v1\\runs\\main6000_ramp1200_none_seed4_51399fbd\\attempt_0001""]",5,28.227885265141293,27.518511155540907,28.7936733389113,5,10.8,9.0,13.0,5,39.6,39.0,40.0,5,0.676088124664159,0.6738312735088662,0.6781300376141859
high,1170,5,"[""D:\\python_install\\py\\rl\\0325\\0325\\outputs\\stage_1\\formal_scans\\stage1_high_formal_v1\\runs\\main6000_ramp1200_none_seed0_51399fbd\\attempt_0001"", ""D:\\python_install\\py\\rl\\0325\\0325\\outputs\\stage_1\\formal_scans\\stage1_high_formal_v1\\runs\\main6000_ramp1200_none_seed1_51399fbd\\attempt_0001"", ""D:\\python_install\\py\\rl\\0325\\0325\\outputs\\stage_1\\formal_scans\\stage1_high_formal_v1\\runs\\main6000_ramp1200_none_seed2_51399fbd\\attempt_0001"", ""D:\\python_install\\py\\rl\\0325\\0325\\outputs\\stage_1\\formal_scans\\stage1_high_formal_v1\\runs\\main6000_ramp1200_none_seed3_51399fbd\\attempt_0001"", ""D:\\python_install\\py\\rl\\0325\\0325\\outputs\\stage_1\\formal_scans\\stage1_high_formal_v1\\runs\\main6000_ramp1200_none_seed4_51399fbd\\attempt_0001""]",5,28.05599157378519,27.546038261051468,28.881329099906687,5,10.6,8.0,13.0,5,39.6,39.0,40.0,5,0.6693388859968766,0.6668401874023946,0.6720458094742322
high,1200,5,"[""D:\\python_install\\py\\rl\\0325\\0325\\outputs\\stage_1\\formal_scans\\stage1_high_formal_v1\\runs\\main6000_ramp1200_none_seed0_51399fbd\\attempt_0001"", ""D:\\python_install\\py\\rl\\0325\\0325\\outputs\\stage_1\\formal_scans\\stage1_high_formal_v1\\runs\\main6000_ramp1200_none_seed1_51399fbd\\attempt_0001"", ""D:\\python_install\\py\\rl\\0325\\0325\\outputs\\stage_1\\formal_scans\\stage1_high_formal_v1\\runs\\main6000_ramp1200_none_seed2_51399fbd\\attempt_0001"", ""D:\\python_install\\py\\rl\\0325\\0325\\outputs\\stage_1\\formal_scans\\stage1_high_formal_v1\\runs\\main6000_ramp1200_none_seed3_51399fbd\\attempt_0001"", ""D:\\python_install\\py\\rl\\0325\\0325\\outputs\\stage_1\\formal_scans\\stage1_high_formal_v1\\runs\\main6000_ramp1200_none_seed4_51399fbd\\attempt_0001""]",5,28.16734843114199,27.624574705487134,28.794625707148068,5,11.2,9.0,13.0,5,40.0,40.0,40.0,5,0.662695608278647,0.6602725896012115,0.6648157496214033
high,1230,5,"[""D:\\python_install\\py\\rl\\0325\\0325\\outputs\\stage_1\\formal_scans\\stage1_high_formal_v1\\runs\\main6000_ramp1200_none_seed0_51399fbd\\attempt_0001"", ""D:\\python_install\\py\\rl\\0325\\0325\\outputs\\stage_1\\formal_scans\\stage1_high_formal_v1\\runs\\main6000_ramp1200_none_seed1_51399fbd\\attempt_0001"", ""D:\\python_install\\py\\rl\\0325\\0325\\outputs\\stage_1\\formal_scans\\stage1_high_formal_v1\\runs\\main6000_ramp1200_none_seed2_51399fbd\\attempt_0001"", ""D:\\python_install\\py\\rl\\0325\\0325\\outputs\\stage_1\\formal_scans\\stage1_high_formal_v1\\runs\\main6000_ramp1200_none_seed3_51399fbd\\attempt_0001"", ""D:\\python_install\\py\\rl\\0325\\0325\\outputs\\stage_1\\formal_scans\\stage1_high_formal_v1\\runs\\main6000_ramp1200_none_seed4_51399fbd\\attempt_0001""]",5,27.96443228886854,26.909605552793057,28.713127610844964,5,11.0,9.0,13.0,5,40.0,40.0,40.0,5,0.6562469377756003,0.6536011758941696,0.658500734933856
high,1260,5,"[""D:\\python_install\\py\\rl\\0325\\0325\\outputs\\stage_1\\formal_scans\\stage1_high_formal_v1\\runs\\main6000_ramp1200_none_seed0_51399fbd\\attempt_0001"", ""D:\\python_install\\py\\rl\\0325\\0325\\outputs\\stage_1\\formal_scans\\stage1_high_formal_v1\\runs\\main6000_ramp1200_none_seed1_51399fbd\\attempt_0001"", ""D:\\python_install\\py\\rl\\0325\\0325\\outputs\\stage_1\\formal_scans\\stage1_high_formal_v1\\runs\\main6000_ramp1200_none_seed2_51399fbd\\attempt_0001"", ""D:\\python_install\\py\\rl\\0325\\0325\\outputs\\stage_1\\formal_scans\\stage1_high_formal_v1\\runs\\main6000_ramp1200_none_seed3_51399fbd\\attempt_0001"", ""D:\\python_install\\py\\rl\\0325\\0325\\outputs\\stage_1\\formal_scans\\stage1_high_formal_v1\\runs\\main6000_ramp1200_none_seed4_51399fbd\\attempt_0001""]",5,28.14402731014773,27.478211455100183,28.624904227143297,5,9.8,5.0,13.0,5,39.8,39.0,40.0,5,0.6499762018086626,0.6473108043788672,0.652546406473108
high,1290,5,"[""D:\\python_install\\py\\rl\\0325\\0325\\outputs\\stage_1\\formal_scans\\stage1_high_formal_v1\\runs\\main6000_ramp1200_none_seed0_51399fbd\\attempt_0001"", ""D:\\python_install\\py\\rl\\0325\\0325\\outputs\\stage_1\\formal_scans\\stage1_high_formal_v1\\runs\\main6000_ramp1200_none_seed1_51399fbd\\attempt_0001"", ""D:\\python_install\\py\\rl\\0325\\0325\\outputs\\stage_1\\formal_scans\\stage1_high_formal_v1\\runs\\main6000_ramp1200_none_seed2_51399fbd\\attempt_0001"", ""D:\\python_install\\py\\rl\\0325\\0325\\outputs\\stage_1\\formal_scans\\stage1_high_formal_v1\\runs\\main6000_ramp1200_none_seed3_51399fbd\\attempt_0001"", ""D:\\python_install\\py\\rl\\0325\\0325\\outputs\\stage_1\\formal_scans\\stage1_high_formal_v1\\runs\\main6000_ramp1200_none_seed4_51399fbd\\attempt_0001""]",5,28.178212592151993,27.679221266587877,28.89348736866221,5,11.6,8.0,14.0,5,40.0,40.0,40.0,5,0.6443313280888477,0.6413697362332254,0.6464599722350763
high,1320,5,"[""D:\\python_install\\py\\rl\\0325\\0325\\outputs\\stage_1\\formal_scans\\stage1_high_formal_v1\\runs\\main6000_ramp1200_none_seed0_51399fbd\\attempt_0001"", ""D:\\python_install\\py\\rl\\0325\\0325\\outputs\\stage_1\\formal_scans\\stage1_high_formal_v1\\runs\\main6000_ramp1200_none_seed1_51399fbd\\attempt_0001"", ""D:\\python_install\\py\\rl\\0325\\0325\\outputs\\stage_1\\formal_scans\\stage1_high_formal_v1\\runs\\main6000_ramp1200_none_seed2_51399fbd\\attempt_0001"", ""D:\\python_install\\py\\rl\\0325\\0325\\outputs\\stage_1\\formal_scans\\stage1_high_formal_v1\\runs\\main6000_ramp1200_none_seed3_51399fbd\\attempt_0001"", ""D:\\python_install\\py\\rl\\0325\\0325\\outputs\\stage_1\\formal_scans\\stage1_high_formal_v1\\runs\\main6000_ramp1200_none_seed4_51399fbd\\attempt_0001""]",5,28.13889405338462,27.29004384858948,28.779360760462115,5,11.8,9.0,14.0,5,39.6,39.0,40.0,5,0.6389914452949121,0.6361999099504727,0.6411526339486717
high,1350,5,"[""D:\\python_install\\py\\rl\\0325\\0325\\outputs\\stage_1\\formal_scans\\stage1_high_formal_v1\\runs\\main6000_ramp1200_none_seed0_51399fbd\\attempt_0001"", ""D:\\python_install\\py\\rl\\0325\\0325\\outputs\\stage_1\\formal_scans\\stage1_high_formal_v1\\runs\\main6000_ramp1200_none_seed1_51399fbd\\attempt_0001"", ""D:\\python_install\\py\\rl\\0325\\0325\\outputs\\stage_1\\formal_scans\\stage1_high_formal_v1\\runs\\main6000_ramp1200_none_seed2_51399fbd\\attempt_0001"", ""D:\\python_install\\py\\rl\\0325\\0325\\outputs\\stage_1\\formal_scans\\stage1_high_formal_v1\\runs\\main6000_ramp1200_none_seed3_51399fbd\\attempt_0001"", ""D:\\python_install\\py\\rl\\0325\\0325\\outputs\\stage_1\\formal_scans\\stage1_high_formal_v1\\runs\\main6000_ramp1200_none_seed4_51399fbd\\attempt_0001""]",5,28.421251165348774,27.803498776300057,28.848580670240228,5,11.8,11.0,14.0,5,40.0,40.0,40.0,5,0.6340201665935993,0.6317404647084612,0.6356861025865849
high,1380,5,"[""D:\\python_install\\py\\rl\\0325\\0325\\outputs\\stage_1\\formal_scans\\stage1_high_formal_v1\\runs\\main6000_ramp1200_none_seed0_51399fbd\\attempt_0001"", ""D:\\python_install\\py\\rl\\0325\\0325\\outputs\\stage_1\\formal_scans\\stage1_high_formal_v1\\runs\\main6000_ramp1200_none_seed1_51399fbd\\attempt_0001"", ""D:\\python_install\\py\\rl\\0325\\0325\\outputs\\stage_1\\formal_scans\\stage1_high_formal_v1\\runs\\main6000_ramp1200_none_seed2_51399fbd\\attempt_0001"", ""D:\\python_install\\py\\rl\\0325\\0325\\outputs\\stage_1\\formal_scans\\stage1_high_formal_v1\\runs\\main6000_ramp1200_none_seed3_51399fbd\\attempt_0001"", ""D:\\python_install\\py\\rl\\0325\\0325\\outputs\\stage_1\\formal_scans\\stage1_high_formal_v1\\runs\\main6000_ramp1200_none_seed4_51399fbd\\attempt_0001""]",5,28.215347216212372,27.9667157717992,28.532431318736254,5,10.0,8.0,14.0,5,39.6,39.0,40.0,5,0.6292182827851345,0.6270824434002563,0.6309269542930371
high,1410,5,"[""D:\\python_install\\py\\rl\\0325\\0325\\outputs\\stage_1\\formal_scans\\stage1_high_formal_v1\\runs\\main6000_ramp1200_none_seed0_51399fbd\\attempt_0001"", ""D:\\python_install\\py\\rl\\0325\\0325\\outputs\\stage_1\\formal_scans\\stage1_high_formal_v1\\runs\\main6000_ramp1200_none_seed1_51399fbd\\attempt_0001"", ""D:\\python_install\\py\\rl\\0325\\0325\\outputs\\stage_1\\formal_scans\\stage1_high_formal_v1\\runs\\main6000_ramp1200_none_seed2_51399fbd\\attempt_0001"", ""D:\\python_install\\py\\rl\\0325\\0325\\outputs\\stage_1\\formal_scans\\stage1_high_formal_v1\\runs\\main6000_ramp1200_none_seed3_51399fbd\\attempt_0001"", ""D:\\python_install\\py\\rl\\0325\\0325\\outputs\\stage_1\\formal_scans\\stage1_high_formal_v1\\runs\\main6000_ramp1200_none_seed4_51399fbd\\attempt_0001""]",5,28.14190774345526,27.591032575862375,28.7294319457707,5,11.4,10.0,14.0,5,39.8,39.0,40.0,5,0.6247396917950854,0.6226572261557685,0.6259891711786756
high,1440,5,"[""D:\\python_install\\py\\rl\\0325\\0325\\outputs\\stage_1\\formal_scans\\stage1_high_formal_v1\\runs\\main6000_ramp1200_none_seed0_51399fbd\\attempt_0001"", ""D:\\python_install\\py\\rl\\0325\\0325\\outputs\\stage_1\\formal_scans\\stage1_high_formal_v1\\runs\\main6000_ramp1200_none_seed1_51399fbd\\attempt_0001"", ""D:\\python_install\\py\\rl\\0325\\0325\\outputs\\stage_1\\formal_scans\\stage1_high_formal_v1\\runs\\main6000_ramp1200_none_seed2_51399fbd\\attempt_0001"", ""D:\\python_install\\py\\rl\\0325\\0325\\outputs\\stage_1\\formal_scans\\stage1_high_formal_v1\\runs\\main6000_ramp1200_none_seed3_51399fbd\\attempt_0001"", ""D:\\python_install\\py\\rl\\0325\\0325\\outputs\\stage_1\\formal_scans\\stage1_high_formal_v1\\runs\\main6000_ramp1200_none_seed4_51399fbd\\attempt_0001""]",5,28.347703319214794,27.690053197301538,29.09349663118428,5,10.4,9.0,13.0,5,39.6,39.0,40.0,5,0.6203982121088989,0.6180414465664364,0.622104835432751
high,1470,5,"[""D:\\python_install\\py\\rl\\0325\\0325\\outputs\\stage_1\\formal_scans\\stage1_high_formal_v1\\runs\\main6000_ramp1200_none_seed0_51399fbd\\attempt_0001"", ""D:\\python_install\\py\\rl\\0325\\0325\\outputs\\stage_1\\formal_scans\\stage1_high_formal_v1\\runs\\main6000_ramp1200_none_seed1_51399fbd\\attempt_0001"", ""D:\\python_install\\py\\rl\\0325\\0325\\outputs\\stage_1\\formal_scans\\stage1_high_formal_v1\\runs\\main6000_ramp1200_none_seed2_51399fbd\\attempt_0001"", ""D:\\python_install\\py\\rl\\0325\\0325\\outputs\\stage_1\\formal_scans\\stage1_high_formal_v1\\runs\\main6000_ramp1200_none_seed3_51399fbd\\attempt_0001"", ""D:\\python_install\\py\\rl\\0325\\0325\\outputs\\stage_1\\formal_scans\\stage1_high_formal_v1\\runs\\main6000_ramp1200_none_seed4_51399fbd\\attempt_0001""]",5,28.350908108945873,27.9789214010694,28.541072748102064,5,12.0,9.0,14.0,5,39.4,37.0,40.0,5,0.6164220547401825,0.6140420468068227,0.6180087266957557
high,1500,5,"[""D:\\python_install\\py\\rl\\0325\\0325\\outputs\\stage_1\\formal_scans\\stage1_high_formal_v1\\runs\\main6000_ramp1200_none_seed0_51399fbd\\attempt_0001"", ""D:\\python_install\\py\\rl\\0325\\0325\\outputs\\stage_1\\formal_scans\\stage1_high_formal_v1\\runs\\main6000_ramp1200_none_seed1_51399fbd\\attempt_0001"", ""D:\\python_install\\py\\rl\\0325\\0325\\outputs\\stage_1\\formal_scans\\stage1_high_formal_v1\\runs\\main6000_ramp1200_none_seed2_51399fbd\\attempt_0001"", ""D:\\python_install\\py\\rl\\0325\\0325\\outputs\\stage_1\\formal_scans\\stage1_high_formal_v1\\runs\\main6000_ramp1200_none_seed3_51399fbd\\attempt_0001"", ""D:\\python_install\\py\\rl\\0325\\0325\\outputs\\stage_1\\formal_scans\\stage1_high_formal_v1\\runs\\main6000_ramp1200_none_seed4_51399fbd\\attempt_0001""]",5,28.15544994348795,27.817673257866872,28.516442150166018,5,9.0,7.0,11.0,5,39.8,39.0,40.0,5,0.6124757845796204,0.6098411468423092,0.614103060829136
high,1530,5,"[""D:\\python_install\\py\\rl\\0325\\0325\\outputs\\stage_1\\formal_scans\\stage1_high_formal_v1\\runs\\main6000_ramp1200_none_seed0_51399fbd\\attempt_0001"", ""D:\\python_install\\py\\rl\\0325\\0325\\outputs\\stage_1\\formal_scans\\stage1_high_formal_v1\\runs\\main6000_ramp1200_none_seed1_51399fbd\\attempt_0001"", ""D:\\python_install\\py\\rl\\0325\\0325\\outputs\\stage_1\\formal_scans\\stage1_high_formal_v1\\runs\\main6000_ramp1200_none_seed2_51399fbd\\attempt_0001"", ""D:\\python_install\\py\\rl\\0325\\0325\\outputs\\stage_1\\formal_scans\\stage1_high_formal_v1\\runs\\main6000_ramp1200_none_seed3_51399fbd\\attempt_0001"", ""D:\\python_install\\py\\rl\\0325\\0325\\outputs\\stage_1\\formal_scans\\stage1_high_formal_v1\\runs\\main6000_ramp1200_none_seed4_51399fbd\\attempt_0001""]",5,28.275691925603876,27.78656119881852,28.68799003750351,5,11.4,9.0,14.0,5,40.0,40.0,40.0,5,0.6087088224157516,0.6062097690268837,0.6103748580083301
high,1560,5,"[""D:\\python_install\\py\\rl\\0325\\0325\\outputs\\stage_1\\formal_scans\\stage1_high_formal_v1\\runs\\main6000_ramp1200_none_seed0_51399fbd\\attempt_0001"", ""D:\\python_install\\py\\rl\\0325\\0325\\outputs\\stage_1\\formal_scans\\stage1_high_formal_v1\\runs\\main6000_ramp1200_none_seed1_51399fbd\\attempt_0001"", ""D:\\python_install\\py\\rl\\0325\\0325\\outputs\\stage_1\\formal_scans\\stage1_high_formal_v1\\runs\\main6000_ramp1200_none_seed2_51399fbd\\attempt_0001"", ""D:\\python_install\\py\\rl\\0325\\0325\\outputs\\stage_1\\formal_scans\\stage1_high_formal_v1\\runs\\main6000_ramp1200_none_seed3_51399fbd\\attempt_0001"", ""D:\\python_install\\py\\rl\\0325\\0325\\outputs\\stage_1\\formal_scans\\stage1_high_formal_v1\\runs\\main6000_ramp1200_none_seed4_51399fbd\\attempt_0001""]",5,28.08402252604484,27.859036159268257,28.351986252465363,5,11.8,10.0,15.0,5,39.8,39.0,40.0,5,0.6050351721584598,0.6027397260273972,0.6064420584968531
high,1590,5,"[""D:\\python_install\\py\\rl\\0325\\0325\\outputs\\stage_1\\formal_scans\\stage1_high_formal_v1\\runs\\main6000_ramp1200_none_seed0_51399fbd\\attempt_0001"", ""D:\\python_install\\py\\rl\\0325\\0325\\outputs\\stage_1\\formal_scans\\stage1_high_formal_v1\\runs\\main6000_ramp1200_none_seed1_51399fbd\\attempt_0001"", ""D:\\python_install\\py\\rl\\0325\\0325\\outputs\\stage_1\\formal_scans\\stage1_high_formal_v1\\runs\\main6000_ramp1200_none_seed2_51399fbd\\attempt_0001"", ""D:\\python_install\\py\\rl\\0325\\0325\\outputs\\stage_1\\formal_scans\\stage1_high_formal_v1\\runs\\main6000_ramp1200_none_seed3_51399fbd\\attempt_0001"", ""D:\\python_install\\py\\rl\\0325\\0325\\outputs\\stage_1\\formal_scans\\stage1_high_formal_v1\\runs\\main6000_ramp1200_none_seed4_51399fbd\\attempt_0001""]",5,28.089384982402397,27.334188468770165,28.895688893874475,5,10.2,9.0,12.0,5,39.6,39.0,40.0,5,0.6016660630206447,0.5994204998189062,0.6026801883375589
high,1620,5,"[""D:\\python_install\\py\\rl\\0325\\0325\\outputs\\stage_1\\formal_scans\\stage1_high_formal_v1\\runs\\main6000_ramp1200_none_seed0_51399fbd\\attempt_0001"", ""D:\\python_install\\py\\rl\\0325\\0325\\outputs\\stage_1\\formal_scans\\stage1_high_formal_v1\\runs\\main6000_ramp1200_none_seed1_51399fbd\\attempt_0001"", ""D:\\python_install\\py\\rl\\0325\\0325\\outputs\\stage_1\\formal_scans\\stage1_high_formal_v1\\runs\\main6000_ramp1200_none_seed2_51399fbd\\attempt_0001"", ""D:\\python_install\\py\\rl\\0325\\0325\\outputs\\stage_1\\formal_scans\\stage1_high_formal_v1\\runs\\main6000_ramp1200_none_seed3_51399fbd\\attempt_0001"", ""D:\\python_install\\py\\rl\\0325\\0325\\outputs\\stage_1\\formal_scans\\stage1_high_formal_v1\\runs\\main6000_ramp1200_none_seed4_51399fbd\\attempt_0001""]",5,28.016561317108575,27.313673580324867,29.02972273628758,5,11.0,7.0,13.0,5,40.0,40.0,40.0,5,0.5982984757178306,0.5962424672102091,0.5994328252392769
high,1650,5,"[""D:\\python_install\\py\\rl\\0325\\0325\\outputs\\stage_1\\formal_scans\\stage1_high_formal_v1\\runs\\main6000_ramp1200_none_seed0_51399fbd\\attempt_0001"", ""D:\\python_install\\py\\rl\\0325\\0325\\outputs\\stage_1\\formal_scans\\stage1_high_formal_v1\\runs\\main6000_ramp1200_none_seed1_51399fbd\\attempt_0001"", ""D:\\python_install\\py\\rl\\0325\\0325\\outputs\\stage_1\\formal_scans\\stage1_high_formal_v1\\runs\\main6000_ramp1200_none_seed2_51399fbd\\attempt_0001"", ""D:\\python_install\\py\\rl\\0325\\0325\\outputs\\stage_1\\formal_scans\\stage1_high_formal_v1\\runs\\main6000_ramp1200_none_seed3_51399fbd\\attempt_0001"", ""D:\\python_install\\py\\rl\\0325\\0325\\outputs\\stage_1\\formal_scans\\stage1_high_formal_v1\\runs\\main6000_ramp1200_none_seed4_51399fbd\\attempt_0001""]",5,28.22408135048918,27.691348022841428,28.985650199905166,5,10.6,8.0,13.0,5,40.0,40.0,40.0,5,0.5952794168691427,0.5931968066643527,0.596667823672336
high,1680,5,"[""D:\\python_install\\py\\rl\\0325\\0325\\outputs\\stage_1\\formal_scans\\stage1_high_formal_v1\\runs\\main6000_ramp1200_none_seed0_51399fbd\\attempt_0001"", ""D:\\python_install\\py\\rl\\0325\\0325\\outputs\\stage_1\\formal_scans\\stage1_high_formal_v1\\runs\\main6000_ramp1200_none_seed1_51399fbd\\attempt_0001"", ""D:\\python_install\\py\\rl\\0325\\0325\\outputs\\stage_1\\formal_scans\\stage1_high_formal_v1\\runs\\main6000_ramp1200_none_seed2_51399fbd\\attempt_0001"", ""D:\\python_install\\py\\rl\\0325\\0325\\outputs\\stage_1\\formal_scans\\stage1_high_formal_v1\\runs\\main6000_ramp1200_none_seed3_51399fbd\\attempt_0001"", ""D:\\python_install\\py\\rl\\0325\\0325\\outputs\\stage_1\\formal_scans\\stage1_high_formal_v1\\runs\\main6000_ramp1200_none_seed4_51399fbd\\attempt_0001""]",5,28.078330530693933,27.23992928693152,28.639516522461903,5,11.6,8.0,16.0,5,39.8,39.0,40.0,5,0.5922475348520911,0.5902754165249915,0.5933356001360082
high,1710,5,"[""D:\\python_install\\py\\rl\\0325\\0325\\outputs\\stage_1\\formal_scans\\stage1_high_formal_v1\\runs\\main6000_ramp1200_none_seed0_51399fbd\\attempt_0001"", ""D:\\python_install\\py\\rl\\0325\\0325\\outputs\\stage_1\\formal_scans\\stage1_high_formal_v1\\runs\\main6000_ramp1200_none_seed1_51399fbd\\attempt_0001"", ""D:\\python_install\\py\\rl\\0325\\0325\\outputs\\stage_1\\formal_scans\\stage1_high_formal_v1\\runs\\main6000_ramp1200_none_seed2_51399fbd\\attempt_0001"", ""D:\\python_install\\py\\rl\\0325\\0325\\outputs\\stage_1\\formal_scans\\stage1_high_formal_v1\\runs\\main6000_ramp1200_none_seed3_51399fbd\\attempt_0001"", ""D:\\python_install\\py\\rl\\0325\\0325\\outputs\\stage_1\\formal_scans\\stage1_high_formal_v1\\runs\\main6000_ramp1200_none_seed4_51399fbd\\attempt_0001""]",5,28.042130468373564,27.434534093664432,28.931174926357613,5,11.8,10.0,14.0,5,39.8,39.0,40.0,5,0.5893368877040986,0.5874708430523159,0.5904698433855382
high,1740,5,"[""D:\\python_install\\py\\rl\\0325\\0325\\outputs\\stage_1\\formal_scans\\stage1_high_formal_v1\\runs\\main6000_ramp1200_none_seed0_51399fbd\\attempt_0001"", ""D:\\python_install\\py\\rl\\0325\\0325\\outputs\\stage_1\\formal_scans\\stage1_high_formal_v1\\runs\\main6000_ramp1200_none_seed1_51399fbd\\attempt_0001"", ""D:\\python_install\\py\\rl\\0325\\0325\\outputs\\stage_1\\formal_scans\\stage1_high_formal_v1\\runs\\main6000_ramp1200_none_seed2_51399fbd\\attempt_0001"", ""D:\\python_install\\py\\rl\\0325\\0325\\outputs\\stage_1\\formal_scans\\stage1_high_formal_v1\\runs\\main6000_ramp1200_none_seed3_51399fbd\\attempt_0001"", ""D:\\python_install\\py\\rl\\0325\\0325\\outputs\\stage_1\\formal_scans\\stage1_high_formal_v1\\runs\\main6000_ramp1200_none_seed4_51399fbd\\attempt_0001""]",5,28.201443544031484,27.322879252966626,28.782963539453245,5,10.2,9.0,12.0,5,39.6,38.0,40.0,5,0.5865403462920614,0.5844495262985953,0.5877164325383861
high,1770,5,"[""D:\\python_install\\py\\rl\\0325\\0325\\outputs\\stage_1\\formal_scans\\stage1_high_formal_v1\\runs\\main6000_ramp1200_none_seed0_51399fbd\\attempt_0001"", ""D:\\python_install\\py\\rl\\0325\\0325\\outputs\\stage_1\\formal_scans\\stage1_high_formal_v1\\runs\\main6000_ramp1200_none_seed1_51399fbd\\attempt_0001"", ""D:\\python_install\\py\\rl\\0325\\0325\\outputs\\stage_1\\formal_scans\\stage1_high_formal_v1\\runs\\main6000_ramp1200_none_seed2_51399fbd\\attempt_0001"", ""D:\\python_install\\py\\rl\\0325\\0325\\outputs\\stage_1\\formal_scans\\stage1_high_formal_v1\\runs\\main6000_ramp1200_none_seed3_51399fbd\\attempt_0001"", ""D:\\python_install\\py\\rl\\0325\\0325\\outputs\\stage_1\\formal_scans\\stage1_high_formal_v1\\runs\\main6000_ramp1200_none_seed4_51399fbd\\attempt_0001""]",5,28.267381477817565,27.34679008507486,28.97488232452126,5,10.8,9.0,14.0,5,39.6,39.0,40.0,5,0.5837231656520346,0.581544376802307,0.5850688881768664
high,1800,5,"[""D:\\python_install\\py\\rl\\0325\\0325\\outputs\\stage_1\\formal_scans\\stage1_high_formal_v1\\runs\\main6000_ramp1200_none_seed0_51399fbd\\attempt_0001"", ""D:\\python_install\\py\\rl\\0325\\0325\\outputs\\stage_1\\formal_scans\\stage1_high_formal_v1\\runs\\main6000_ramp1200_none_seed1_51399fbd\\attempt_0001"", ""D:\\python_install\\py\\rl\\0325\\0325\\outputs\\stage_1\\formal_scans\\stage1_high_formal_v1\\runs\\main6000_ramp1200_none_seed2_51399fbd\\attempt_0001"", ""D:\\python_install\\py\\rl\\0325\\0325\\outputs\\stage_1\\formal_scans\\stage1_high_formal_v1\\runs\\main6000_ramp1200_none_seed3_51399fbd\\attempt_0001"", ""D:\\python_install\\py\\rl\\0325\\0325\\outputs\\stage_1\\formal_scans\\stage1_high_formal_v1\\runs\\main6000_ramp1200_none_seed4_51399fbd\\attempt_0001""]",5,28.150095299658638,27.045328451497014,29.089576847213998,5,11.6,8.0,15.0,5,39.8,39.0,40.0,5,0.5813895001571833,0.5790631876768312,0.5831499528450172
high,1830,5,"[""D:\\python_install\\py\\rl\\0325\\0325\\outputs\\stage_1\\formal_scans\\stage1_high_formal_v1\\runs\\main6000_ramp1200_none_seed0_51399fbd\\attempt_0001"", ""D:\\python_install\\py\\rl\\0325\\0325\\outputs\\stage_1\\formal_scans\\stage1_high_formal_v1\\runs\\main6000_ramp1200_none_seed1_51399fbd\\attempt_0001"", ""D:\\python_install\\py\\rl\\0325\\0325\\outputs\\stage_1\\formal_scans\\stage1_high_formal_v1\\runs\\main6000_ramp1200_none_seed2_51399fbd\\attempt_0001"", ""D:\\python_install\\py\\rl\\0325\\0325\\outputs\\stage_1\\formal_scans\\stage1_high_formal_v1\\runs\\main6000_ramp1200_none_seed3_51399fbd\\attempt_0001"", ""D:\\python_install\\py\\rl\\0325\\0325\\outputs\\stage_1\\formal_scans\\stage1_high_formal_v1\\runs\\main6000_ramp1200_none_seed4_51399fbd\\attempt_0001""]",5,28.230799406815756,27.356103450640195,28.987046015202473,5,10.8,7.0,15.0,5,39.8,39.0,40.0,5,0.5789571120024684,0.5769824128355446,0.5803764270286949
high,1860,5,"[""D:\\python_install\\py\\rl\\0325\\0325\\outputs\\stage_1\\formal_scans\\stage1_high_formal_v1\\runs\\main6000_ramp1200_none_seed0_51399fbd\\attempt_0001"", ""D:\\python_install\\py\\rl\\0325\\0325\\outputs\\stage_1\\formal_scans\\stage1_high_formal_v1\\runs\\main6000_ramp1200_none_seed1_51399fbd\\attempt_0001"", ""D:\\python_install\\py\\rl\\0325\\0325\\outputs\\stage_1\\formal_scans\\stage1_high_formal_v1\\runs\\main6000_ramp1200_none_seed2_51399fbd\\attempt_0001"", ""D:\\python_install\\py\\rl\\0325\\0325\\outputs\\stage_1\\formal_scans\\stage1_high_formal_v1\\runs\\main6000_ramp1200_none_seed3_51399fbd\\attempt_0001"", ""D:\\python_install\\py\\rl\\0325\\0325\\outputs\\stage_1\\formal_scans\\stage1_high_formal_v1\\runs\\main6000_ramp1200_none_seed4_51399fbd\\attempt_0001""]",5,28.194136868065357,27.682452406744083,28.84769951823974,5,10.8,8.0,13.0,5,40.0,40.0,40.0,5,0.5764919721296577,0.5746743411087549,0.5780066646470766
high,1890,5,"[""D:\\python_install\\py\\rl\\0325\\0325\\outputs\\stage_1\\formal_scans\\stage1_high_formal_v1\\runs\\main6000_ramp1200_none_seed0_51399fbd\\attempt_0001"", ""D:\\python_install\\py\\rl\\0325\\0325\\outputs\\stage_1\\formal_scans\\stage1_high_formal_v1\\runs\\main6000_ramp1200_none_seed1_51399fbd\\attempt_0001"", ""D:\\python_install\\py\\rl\\0325\\0325\\outputs\\stage_1\\formal_scans\\stage1_high_formal_v1\\runs\\main6000_ramp1200_none_seed2_51399fbd\\attempt_0001"", ""D:\\python_install\\py\\rl\\0325\\0325\\outputs\\stage_1\\formal_scans\\stage1_high_formal_v1\\runs\\main6000_ramp1200_none_seed3_51399fbd\\attempt_0001"", ""D:\\python_install\\py\\rl\\0325\\0325\\outputs\\stage_1\\formal_scans\\stage1_high_formal_v1\\runs\\main6000_ramp1200_none_seed4_51399fbd\\attempt_0001""]",5,28.18711096577423,27.71009885825515,28.419467812468405,5,11.8,9.0,17.0,5,40.0,40.0,40.0,5,0.5741743528711692,0.572448675989289,0.5757215114549241
high,1920,5,"[""D:\\python_install\\py\\rl\\0325\\0325\\outputs\\stage_1\\formal_scans\\stage1_high_formal_v1\\runs\\main6000_ramp1200_none_seed0_51399fbd\\attempt_0001"", ""D:\\python_install\\py\\rl\\0325\\0325\\outputs\\stage_1\\formal_scans\\stage1_high_formal_v1\\runs\\main6000_ramp1200_none_seed1_51399fbd\\attempt_0001"", ""D:\\python_install\\py\\rl\\0325\\0325\\outputs\\stage_1\\formal_scans\\stage1_high_formal_v1\\runs\\main6000_ramp1200_none_seed2_51399fbd\\attempt_0001"", ""D:\\python_install\\py\\rl\\0325\\0325\\outputs\\stage_1\\formal_scans\\stage1_high_formal_v1\\runs\\main6000_ramp1200_none_seed3_51399fbd\\attempt_0001"", ""D:\\python_install\\py\\rl\\0325\\0325\\outputs\\stage_1\\formal_scans\\stage1_high_formal_v1\\runs\\main6000_ramp1200_none_seed4_51399fbd\\attempt_0001""]",5,28.309600140358185,28.10774907085602,28.510217681543857,5,11.6,8.0,15.0,5,40.0,40.0,40.0,5,0.571821104940076,0.5697164571762643,0.5732242034492838
high,1950,5,"[""D:\\python_install\\py\\rl\\0325\\0325\\outputs\\stage_1\\formal_scans\\stage1_high_formal_v1\\runs\\main6000_ramp1200_none_seed0_51399fbd\\attempt_0001"", ""D:\\python_install\\py\\rl\\0325\\0325\\outputs\\stage_1\\formal_scans\\stage1_high_formal_v1\\runs\\main6000_ramp1200_none_seed1_51399fbd\\attempt_0001"", ""D:\\python_install\\py\\rl\\0325\\0325\\outputs\\stage_1\\formal_scans\\stage1_high_formal_v1\\runs\\main6000_ramp1200_none_seed2_51399fbd\\attempt_0001"", ""D:\\python_install\\py\\rl\\0325\\0325\\outputs\\stage_1\\formal_scans\\stage1_high_formal_v1\\runs\\main6000_ramp1200_none_seed3_51399fbd\\attempt_0001"", ""D:\\python_install\\py\\rl\\0325\\0325\\outputs\\stage_1\\formal_scans\\stage1_high_formal_v1\\runs\\main6000_ramp1200_none_seed4_51399fbd\\attempt_0001""]",5,28.431764660208348,28.003446753116137,29.07343302664538,5,12.0,7.0,16.0,5,39.2,37.0,40.0,5,0.5697213444412526,0.5676529732835393,0.5711002585463947
high,1980,5,"[""D:\\python_install\\py\\rl\\0325\\0325\\outputs\\stage_1\\formal_scans\\stage1_high_formal_v1\\runs\\main6000_ramp1200_none_seed0_51399fbd\\attempt_0001"", ""D:\\python_install\\py\\rl\\0325\\0325\\outputs\\stage_1\\formal_scans\\stage1_high_formal_v1\\runs\\main6000_ramp1200_none_seed1_51399fbd\\attempt_0001"", ""D:\\python_install\\py\\rl\\0325\\0325\\outputs\\stage_1\\formal_scans\\stage1_high_formal_v1\\runs\\main6000_ramp1200_none_seed2_51399fbd\\attempt_0001"", ""D:\\python_install\\py\\rl\\0325\\0325\\outputs\\stage_1\\formal_scans\\stage1_high_formal_v1\\runs\\main6000_ramp1200_none_seed3_51399fbd\\attempt_0001"", ""D:\\python_install\\py\\rl\\0325\\0325\\outputs\\stage_1\\formal_scans\\stage1_high_formal_v1\\runs\\main6000_ramp1200_none_seed4_51399fbd\\attempt_0001""]",5,28.354512962756722,28.26816283502247,28.47294310208358,5,9.8,5.0,12.0,5,40.0,40.0,40.0,5,0.5678621858232138,0.565659418243434,0.5698955097430104
high,2010,5,"[""D:\\python_install\\py\\rl\\0325\\0325\\outputs\\stage_1\\formal_scans\\stage1_high_formal_v1\\runs\\main6000_ramp1200_none_seed0_51399fbd\\attempt_0001"", ""D:\\python_install\\py\\rl\\0325\\0325\\outputs\\stage_1\\formal_scans\\stage1_high_formal_v1\\runs\\main6000_ramp1200_none_seed1_51399fbd\\attempt_0001"", ""D:\\python_install\\py\\rl\\0325\\0325\\outputs\\stage_1\\formal_scans\\stage1_high_formal_v1\\runs\\main6000_ramp1200_none_seed2_51399fbd\\attempt_0001"", ""D:\\python_install\\py\\rl\\0325\\0325\\outputs\\stage_1\\formal_scans\\stage1_high_formal_v1\\runs\\main6000_ramp1200_none_seed3_51399fbd\\attempt_0001"", ""D:\\python_install\\py\\rl\\0325\\0325\\outputs\\stage_1\\formal_scans\\stage1_high_formal_v1\\runs\\main6000_ramp1200_none_seed4_51399fbd\\attempt_0001""]",5,28.458807889543728,28.008996738341594,28.868835749224164,5,11.8,8.0,14.0,5,40.0,40.0,40.0,5,0.5658428214384893,0.5637322965842821,0.5678978061649542
high,2040,5,"[""D:\\python_install\\py\\rl\\0325\\0325\\outputs\\stage_1\\formal_scans\\stage1_high_formal_v1\\runs\\main6000_ramp1200_none_seed0_51399fbd\\attempt_0001"", ""D:\\python_install\\py\\rl\\0325\\0325\\outputs\\stage_1\\formal_scans\\stage1_high_formal_v1\\runs\\main6000_ramp1200_none_seed1_51399fbd\\attempt_0001"", ""D:\\python_install\\py\\rl\\0325\\0325\\outputs\\stage_1\\formal_scans\\stage1_high_formal_v1\\runs\\main6000_ramp1200_none_seed2_51399fbd\\attempt_0001"", ""D:\\python_install\\py\\rl\\0325\\0325\\outputs\\stage_1\\formal_scans\\stage1_high_formal_v1\\runs\\main6000_ramp1200_none_seed3_51399fbd\\attempt_0001"", ""D:\\python_install\\py\\rl\\0325\\0325\\outputs\\stage_1\\formal_scans\\stage1_high_formal_v1\\runs\\main6000_ramp1200_none_seed4_51399fbd\\attempt_0001""]",5,28.548001166534913,28.142010294134938,29.02233534612453,5,11.4,10.0,13.0,5,39.8,39.0,40.0,5,0.5637803878721661,0.5618683419830648,0.5654192843485386
high,2070,5,"[""D:\\python_install\\py\\rl\\0325\\0325\\outputs\\stage_1\\formal_scans\\stage1_high_formal_v1\\runs\\main6000_ramp1200_none_seed0_51399fbd\\attempt_0001"", ""D:\\python_install\\py\\rl\\0325\\0325\\outputs\\stage_1\\formal_scans\\stage1_high_formal_v1\\runs\\main6000_ramp1200_none_seed1_51399fbd\\attempt_0001"", ""D:\\python_install\\py\\rl\\0325\\0325\\outputs\\stage_1\\formal_scans\\stage1_high_formal_v1\\runs\\main6000_ramp1200_none_seed2_51399fbd\\attempt_0001"", ""D:\\python_install\\py\\rl\\0325\\0325\\outputs\\stage_1\\formal_scans\\stage1_high_formal_v1\\runs\\main6000_ramp1200_none_seed3_51399fbd\\attempt_0001"", ""D:\\python_install\\py\\rl\\0325\\0325\\outputs\\stage_1\\formal_scans\\stage1_high_formal_v1\\runs\\main6000_ramp1200_none_seed4_51399fbd\\attempt_0001""]",5,28.54123939552474,28.0703037783944,28.90860134724697,5,11.6,11.0,12.0,5,39.8,39.0,40.0,5,0.5618382155334587,0.5600644987906477,0.5635581832840634
high,2100,5,"[""D:\\python_install\\py\\rl\\0325\\0325\\outputs\\stage_1\\formal_scans\\stage1_high_formal_v1\\runs\\main6000_ramp1200_none_seed0_51399fbd\\attempt_0001"", ""D:\\python_install\\py\\rl\\0325\\0325\\outputs\\stage_1\\formal_scans\\stage1_high_formal_v1\\runs\\main6000_ramp1200_none_seed1_51399fbd\\attempt_0001"", ""D:\\python_install\\py\\rl\\0325\\0325\\outputs\\stage_1\\formal_scans\\stage1_high_formal_v1\\runs\\main6000_ramp1200_none_seed2_51399fbd\\attempt_0001"", ""D:\\python_install\\py\\rl\\0325\\0325\\outputs\\stage_1\\formal_scans\\stage1_high_formal_v1\\runs\\main6000_ramp1200_none_seed3_51399fbd\\attempt_0001"", ""D:\\python_install\\py\\rl\\0325\\0325\\outputs\\stage_1\\formal_scans\\stage1_high_formal_v1\\runs\\main6000_ramp1200_none_seed4_51399fbd\\attempt_0001""]",5,28.607346379943827,27.834843917747204,29.276930738040843,5,8.4,5.0,10.0,5,40.0,40.0,40.0,5,0.5601163713303359,0.558317905316054,0.5617561491668871
high,2130,5,"[""D:\\python_install\\py\\rl\\0325\\0325\\outputs\\stage_1\\formal_scans\\stage1_high_formal_v1\\runs\\main6000_ramp1200_none_seed0_51399fbd\\attempt_0001"", ""D:\\python_install\\py\\rl\\0325\\0325\\outputs\\stage_1\\formal_scans\\stage1_high_formal_v1\\runs\\main6000_ramp1200_none_seed1_51399fbd\\attempt_0001"", ""D:\\python_install\\py\\rl\\0325\\0325\\outputs\\stage_1\\formal_scans\\stage1_high_formal_v1\\runs\\main6000_ramp1200_none_seed2_51399fbd\\attempt_0001"", ""D:\\python_install\\py\\rl\\0325\\0325\\outputs\\stage_1\\formal_scans\\stage1_high_formal_v1\\runs\\main6000_ramp1200_none_seed3_51399fbd\\attempt_0001"", ""D:\\python_install\\py\\rl\\0325\\0325\\outputs\\stage_1\\formal_scans\\stage1_high_formal_v1\\runs\\main6000_ramp1200_none_seed4_51399fbd\\attempt_0001""]",5,28.51644469282895,28.166033836749417,29.292305047307796,5,12.2,11.0,15.0,5,40.0,40.0,40.0,5,0.5583441812028117,0.5566258786774277,0.5600104139546993
high,2160,5,"[""D:\\python_install\\py\\rl\\0325\\0325\\outputs\\stage_1\\formal_scans\\stage1_high_formal_v1\\runs\\main6000_ramp1200_none_seed0_51399fbd\\attempt_0001"", ""D:\\python_install\\py\\rl\\0325\\0325\\outputs\\stage_1\\formal_scans\\stage1_high_formal_v1\\runs\\main6000_ramp1200_none_seed1_51399fbd\\attempt_0001"", ""D:\\python_install\\py\\rl\\0325\\0325\\outputs\\stage_1\\formal_scans\\stage1_high_formal_v1\\runs\\main6000_ramp1200_none_seed2_51399fbd\\attempt_0001"", ""D:\\python_install\\py\\rl\\0325\\0325\\outputs\\stage_1\\formal_scans\\stage1_high_formal_v1\\runs\\main6000_ramp1200_none_seed3_51399fbd\\attempt_0001"", ""D:\\python_install\\py\\rl\\0325\\0325\\outputs\\stage_1\\formal_scans\\stage1_high_formal_v1\\runs\\main6000_ramp1200_none_seed4_51399fbd\\attempt_0001""]",5,28.32705042202221,28.07051481602209,28.56666472253986,5,11.4,9.0,14.0,5,39.4,39.0,40.0,5,0.5566265060240964,0.5549859010510125,0.558318379902589
high,2190,5,"[""D:\\python_install\\py\\rl\\0325\\0325\\outputs\\stage_1\\formal_scans\\stage1_high_formal_v1\\runs\\main6000_ramp1200_none_seed0_51399fbd\\attempt_0001"", ""D:\\python_install\\py\\rl\\0325\\0325\\outputs\\stage_1\\formal_scans\\stage1_high_formal_v1\\runs\\main6000_ramp1200_none_seed1_51399fbd\\attempt_0001"", ""D:\\python_install\\py\\rl\\0325\\0325\\outputs\\stage_1\\formal_scans\\stage1_high_formal_v1\\runs\\main6000_ramp1200_none_seed2_51399fbd\\attempt_0001"", ""D:\\python_install\\py\\rl\\0325\\0325\\outputs\\stage_1\\formal_scans\\stage1_high_formal_v1\\runs\\main6000_ramp1200_none_seed3_51399fbd\\attempt_0001"", ""D:\\python_install\\py\\rl\\0325\\0325\\outputs\\stage_1\\formal_scans\\stage1_high_formal_v1\\runs\\main6000_ramp1200_none_seed4_51399fbd\\attempt_0001""]",5,28.404967287202293,28.200270559248015,28.623343282159595,5,9.0,6.0,11.0,5,39.6,39.0,40.0,5,0.5549608684675587,0.5531431456702853,0.5569300681646049
high,2220,5,"[""D:\\python_install\\py\\rl\\0325\\0325\\outputs\\stage_1\\formal_scans\\stage1_high_formal_v1\\runs\\main6000_ramp1200_none_seed0_51399fbd\\attempt_0001"", ""D:\\python_install\\py\\rl\\0325\\0325\\outputs\\stage_1\\formal_scans\\stage1_high_formal_v1\\runs\\main6000_ramp1200_none_seed1_51399fbd\\attempt_0001"", ""D:\\python_install\\py\\rl\\0325\\0325\\outputs\\stage_1\\formal_scans\\stage1_high_formal_v1\\runs\\main6000_ramp1200_none_seed2_51399fbd\\attempt_0001"", ""D:\\python_install\\py\\rl\\0325\\0325\\outputs\\stage_1\\formal_scans\\stage1_high_formal_v1\\runs\\main6000_ramp1200_none_seed3_51399fbd\\attempt_0001"", ""D:\\python_install\\py\\rl\\0325\\0325\\outputs\\stage_1\\formal_scans\\stage1_high_formal_v1\\runs\\main6000_ramp1200_none_seed4_51399fbd\\attempt_0001""]",5,28.311178976012144,28.084592636683936,28.544852683081707,5,12.0,11.0,14.0,5,40.0,40.0,40.0,5,0.5533946779408108,0.5518527729420543,0.5553344939069883
high,2250,5,"[""D:\\python_install\\py\\rl\\0325\\0325\\outputs\\stage_1\\formal_scans\\stage1_high_formal_v1\\runs\\main6000_ramp1200_none_seed0_51399fbd\\attempt_0001"", ""D:\\python_install\\py\\rl\\0325\\0325\\outputs\\stage_1\\formal_scans\\stage1_high_formal_v1\\runs\\main6000_ramp1200_none_seed1_51399fbd\\attempt_0001"", ""D:\\python_install\\py\\rl\\0325\\0325\\outputs\\stage_1\\formal_scans\\stage1_high_formal_v1\\runs\\main6000_ramp1200_none_seed2_51399fbd\\attempt_0001"", ""D:\\python_install\\py\\rl\\0325\\0325\\outputs\\stage_1\\formal_scans\\stage1_high_formal_v1\\runs\\main6000_ramp1200_none_seed3_51399fbd\\attempt_0001"", ""D:\\python_install\\py\\rl\\0325\\0325\\outputs\\stage_1\\formal_scans\\stage1_high_formal_v1\\runs\\main6000_ramp1200_none_seed4_51399fbd\\attempt_0001""]",5,28.38529193354459,28.224240537064016,28.585669631235348,5,10.4,8.0,13.0,5,40.0,40.0,40.0,5,0.5517275177652536,0.5501102670913992,0.5535407988238177
high,2280,5,"[""D:\\python_install\\py\\rl\\0325\\0325\\outputs\\stage_1\\formal_scans\\stage1_high_formal_v1\\runs\\main6000_ramp1200_none_seed0_51399fbd\\attempt_0001"", ""D:\\python_install\\py\\rl\\0325\\0325\\outputs\\stage_1\\formal_scans\\stage1_high_formal_v1\\runs\\main6000_ramp1200_none_seed1_51399fbd\\attempt_0001"", ""D:\\python_install\\py\\rl\\0325\\0325\\outputs\\stage_1\\formal_scans\\stage1_high_formal_v1\\runs\\main6000_ramp1200_none_seed2_51399fbd\\attempt_0001"", ""D:\\python_install\\py\\rl\\0325\\0325\\outputs\\stage_1\\formal_scans\\stage1_high_formal_v1\\runs\\main6000_ramp1200_none_seed3_51399fbd\\attempt_0001"", ""D:\\python_install\\py\\rl\\0325\\0325\\outputs\\stage_1\\formal_scans\\stage1_high_formal_v1\\runs\\main6000_ramp1200_none_seed4_51399fbd\\attempt_0001""]",5,28.05012678213505,27.128238130304727,28.464155232875846,5,10.2,6.0,14.0,5,40.0,40.0,40.0,5,0.550205264428882,0.5484182564597924,0.5522820574740401
high,2310,5,"[""D:\\python_install\\py\\rl\\0325\\0325\\outputs\\stage_1\\formal_scans\\stage1_high_formal_v1\\runs\\main6000_ramp1200_none_seed0_51399fbd\\attempt_0001"", ""D:\\python_install\\py\\rl\\0325\\0325\\outputs\\stage_1\\formal_scans\\stage1_high_formal_v1\\runs\\main6000_ramp1200_none_seed1_51399fbd\\attempt_0001"", ""D:\\python_install\\py\\rl\\0325\\0325\\outputs\\stage_1\\formal_scans\\stage1_high_formal_v1\\runs\\main6000_ramp1200_none_seed2_51399fbd\\attempt_0001"", ""D:\\python_install\\py\\rl\\0325\\0325\\outputs\\stage_1\\formal_scans\\stage1_high_formal_v1\\runs\\main6000_ramp1200_none_seed3_51399fbd\\attempt_0001"", ""D:\\python_install\\py\\rl\\0325\\0325\\outputs\\stage_1\\formal_scans\\stage1_high_formal_v1\\runs\\main6000_ramp1200_none_seed4_51399fbd\\attempt_0001""]",5,28.170511500168733,27.555877212202333,28.887948835154894,5,12.6,10.0,18.0,5,40.0,40.0,40.0,5,0.5487741014044275,0.5470126160437991,0.5505831944775054
high,2340,5,"[""D:\\python_install\\py\\rl\\0325\\0325\\outputs\\stage_1\\formal_scans\\stage1_high_formal_v1\\runs\\main6000_ramp1200_none_seed0_51399fbd\\attempt_0001"", ""D:\\python_install\\py\\rl\\0325\\0325\\outputs\\stage_1\\formal_scans\\stage1_high_formal_v1\\runs\\main6000_ramp1200_none_seed1_51399fbd\\attempt_0001"", ""D:\\python_install\\py\\rl\\0325\\0325\\outputs\\stage_1\\formal_scans\\stage1_high_formal_v1\\runs\\main6000_ramp1200_none_seed2_51399fbd\\attempt_0001"", ""D:\\python_install\\py\\rl\\0325\\0325\\outputs\\stage_1\\formal_scans\\stage1_high_formal_v1\\runs\\main6000_ramp1200_none_seed3_51399fbd\\attempt_0001"", ""D:\\python_install\\py\\rl\\0325\\0325\\outputs\\stage_1\\formal_scans\\stage1_high_formal_v1\\runs\\main6000_ramp1200_none_seed4_51399fbd\\attempt_0001""]",5,28.246222893915892,27.37376592872745,29.08701618479865,5,11.8,9.0,14.0,5,39.8,39.0,40.0,5,0.5471954940154893,0.5456465618399436,0.5489321755456466
high,2370,5,"[""D:\\python_install\\py\\rl\\0325\\0325\\outputs\\stage_1\\formal_scans\\stage1_high_formal_v1\\runs\\main6000_ramp1200_none_seed0_51399fbd\\attempt_0001"", ""D:\\python_install\\py\\rl\\0325\\0325\\outputs\\stage_1\\formal_scans\\stage1_high_formal_v1\\runs\\main6000_ramp1200_none_seed1_51399fbd\\attempt_0001"", ""D:\\python_install\\py\\rl\\0325\\0325\\outputs\\stage_1\\formal_scans\\stage1_high_formal_v1\\runs\\main6000_ramp1200_none_seed2_51399fbd\\attempt_0001"", ""D:\\python_install\\py\\rl\\0325\\0325\\outputs\\stage_1\\formal_scans\\stage1_high_formal_v1\\runs\\main6000_ramp1200_none_seed3_51399fbd\\attempt_0001"", ""D:\\python_install\\py\\rl\\0325\\0325\\outputs\\stage_1\\formal_scans\\stage1_high_formal_v1\\runs\\main6000_ramp1200_none_seed4_51399fbd\\attempt_0001""]",5,28.326630249950473,27.598663556828956,28.89736894966729,5,10.8,9.0,12.0,5,39.8,39.0,40.0,5,0.545892154593844,0.5443184448044435,0.547558435547327
high,2400,5,"[""D:\\python_install\\py\\rl\\0325\\0325\\outputs\\stage_1\\formal_scans\\stage1_high_formal_v1\\runs\\main6000_ramp1200_none_seed0_51399fbd\\attempt_0001"", ""D:\\python_install\\py\\rl\\0325\\0325\\outputs\\stage_1\\formal_scans\\stage1_high_formal_v1\\runs\\main6000_ramp1200_none_seed1_51399fbd\\attempt_0001"", ""D:\\python_install\\py\\rl\\0325\\0325\\outputs\\stage_1\\formal_scans\\stage1_high_formal_v1\\runs\\main6000_ramp1200_none_seed2_51399fbd\\attempt_0001"", ""D:\\python_install\\py\\rl\\0325\\0325\\outputs\\stage_1\\formal_scans\\stage1_high_formal_v1\\runs\\main6000_ramp1200_none_seed3_51399fbd\\attempt_0001"", ""D:\\python_install\\py\\rl\\0325\\0325\\outputs\\stage_1\\formal_scans\\stage1_high_formal_v1\\runs\\main6000_ramp1200_none_seed4_51399fbd\\attempt_0001""]",5,28.23836819260476,27.642957644459827,28.5465414270272,5,8.0,6.0,12.0,5,39.8,39.0,40.0,5,0.5444875599178269,0.5432549646199498,0.5459940652818991
high,2430,5,"[""D:\\python_install\\py\\rl\\0325\\0325\\outputs\\stage_1\\formal_scans\\stage1_high_formal_v1\\runs\\main6000_ramp1200_none_seed0_51399fbd\\attempt_0001"", ""D:\\python_install\\py\\rl\\0325\\0325\\outputs\\stage_1\\formal_scans\\stage1_high_formal_v1\\runs\\main6000_ramp1200_none_seed1_51399fbd\\attempt_0001"", ""D:\\python_install\\py\\rl\\0325\\0325\\outputs\\stage_1\\formal_scans\\stage1_high_formal_v1\\runs\\main6000_ramp1200_none_seed2_51399fbd\\attempt_0001"", ""D:\\python_install\\py\\rl\\0325\\0325\\outputs\\stage_1\\formal_scans\\stage1_high_formal_v1\\runs\\main6000_ramp1200_none_seed3_51399fbd\\attempt_0001"", ""D:\\python_install\\py\\rl\\0325\\0325\\outputs\\stage_1\\formal_scans\\stage1_high_formal_v1\\runs\\main6000_ramp1200_none_seed4_51399fbd\\attempt_0001""]",5,28.072588691393207,27.545854743891873,28.340407400920117,5,13.0,11.0,15.0,5,39.6,39.0,40.0,5,0.5454216595071218,0.5439746778204838,0.5471399502600045
high,2460,5,"[""D:\\python_install\\py\\rl\\0325\\0325\\outputs\\stage_1\\formal_scans\\stage1_high_formal_v1\\runs\\main6000_ramp1200_none_seed0_51399fbd\\attempt_0001"", ""D:\\python_install\\py\\rl\\0325\\0325\\outputs\\stage_1\\formal_scans\\stage1_high_formal_v1\\runs\\main6000_ramp1200_none_seed1_51399fbd\\attempt_0001"", ""D:\\python_install\\py\\rl\\0325\\0325\\outputs\\stage_1\\formal_scans\\stage1_high_formal_v1\\runs\\main6000_ramp1200_none_seed2_51399fbd\\attempt_0001"", ""D:\\python_install\\py\\rl\\0325\\0325\\outputs\\stage_1\\formal_scans\\stage1_high_formal_v1\\runs\\main6000_ramp1200_none_seed3_51399fbd\\attempt_0001"", ""D:\\python_install\\py\\rl\\0325\\0325\\outputs\\stage_1\\formal_scans\\stage1_high_formal_v1\\runs\\main6000_ramp1200_none_seed4_51399fbd\\attempt_0001""]",5,28.14466222496896,27.805444516742813,28.46342142422849,5,12.6,9.0,16.0,5,40.0,40.0,40.0,5,0.5463381858902576,0.5449048152295632,0.5480403135498321
high,2490,5,"[""D:\\python_install\\py\\rl\\0325\\0325\\outputs\\stage_1\\formal_scans\\stage1_high_formal_v1\\runs\\main6000_ramp1200_none_seed0_51399fbd\\attempt_0001"", ""D:\\python_install\\py\\rl\\0325\\0325\\outputs\\stage_1\\formal_scans\\stage1_high_formal_v1\\runs\\main6000_ramp1200_none_seed1_51399fbd\\attempt_0001"", ""D:\\python_install\\py\\rl\\0325\\0325\\outputs\\stage_1\\formal_scans\\stage1_high_formal_v1\\runs\\main6000_ramp1200_none_seed2_51399fbd\\attempt_0001"", ""D:\\python_install\\py\\rl\\0325\\0325\\outputs\\stage_1\\formal_scans\\stage1_high_formal_v1\\runs\\main6000_ramp1200_none_seed3_51399fbd\\attempt_0001"", ""D:\\python_install\\py\\rl\\0325\\0325\\outputs\\stage_1\\formal_scans\\stage1_high_formal_v1\\runs\\main6000_ramp1200_none_seed4_51399fbd\\attempt_0001""]",5,28.397914835205654,27.407749494786128,28.85178126050509,5,9.4,7.0,12.0,5,40.0,40.0,40.0,5,0.5472376303527845,0.5458176170401597,0.5489238961615265
high,2520,5,"[""D:\\python_install\\py\\rl\\0325\\0325\\outputs\\stage_1\\formal_scans\\stage1_high_formal_v1\\runs\\main6000_ramp1200_none_seed0_51399fbd\\attempt_0001"", ""D:\\python_install\\py\\rl\\0325\\0325\\outputs\\stage_1\\formal_scans\\stage1_high_formal_v1\\runs\\main6000_ramp1200_none_seed1_51399fbd\\attempt_0001"", ""D:\\python_install\\py\\rl\\0325\\0325\\outputs\\stage_1\\formal_scans\\stage1_high_formal_v1\\runs\\main6000_ramp1200_none_seed2_51399fbd\\attempt_0001"", ""D:\\python_install\\py\\rl\\0325\\0325\\outputs\\stage_1\\formal_scans\\stage1_high_formal_v1\\runs\\main6000_ramp1200_none_seed3_51399fbd\\attempt_0001"", ""D:\\python_install\\py\\rl\\0325\\0325\\outputs\\stage_1\\formal_scans\\stage1_high_formal_v1\\runs\\main6000_ramp1200_none_seed4_51399fbd\\attempt_0001""]",5,28.237826380725938,27.79164800553665,28.583457106042797,5,10.6,10.0,12.0,5,39.8,39.0,40.0,5,0.5480765003297428,0.546713563420532,0.5497911628929435
high,2550,5,"[""D:\\python_install\\py\\rl\\0325\\0325\\outputs\\stage_1\\formal_scans\\stage1_high_formal_v1\\runs\\main6000_ramp1200_none_seed0_51399fbd\\attempt_0001"", ""D:\\python_install\\py\\rl\\0325\\0325\\outputs\\stage_1\\formal_scans\\stage1_high_formal_v1\\runs\\main6000_ramp1200_none_seed1_51399fbd\\attempt_0001"", ""D:\\python_install\\py\\rl\\0325\\0325\\outputs\\stage_1\\formal_scans\\stage1_high_formal_v1\\runs\\main6000_ramp1200_none_seed2_51399fbd\\attempt_0001"", ""D:\\python_install\\py\\rl\\0325\\0325\\outputs\\stage_1\\formal_scans\\stage1_high_formal_v1\\runs\\main6000_ramp1200_none_seed3_51399fbd\\attempt_0001"", ""D:\\python_install\\py\\rl\\0325\\0325\\outputs\\stage_1\\formal_scans\\stage1_high_formal_v1\\runs\\main6000_ramp1200_none_seed4_51399fbd\\attempt_0001""]",5,28.171032957999103,27.509003283446262,28.594751184661607,5,11.8,11.0,15.0,5,39.8,39.0,40.0,5,0.5489000217817469,0.5478109344369418,0.550424744064474
high,2580,5,"[""D:\\python_install\\py\\rl\\0325\\0325\\outputs\\stage_1\\formal_scans\\stage1_high_formal_v1\\runs\\main6000_ramp1200_none_seed0_51399fbd\\attempt_0001"", ""D:\\python_install\\py\\rl\\0325\\0325\\outputs\\stage_1\\formal_scans\\stage1_high_formal_v1\\runs\\main6000_ramp1200_none_seed1_51399fbd\\attempt_0001"", ""D:\\python_install\\py\\rl\\0325\\0325\\outputs\\stage_1\\formal_scans\\stage1_high_formal_v1\\runs\\main6000_ramp1200_none_seed2_51399fbd\\attempt_0001"", ""D:\\python_install\\py\\rl\\0325\\0325\\outputs\\stage_1\\formal_scans\\stage1_high_formal_v1\\runs\\main6000_ramp1200_none_seed3_51399fbd\\attempt_0001"", ""D:\\python_install\\py\\rl\\0325\\0325\\outputs\\stage_1\\formal_scans\\stage1_high_formal_v1\\runs\\main6000_ramp1200_none_seed4_51399fbd\\attempt_0001""]",5,28.217594510329274,27.65299403022283,28.83937475561078,5,10.8,8.0,13.0,5,39.6,39.0,40.0,5,0.5497517807036477,0.5488884092380747,0.5512626807684006
high,2610,5,"[""D:\\python_install\\py\\rl\\0325\\0325\\outputs\\stage_1\\formal_scans\\stage1_high_formal_v1\\runs\\main6000_ramp1200_none_seed0_51399fbd\\attempt_0001"", ""D:\\python_install\\py\\rl\\0325\\0325\\outputs\\stage_1\\formal_scans\\stage1_high_formal_v1\\runs\\main6000_ramp1200_none_seed1_51399fbd\\attempt_0001"", ""D:\\python_install\\py\\rl\\0325\\0325\\outputs\\stage_1\\formal_scans\\stage1_high_formal_v1\\runs\\main6000_ramp1200_none_seed2_51399fbd\\attempt_0001"", ""D:\\python_install\\py\\rl\\0325\\0325\\outputs\\stage_1\\formal_scans\\stage1_high_formal_v1\\runs\\main6000_ramp1200_none_seed3_51399fbd\\attempt_0001"", ""D:\\python_install\\py\\rl\\0325\\0325\\outputs\\stage_1\\formal_scans\\stage1_high_formal_v1\\runs\\main6000_ramp1200_none_seed4_51399fbd\\attempt_0001""]",5,28.13982087748645,27.20893578441556,28.780222195901473,5,12.0,9.0,13.0,5,39.8,39.0,40.0,5,0.5506310160427808,0.5497326203208556,0.5518716577540107
high,2640,5,"[""D:\\python_install\\py\\rl\\0325\\0325\\outputs\\stage_1\\formal_scans\\stage1_high_formal_v1\\runs\\main6000_ramp1200_none_seed0_51399fbd\\attempt_0001"", ""D:\\python_install\\py\\rl\\0325\\0325\\outputs\\stage_1\\formal_scans\\stage1_high_formal_v1\\runs\\main6000_ramp1200_none_seed1_51399fbd\\attempt_0001"", ""D:\\python_install\\py\\rl\\0325\\0325\\outputs\\stage_1\\formal_scans\\stage1_high_formal_v1\\runs\\main6000_ramp1200_none_seed2_51399fbd\\attempt_0001"", ""D:\\python_install\\py\\rl\\0325\\0325\\outputs\\stage_1\\formal_scans\\stage1_high_formal_v1\\runs\\main6000_ramp1200_none_seed3_51399fbd\\attempt_0001"", ""D:\\python_install\\py\\rl\\0325\\0325\\outputs\\stage_1\\formal_scans\\stage1_high_formal_v1\\runs\\main6000_ramp1200_none_seed4_51399fbd\\attempt_0001""]",5,28.130284706694805,27.808884190091856,28.643409094346136,5,11.8,9.0,14.0,5,40.0,40.0,40.0,5,0.5513673945304218,0.550561797752809,0.552681789272843
high,2670,5,"[""D:\\python_install\\py\\rl\\0325\\0325\\outputs\\stage_1\\formal_scans\\stage1_high_formal_v1\\runs\\main6000_ramp1200_none_seed0_51399fbd\\attempt_0001"", ""D:\\python_install\\py\\rl\\0325\\0325\\outputs\\stage_1\\formal_scans\\stage1_high_formal_v1\\runs\\main6000_ramp1200_none_seed1_51399fbd\\attempt_0001"", ""D:\\python_install\\py\\rl\\0325\\0325\\outputs\\stage_1\\formal_scans\\stage1_high_formal_v1\\runs\\main6000_ramp1200_none_seed2_51399fbd\\attempt_0001"", ""D:\\python_install\\py\\rl\\0325\\0325\\outputs\\stage_1\\formal_scans\\stage1_high_formal_v1\\runs\\main6000_ramp1200_none_seed3_51399fbd\\attempt_0001"", ""D:\\python_install\\py\\rl\\0325\\0325\\outputs\\stage_1\\formal_scans\\stage1_high_formal_v1\\runs\\main6000_ramp1200_none_seed4_51399fbd\\attempt_0001""]",5,28.10645664193846,27.278153640665685,28.680300690034183,5,12.0,10.0,15.0,5,39.2,38.0,40.0,5,0.5520487497373398,0.5511662113889473,0.5532674931708342
high,2700,5,"[""D:\\python_install\\py\\rl\\0325\\0325\\outputs\\stage_1\\formal_scans\\stage1_high_formal_v1\\runs\\main6000_ramp1200_none_seed0_51399fbd\\attempt_0001"", ""D:\\python_install\\py\\rl\\0325\\0325\\outputs\\stage_1\\formal_scans\\stage1_high_formal_v1\\runs\\main6000_ramp1200_none_seed1_51399fbd\\attempt_0001"", ""D:\\python_install\\py\\rl\\0325\\0325\\outputs\\stage_1\\formal_scans\\stage1_high_formal_v1\\runs\\main6000_ramp1200_none_seed2_51399fbd\\attempt_0001"", ""D:\\python_install\\py\\rl\\0325\\0325\\outputs\\stage_1\\formal_scans\\stage1_high_formal_v1\\runs\\main6000_ramp1200_none_seed3_51399fbd\\attempt_0001"", ""D:\\python_install\\py\\rl\\0325\\0325\\outputs\\stage_1\\formal_scans\\stage1_high_formal_v1\\runs\\main6000_ramp1200_none_seed4_51399fbd\\attempt_0001""]",5,28.13552767708803,27.781596368354858,28.682411327978443,5,10.2,9.0,14.0,5,40.0,40.0,40.0,5,0.5529264736513226,0.5519683399291814,0.5542595292647365
high,2730,5,"[""D:\\python_install\\py\\rl\\0325\\0325\\outputs\\stage_1\\formal_scans\\stage1_high_formal_v1\\runs\\main6000_ramp1200_none_seed0_51399fbd\\attempt_0001"", ""D:\\python_install\\py\\rl\\0325\\0325\\outputs\\stage_1\\formal_scans\\stage1_high_formal_v1\\runs\\main6000_ramp1200_none_seed1_51399fbd\\attempt_0001"", ""D:\\python_install\\py\\rl\\0325\\0325\\outputs\\stage_1\\formal_scans\\stage1_high_formal_v1\\runs\\main6000_ramp1200_none_seed2_51399fbd\\attempt_0001"", ""D:\\python_install\\py\\rl\\0325\\0325\\outputs\\stage_1\\formal_scans\\stage1_high_formal_v1\\runs\\main6000_ramp1200_none_seed3_51399fbd\\attempt_0001"", ""D:\\python_install\\py\\rl\\0325\\0325\\outputs\\stage_1\\formal_scans\\stage1_high_formal_v1\\runs\\main6000_ramp1200_none_seed4_51399fbd\\attempt_0001""]",5,28.058877884168187,27.605936616880168,28.354538207925167,5,9.8,8.0,12.0,5,40.0,40.0,40.0,5,0.5536650836258518,0.5527565558538097,0.555027875283915
high,2760,5,"[""D:\\python_install\\py\\rl\\0325\\0325\\outputs\\stage_1\\formal_scans\\stage1_high_formal_v1\\runs\\main6000_ramp1200_none_seed0_51399fbd\\attempt_0001"", ""D:\\python_install\\py\\rl\\0325\\0325\\outputs\\stage_1\\formal_scans\\stage1_high_formal_v1\\runs\\main6000_ramp1200_none_seed1_51399fbd\\attempt_0001"", ""D:\\python_install\\py\\rl\\0325\\0325\\outputs\\stage_1\\formal_scans\\stage1_high_formal_v1\\runs\\main6000_ramp1200_none_seed2_51399fbd\\attempt_0001"", ""D:\\python_install\\py\\rl\\0325\\0325\\outputs\\stage_1\\formal_scans\\stage1_high_formal_v1\\runs\\main6000_ramp1200_none_seed3_51399fbd\\attempt_0001"", ""D:\\python_install\\py\\rl\\0325\\0325\\outputs\\stage_1\\formal_scans\\stage1_high_formal_v1\\runs\\main6000_ramp1200_none_seed4_51399fbd\\attempt_0001""]",5,28.017738756630386,27.488868173912575,28.579566740911364,5,12.2,11.0,13.0,5,39.6,38.0,40.0,5,0.5543909928352099,0.5535312180143296,0.5557830092118731
high,2790,5,"[""D:\\python_install\\py\\rl\\0325\\0325\\outputs\\stage_1\\formal_scans\\stage1_high_formal_v1\\runs\\main6000_ramp1200_none_seed0_51399fbd\\attempt_0001"", ""D:\\python_install\\py\\rl\\0325\\0325\\outputs\\stage_1\\formal_scans\\stage1_high_formal_v1\\runs\\main6000_ramp1200_none_seed1_51399fbd\\attempt_0001"", ""D:\\python_install\\py\\rl\\0325\\0325\\outputs\\stage_1\\formal_scans\\stage1_high_formal_v1\\runs\\main6000_ramp1200_none_seed2_51399fbd\\attempt_0001"", ""D:\\python_install\\py\\rl\\0325\\0325\\outputs\\stage_1\\formal_scans\\stage1_high_formal_v1\\runs\\main6000_ramp1200_none_seed3_51399fbd\\attempt_0001"", ""D:\\python_install\\py\\rl\\0325\\0325\\outputs\\stage_1\\formal_scans\\stage1_high_formal_v1\\runs\\main6000_ramp1200_none_seed4_51399fbd\\attempt_0001""]",5,28.363795031165278,27.84178759964481,28.822530882785085,5,12.4,10.0,16.0,5,40.0,40.0,40.0,5,0.5551857113862391,0.5542926730261822,0.556322305662675
high,2820,5,"[""D:\\python_install\\py\\rl\\0325\\0325\\outputs\\stage_1\\formal_scans\\stage1_high_formal_v1\\runs\\main6000_ramp1200_none_seed0_51399fbd\\attempt_0001"", ""D:\\python_install\\py\\rl\\0325\\0325\\outputs\\stage_1\\formal_scans\\stage1_high_formal_v1\\runs\\main6000_ramp1200_none_seed1_51399fbd\\attempt_0001"", ""D:\\python_install\\py\\rl\\0325\\0325\\outputs\\stage_1\\formal_scans\\stage1_high_formal_v1\\runs\\main6000_ramp1200_none_seed2_51399fbd\\attempt_0001"", ""D:\\python_install\\py\\rl\\0325\\0325\\outputs\\stage_1\\formal_scans\\stage1_high_formal_v1\\runs\\main6000_ramp1200_none_seed3_51399fbd\\attempt_0001"", ""D:\\python_install\\py\\rl\\0325\\0325\\outputs\\stage_1\\formal_scans\\stage1_high_formal_v1\\runs\\main6000_ramp1200_none_seed4_51399fbd\\attempt_0001""]",5,28.07339461482228,27.297877491961483,28.69885645525605,5,12.2,11.0,14.0,5,39.8,39.0,40.0,5,0.5558462467297243,0.5548400080499094,0.5570537331455021
high,2850,5,"[""D:\\python_install\\py\\rl\\0325\\0325\\outputs\\stage_1\\formal_scans\\stage1_high_formal_v1\\runs\\main6000_ramp1200_none_seed0_51399fbd\\attempt_0001"", ""D:\\python_install\\py\\rl\\0325\\0325\\outputs\\stage_1\\formal_scans\\stage1_high_formal_v1\\runs\\main6000_ramp1200_none_seed1_51399fbd\\attempt_0001"", ""D:\\python_install\\py\\rl\\0325\\0325\\outputs\\stage_1\\formal_scans\\stage1_high_formal_v1\\runs\\main6000_ramp1200_none_seed2_51399fbd\\attempt_0001"", ""D:\\python_install\\py\\rl\\0325\\0325\\outputs\\stage_1\\formal_scans\\stage1_high_formal_v1\\runs\\main6000_ramp1200_none_seed3_51399fbd\\attempt_0001"", ""D:\\python_install\\py\\rl\\0325\\0325\\outputs\\stage_1\\formal_scans\\stage1_high_formal_v1\\runs\\main6000_ramp1200_none_seed4_51399fbd\\attempt_0001""]",5,28.289528182333054,27.772105553370295,28.76004245563948,5,11.6,9.0,15.0,5,39.8,39.0,40.0,5,0.5565755338255837,0.5557772899620834,0.5577728996208342
high,2880,5,"[""D:\\python_install\\py\\rl\\0325\\0325\\outputs\\stage_1\\formal_scans\\stage1_high_formal_v1\\runs\\main6000_ramp1200_none_seed0_51399fbd\\attempt_0001"", ""D:\\python_install\\py\\rl\\0325\\0325\\outputs\\stage_1\\formal_scans\\stage1_high_formal_v1\\runs\\main6000_ramp1200_none_seed1_51399fbd\\attempt_0001"", ""D:\\python_install\\py\\rl\\0325\\0325\\outputs\\stage_1\\formal_scans\\stage1_high_formal_v1\\runs\\main6000_ramp1200_none_seed2_51399fbd\\attempt_0001"", ""D:\\python_install\\py\\rl\\0325\\0325\\outputs\\stage_1\\formal_scans\\stage1_high_formal_v1\\runs\\main6000_ramp1200_none_seed3_51399fbd\\attempt_0001"", ""D:\\python_install\\py\\rl\\0325\\0325\\outputs\\stage_1\\formal_scans\\stage1_high_formal_v1\\runs\\main6000_ramp1200_none_seed4_51399fbd\\attempt_0001""]",5,28.074115610646384,27.67451113240801,28.386769623771382,5,11.2,9.0,14.0,5,39.4,38.0,40.0,5,0.5572531169602216,0.5565010884622996,0.5586780130615476
high,2910,5,"[""D:\\python_install\\py\\rl\\0325\\0325\\outputs\\stage_1\\formal_scans\\stage1_high_formal_v1\\runs\\main6000_ramp1200_none_seed0_51399fbd\\attempt_0001"", ""D:\\python_install\\py\\rl\\0325\\0325\\outputs\\stage_1\\formal_scans\\stage1_high_formal_v1\\runs\\main6000_ramp1200_none_seed1_51399fbd\\attempt_0001"", ""D:\\python_install\\py\\rl\\0325\\0325\\outputs\\stage_1\\formal_scans\\stage1_high_formal_v1\\runs\\main6000_ramp1200_none_seed2_51399fbd\\attempt_0001"", ""D:\\python_install\\py\\rl\\0325\\0325\\outputs\\stage_1\\formal_scans\\stage1_high_formal_v1\\runs\\main6000_ramp1200_none_seed3_51399fbd\\attempt_0001"", ""D:\\python_install\\py\\rl\\0325\\0325\\outputs\\stage_1\\formal_scans\\stage1_high_formal_v1\\runs\\main6000_ramp1200_none_seed4_51399fbd\\attempt_0001""]",5,27.968506238408406,27.594569399651963,28.23043095214843,5,11.4,9.0,13.0,5,39.8,39.0,40.0,5,0.5579587831207066,0.5570166830225711,0.5593719332679097
high,2940,5,"[""D:\\python_install\\py\\rl\\0325\\0325\\outputs\\stage_1\\formal_scans\\stage1_high_formal_v1\\runs\\main6000_ramp1200_none_seed0_51399fbd\\attempt_0001"", ""D:\\python_install\\py\\rl\\0325\\0325\\outputs\\stage_1\\formal_scans\\stage1_high_formal_v1\\runs\\main6000_ramp1200_none_seed1_51399fbd\\attempt_0001"", ""D:\\python_install\\py\\rl\\0325\\0325\\outputs\\stage_1\\formal_scans\\stage1_high_formal_v1\\runs\\main6000_ramp1200_none_seed2_51399fbd\\attempt_0001"", ""D:\\python_install\\py\\rl\\0325\\0325\\outputs\\stage_1\\formal_scans\\stage1_high_formal_v1\\runs\\main6000_ramp1200_none_seed3_51399fbd\\attempt_0001"", ""D:\\python_install\\py\\rl\\0325\\0325\\outputs\\stage_1\\formal_scans\\stage1_high_formal_v1\\runs\\main6000_ramp1200_none_seed4_51399fbd\\attempt_0001""]",5,27.737754859853887,27.51737438666516,28.384275404526207,5,11.8,9.0,14.0,5,40.0,40.0,40.0,5,0.5585750437998832,0.5577185127506327,0.559859840373759
high,2970,5,"[""D:\\python_install\\py\\rl\\0325\\0325\\outputs\\stage_1\\formal_scans\\stage1_high_formal_v1\\runs\\main6000_ramp1200_none_seed0_51399fbd\\attempt_0001"", ""D:\\python_install\\py\\rl\\0325\\0325\\outputs\\stage_1\\formal_scans\\stage1_high_formal_v1\\runs\\main6000_ramp1200_none_seed1_51399fbd\\attempt_0001"", ""D:\\python_install\\py\\rl\\0325\\0325\\outputs\\stage_1\\formal_scans\\stage1_high_formal_v1\\runs\\main6000_ramp1200_none_seed2_51399fbd\\attempt_0001"", ""D:\\python_install\\py\\rl\\0325\\0325\\outputs\\stage_1\\formal_scans\\stage1_high_formal_v1\\runs\\main6000_ramp1200_none_seed3_51399fbd\\attempt_0001"", ""D:\\python_install\\py\\rl\\0325\\0325\\outputs\\stage_1\\formal_scans\\stage1_high_formal_v1\\runs\\main6000_ramp1200_none_seed4_51399fbd\\attempt_0001""]",5,28.05919854532116,27.47275384088157,28.849561413556998,5,10.4,7.0,12.0,5,40.0,40.0,40.0,5,0.5591813091330373,0.5582158717899208,0.5603398339447769
high,3000,5,"[""D:\\python_install\\py\\rl\\0325\\0325\\outputs\\stage_1\\formal_scans\\stage1_high_formal_v1\\runs\\main6000_ramp1200_none_seed0_51399fbd\\attempt_0001"", ""D:\\python_install\\py\\rl\\0325\\0325\\outputs\\stage_1\\formal_scans\\stage1_high_formal_v1\\runs\\main6000_ramp1200_none_seed1_51399fbd\\attempt_0001"", ""D:\\python_install\\py\\rl\\0325\\0325\\outputs\\stage_1\\formal_scans\\stage1_high_formal_v1\\runs\\main6000_ramp1200_none_seed2_51399fbd\\attempt_0001"", ""D:\\python_install\\py\\rl\\0325\\0325\\outputs\\stage_1\\formal_scans\\stage1_high_formal_v1\\runs\\main6000_ramp1200_none_seed3_51399fbd\\attempt_0001"", ""D:\\python_install\\py\\rl\\0325\\0325\\outputs\\stage_1\\formal_scans\\stage1_high_formal_v1\\runs\\main6000_ramp1200_none_seed4_51399fbd\\attempt_0001""]",5,27.962365094864673,27.36053628728287,28.839150305126083,5,11.8,10.0,13.0,5,39.8,39.0,40.0,5,0.5598161271787013,0.5588967630722084,0.5610036391495882
high,3030,5,"[""D:\\python_install\\py\\rl\\0325\\0325\\outputs\\stage_1\\formal_scans\\stage1_high_formal_v1\\runs\\main6000_ramp1200_none_seed0_51399fbd\\attempt_0001"", ""D:\\python_install\\py\\rl\\0325\\0325\\outputs\\stage_1\\formal_scans\\stage1_high_formal_v1\\runs\\main6000_ramp1200_none_seed1_51399fbd\\attempt_0001"", ""D:\\python_install\\py\\rl\\0325\\0325\\outputs\\stage_1\\formal_scans\\stage1_high_formal_v1\\runs\\main6000_ramp1200_none_seed2_51399fbd\\attempt_0001"", ""D:\\python_install\\py\\rl\\0325\\0325\\outputs\\stage_1\\formal_scans\\stage1_high_formal_v1\\runs\\main6000_ramp1200_none_seed3_51399fbd\\attempt_0001"", ""D:\\python_install\\py\\rl\\0325\\0325\\outputs\\stage_1\\formal_scans\\stage1_high_formal_v1\\runs\\main6000_ramp1200_none_seed4_51399fbd\\attempt_0001""]",5,27.707741305707355,27.143673423586847,28.29834192215818,5,10.2,9.0,13.0,5,39.4,38.0,40.0,5,0.5604788143644309,0.5595667870036101,0.5616568497054911
high,3060,5,"[""D:\\python_install\\py\\rl\\0325\\0325\\outputs\\stage_1\\formal_scans\\stage1_high_formal_v1\\runs\\main6000_ramp1200_none_seed0_51399fbd\\attempt_0001"", ""D:\\python_install\\py\\rl\\0325\\0325\\outputs\\stage_1\\formal_scans\\stage1_high_formal_v1\\runs\\main6000_ramp1200_none_seed1_51399fbd\\attempt_0001"", ""D:\\python_install\\py\\rl\\0325\\0325\\outputs\\stage_1\\formal_scans\\stage1_high_formal_v1\\runs\\main6000_ramp1200_none_seed2_51399fbd\\attempt_0001"", ""D:\\python_install\\py\\rl\\0325\\0325\\outputs\\stage_1\\formal_scans\\stage1_high_formal_v1\\runs\\main6000_ramp1200_none_seed3_51399fbd\\attempt_0001"", ""D:\\python_install\\py\\rl\\0325\\0325\\outputs\\stage_1\\formal_scans\\stage1_high_formal_v1\\runs\\main6000_ramp1200_none_seed4_51399fbd\\attempt_0001""]",5,28.018426758765816,27.557163343328604,28.50038836971617,5,12.0,8.0,15.0,5,39.6,39.0,40.0,5,0.5611687087653158,0.5606032045240339,0.5622997172478793
high,3090,5,"[""D:\\python_install\\py\\rl\\0325\\0325\\outputs\\stage_1\\formal_scans\\stage1_high_formal_v1\\runs\\main6000_ramp1200_none_seed0_51399fbd\\attempt_0001"", ""D:\\python_install\\py\\rl\\0325\\0325\\outputs\\stage_1\\formal_scans\\stage1_high_formal_v1\\runs\\main6000_ramp1200_none_seed1_51399fbd\\attempt_0001"", ""D:\\python_install\\py\\rl\\0325\\0325\\outputs\\stage_1\\formal_scans\\stage1_high_formal_v1\\runs\\main6000_ramp1200_none_seed2_51399fbd\\attempt_0001"", ""D:\\python_install\\py\\rl\\0325\\0325\\outputs\\stage_1\\formal_scans\\stage1_high_formal_v1\\runs\\main6000_ramp1200_none_seed3_51399fbd\\attempt_0001"", ""D:\\python_install\\py\\rl\\0325\\0325\\outputs\\stage_1\\formal_scans\\stage1_high_formal_v1\\runs\\main6000_ramp1200_none_seed4_51399fbd\\attempt_0001""]",5,28.077758410860078,27.698558355189235,28.68041840861448,5,12.4,10.0,14.0,5,39.6,39.0,40.0,5,0.5617729567982046,0.5612492986721526,0.5627454647465868
high,3120,5,"[""D:\\python_install\\py\\rl\\0325\\0325\\outputs\\stage_1\\formal_scans\\stage1_high_formal_v1\\runs\\main6000_ramp1200_none_seed0_51399fbd\\attempt_0001"", ""D:\\python_install\\py\\rl\\0325\\0325\\outputs\\stage_1\\formal_scans\\stage1_high_formal_v1\\runs\\main6000_ramp1200_none_seed1_51399fbd\\attempt_0001"", ""D:\\python_install\\py\\rl\\0325\\0325\\outputs\\stage_1\\formal_scans\\stage1_high_formal_v1\\runs\\main6000_ramp1200_none_seed2_51399fbd\\attempt_0001"", ""D:\\python_install\\py\\rl\\0325\\0325\\outputs\\stage_1\\formal_scans\\stage1_high_formal_v1\\runs\\main6000_ramp1200_none_seed3_51399fbd\\attempt_0001"", ""D:\\python_install\\py\\rl\\0325\\0325\\outputs\\stage_1\\formal_scans\\stage1_high_formal_v1\\runs\\main6000_ramp1200_none_seed4_51399fbd\\attempt_0001""]",5,28.17577368570482,27.875377908165827,28.74469652208736,5,8.6,7.0,11.0,5,40.0,40.0,40.0,5,0.5624420115049175,0.5616997587678605,0.5635553906105029
high,3150,5,"[""D:\\python_install\\py\\rl\\0325\\0325\\outputs\\stage_1\\formal_scans\\stage1_high_formal_v1\\runs\\main6000_ramp1200_none_seed0_51399fbd\\attempt_0001"", ""D:\\python_install\\py\\rl\\0325\\0325\\outputs\\stage_1\\formal_scans\\stage1_high_formal_v1\\runs\\main6000_ramp1200_none_seed1_51399fbd\\attempt_0001"", ""D:\\python_install\\py\\rl\\0325\\0325\\outputs\\stage_1\\formal_scans\\stage1_high_formal_v1\\runs\\main6000_ramp1200_none_seed2_51399fbd\\attempt_0001"", ""D:\\python_install\\py\\rl\\0325\\0325\\outputs\\stage_1\\formal_scans\\stage1_high_formal_v1\\runs\\main6000_ramp1200_none_seed3_51399fbd\\attempt_0001"", ""D:\\python_install\\py\\rl\\0325\\0325\\outputs\\stage_1\\formal_scans\\stage1_high_formal_v1\\runs\\main6000_ramp1200_none_seed4_51399fbd\\attempt_0001""]",5,28.488777437050004,28.204931186788954,28.796577280478928,5,11.4,10.0,12.0,5,40.0,40.0,40.0,5,0.5629534155772418,0.56232737985638,0.5641686613883262
high,3180,5,"[""D:\\python_install\\py\\rl\\0325\\0325\\outputs\\stage_1\\formal_scans\\stage1_high_formal_v1\\runs\\main6000_ramp1200_none_seed0_51399fbd\\attempt_0001"", ""D:\\python_install\\py\\rl\\0325\\0325\\outputs\\stage_1\\formal_scans\\stage1_high_formal_v1\\runs\\main6000_ramp1200_none_seed1_51399fbd\\attempt_0001"", ""D:\\python_install\\py\\rl\\0325\\0325\\outputs\\stage_1\\formal_scans\\stage1_high_formal_v1\\runs\\main6000_ramp1200_none_seed2_51399fbd\\attempt_0001"", ""D:\\python_install\\py\\rl\\0325\\0325\\outputs\\stage_1\\formal_scans\\stage1_high_formal_v1\\runs\\main6000_ramp1200_none_seed3_51399fbd\\attempt_0001"", ""D:\\python_install\\py\\rl\\0325\\0325\\outputs\\stage_1\\formal_scans\\stage1_high_formal_v1\\runs\\main6000_ramp1200_none_seed4_51399fbd\\attempt_0001""]",5,28.440766242861923,27.992888198997072,28.94932972256675,5,13.0,11.0,16.0,5,39.6,38.0,40.0,5,0.5635665996711128,0.5629453681710214,0.5647725196418784
high,3210,5,"[""D:\\python_install\\py\\rl\\0325\\0325\\outputs\\stage_1\\formal_scans\\stage1_high_formal_v1\\runs\\main6000_ramp1200_none_seed0_51399fbd\\attempt_0001"", ""D:\\python_install\\py\\rl\\0325\\0325\\outputs\\stage_1\\formal_scans\\stage1_high_formal_v1\\runs\\main6000_ramp1200_none_seed1_51399fbd\\attempt_0001"", ""D:\\python_install\\py\\rl\\0325\\0325\\outputs\\stage_1\\formal_scans\\stage1_high_formal_v1\\runs\\main6000_ramp1200_none_seed2_51399fbd\\attempt_0001"", ""D:\\python_install\\py\\rl\\0325\\0325\\outputs\\stage_1\\formal_scans\\stage1_high_formal_v1\\runs\\main6000_ramp1200_none_seed3_51399fbd\\attempt_0001"", ""D:\\python_install\\py\\rl\\0325\\0325\\outputs\\stage_1\\formal_scans\\stage1_high_formal_v1\\runs\\main6000_ramp1200_none_seed4_51399fbd\\attempt_0001""]",5,28.44671397154375,28.0678341429893,28.773409402507106,5,12.6,12.0,13.0,5,39.8,39.0,40.0,5,0.5642067089755213,0.5635539437896645,0.5653671804170445
high,3240,5,"[""D:\\python_install\\py\\rl\\0325\\0325\\outputs\\stage_1\\formal_scans\\stage1_high_formal_v1\\runs\\main6000_ramp1200_none_seed0_51399fbd\\attempt_0001"", ""D:\\python_install\\py\\rl\\0325\\0325\\outputs\\stage_1\\formal_scans\\stage1_high_formal_v1\\runs\\main6000_ramp1200_none_seed1_51399fbd\\attempt_0001"", ""D:\\python_install\\py\\rl\\0325\\0325\\outputs\\stage_1\\formal_scans\\stage1_high_formal_v1\\runs\\main6000_ramp1200_none_seed2_51399fbd\\attempt_0001"", ""D:\\python_install\\py\\rl\\0325\\0325\\outputs\\stage_1\\formal_scans\\stage1_high_formal_v1\\runs\\main6000_ramp1200_none_seed3_51399fbd\\attempt_0001"", ""D:\\python_install\\py\\rl\\0325\\0325\\outputs\\stage_1\\formal_scans\\stage1_high_formal_v1\\runs\\main6000_ramp1200_none_seed4_51399fbd\\attempt_0001""]",5,28.523475443495293,28.15476823748514,28.845415910166363,5,11.0,8.0,16.0,5,39.8,39.0,40.0,5,0.5647291704156919,0.5639733669245997,0.565772899046248
high,3270,5,"[""D:\\python_install\\py\\rl\\0325\\0325\\outputs\\stage_1\\formal_scans\\stage1_high_formal_v1\\runs\\main6000_ramp1200_none_seed0_51399fbd\\attempt_0001"", ""D:\\python_install\\py\\rl\\0325\\0325\\outputs\\stage_1\\formal_scans\\stage1_high_formal_v1\\runs\\main6000_ramp1200_none_seed1_51399fbd\\attempt_0001"", ""D:\\python_install\\py\\rl\\0325\\0325\\outputs\\stage_1\\formal_scans\\stage1_high_formal_v1\\runs\\main6000_ramp1200_none_seed2_51399fbd\\attempt_0001"", ""D:\\python_install\\py\\rl\\0325\\0325\\outputs\\stage_1\\formal_scans\\stage1_high_formal_v1\\runs\\main6000_ramp1200_none_seed3_51399fbd\\attempt_0001"", ""D:\\python_install\\py\\rl\\0325\\0325\\outputs\\stage_1\\formal_scans\\stage1_high_formal_v1\\runs\\main6000_ramp1200_none_seed4_51399fbd\\attempt_0001""]",5,28.241342159312847,27.711224376668167,28.99382890969577,5,10.2,8.0,12.0,5,40.0,40.0,40.0,5,0.5652142857142858,0.5644642857142858,0.5660714285714286
high,3300,5,"[""D:\\python_install\\py\\rl\\0325\\0325\\outputs\\stage_1\\formal_scans\\stage1_high_formal_v1\\runs\\main6000_ramp1200_none_seed0_51399fbd\\attempt_0001"", ""D:\\python_install\\py\\rl\\0325\\0325\\outputs\\stage_1\\formal_scans\\stage1_high_formal_v1\\runs\\main6000_ramp1200_none_seed1_51399fbd\\attempt_0001"", ""D:\\python_install\\py\\rl\\0325\\0325\\outputs\\stage_1\\formal_scans\\stage1_high_formal_v1\\runs\\main6000_ramp1200_none_seed2_51399fbd\\attempt_0001"", ""D:\\python_install\\py\\rl\\0325\\0325\\outputs\\stage_1\\formal_scans\\stage1_high_formal_v1\\runs\\main6000_ramp1200_none_seed3_51399fbd\\attempt_0001"", ""D:\\python_install\\py\\rl\\0325\\0325\\outputs\\stage_1\\formal_scans\\stage1_high_formal_v1\\runs\\main6000_ramp1200_none_seed4_51399fbd\\attempt_0001""]",5,28.33237255762986,27.829413517457084,28.674178315148517,5,11.6,9.0,14.0,5,40.0,40.0,40.0,5,0.56575682382134,0.565047855370436,0.5666430343849699
high,3330,5,"[""D:\\python_install\\py\\rl\\0325\\0325\\outputs\\stage_1\\formal_scans\\stage1_high_formal_v1\\runs\\main6000_ramp1200_none_seed0_51399fbd\\attempt_0001"", ""D:\\python_install\\py\\rl\\0325\\0325\\outputs\\stage_1\\formal_scans\\stage1_high_formal_v1\\runs\\main6000_ramp1200_none_seed1_51399fbd\\attempt_0001"", ""D:\\python_install\\py\\rl\\0325\\0325\\outputs\\stage_1\\formal_scans\\stage1_high_formal_v1\\runs\\main6000_ramp1200_none_seed2_51399fbd\\attempt_0001"", ""D:\\python_install\\py\\rl\\0325\\0325\\outputs\\stage_1\\formal_scans\\stage1_high_formal_v1\\runs\\main6000_ramp1200_none_seed3_51399fbd\\attempt_0001"", ""D:\\python_install\\py\\rl\\0325\\0325\\outputs\\stage_1\\formal_scans\\stage1_high_formal_v1\\runs\\main6000_ramp1200_none_seed4_51399fbd\\attempt_0001""]",5,28.43665543587923,27.672748100618143,28.921913148063474,5,12.0,11.0,13.0,5,40.0,40.0,40.0,5,0.566256157635468,0.5656228008444757,0.5672061928219564
high,3360,5,"[""D:\\python_install\\py\\rl\\0325\\0325\\outputs\\stage_1\\formal_scans\\stage1_high_formal_v1\\runs\\main6000_ramp1200_none_seed0_51399fbd\\attempt_0001"", ""D:\\python_install\\py\\rl\\0325\\0325\\outputs\\stage_1\\formal_scans\\stage1_high_formal_v1\\runs\\main6000_ramp1200_none_seed1_51399fbd\\attempt_0001"", ""D:\\python_install\\py\\rl\\0325\\0325\\outputs\\stage_1\\formal_scans\\stage1_high_formal_v1\\runs\\main6000_ramp1200_none_seed2_51399fbd\\attempt_0001"", ""D:\\python_install\\py\\rl\\0325\\0325\\outputs\\stage_1\\formal_scans\\stage1_high_formal_v1\\runs\\main6000_ramp1200_none_seed3_51399fbd\\attempt_0001"", ""D:\\python_install\\py\\rl\\0325\\0325\\outputs\\stage_1\\formal_scans\\stage1_high_formal_v1\\runs\\main6000_ramp1200_none_seed4_51399fbd\\attempt_0001""]",5,28.294329636226742,27.839245802988827,28.76140200083158,5,10.4,7.0,13.0,5,39.8,39.0,40.0,5,0.5666783094655955,0.5661893119105833,0.5675864477820468
high,3390,5,"[""D:\\python_install\\py\\rl\\0325\\0325\\outputs\\stage_1\\formal_scans\\stage1_high_formal_v1\\runs\\main6000_ramp1200_none_seed0_51399fbd\\attempt_0001"", ""D:\\python_install\\py\\rl\\0325\\0325\\outputs\\stage_1\\formal_scans\\stage1_high_formal_v1\\runs\\main6000_ramp1200_none_seed1_51399fbd\\attempt_0001"", ""D:\\python_install\\py\\rl\\0325\\0325\\outputs\\stage_1\\formal_scans\\stage1_high_formal_v1\\runs\\main6000_ramp1200_none_seed2_51399fbd\\attempt_0001"", ""D:\\python_install\\py\\rl\\0325\\0325\\outputs\\stage_1\\formal_scans\\stage1_high_formal_v1\\runs\\main6000_ramp1200_none_seed3_51399fbd\\attempt_0001"", ""D:\\python_install\\py\\rl\\0325\\0325\\outputs\\stage_1\\formal_scans\\stage1_high_formal_v1\\runs\\main6000_ramp1200_none_seed4_51399fbd\\attempt_0001""]",5,28.366906939464695,27.76303349738566,28.87203495356021,5,11.4,10.0,13.0,5,39.6,39.0,40.0,5,0.5672330097087379,0.566747572815534,0.5683079056865464
high,3420,5,"[""D:\\python_install\\py\\rl\\0325\\0325\\outputs\\stage_1\\formal_scans\\stage1_high_formal_v1\\runs\\main6000_ramp1200_none_seed0_51399fbd\\attempt_0001"", ""D:\\python_install\\py\\rl\\0325\\0325\\outputs\\stage_1\\formal_scans\\stage1_high_formal_v1\\runs\\main6000_ramp1200_none_seed1_51399fbd\\attempt_0001"", ""D:\\python_install\\py\\rl\\0325\\0325\\outputs\\stage_1\\formal_scans\\stage1_high_formal_v1\\runs\\main6000_ramp1200_none_seed2_51399fbd\\attempt_0001"", ""D:\\python_install\\py\\rl\\0325\\0325\\outputs\\stage_1\\formal_scans\\stage1_high_formal_v1\\runs\\main6000_ramp1200_none_seed3_51399fbd\\attempt_0001"", ""D:\\python_install\\py\\rl\\0325\\0325\\outputs\\stage_1\\formal_scans\\stage1_high_formal_v1\\runs\\main6000_ramp1200_none_seed4_51399fbd\\attempt_0001""]",5,28.426507846639815,28.0082483839064,28.780757078994682,5,13.4,11.0,17.0,5,39.8,39.0,40.0,5,0.5678141135972462,0.5672977624784854,0.5690189328743546
high,3450,5,"[""D:\\python_install\\py\\rl\\0325\\0325\\outputs\\stage_1\\formal_scans\\stage1_high_formal_v1\\runs\\main6000_ramp1200_none_seed0_51399fbd\\attempt_0001"", ""D:\\python_install\\py\\rl\\0325\\0325\\outputs\\stage_1\\formal_scans\\stage1_high_formal_v1\\runs\\main6000_ramp1200_none_seed1_51399fbd\\attempt_0001"", ""D:\\python_install\\py\\rl\\0325\\0325\\outputs\\stage_1\\formal_scans\\stage1_high_formal_v1\\runs\\main6000_ramp1200_none_seed2_51399fbd\\attempt_0001"", ""D:\\python_install\\py\\rl\\0325\\0325\\outputs\\stage_1\\formal_scans\\stage1_high_formal_v1\\runs\\main6000_ramp1200_none_seed3_51399fbd\\attempt_0001"", ""D:\\python_install\\py\\rl\\0325\\0325\\outputs\\stage_1\\formal_scans\\stage1_high_formal_v1\\runs\\main6000_ramp1200_none_seed4_51399fbd\\attempt_0001""]",5,28.36284393336367,27.8839121770799,28.812892637307247,5,10.4,7.0,13.0,5,39.6,39.0,40.0,5,0.5683526999316474,0.5676691729323309,0.5695488721804511
high,3480,5,"[""D:\\python_install\\py\\rl\\0325\\0325\\outputs\\stage_1\\formal_scans\\stage1_high_formal_v1\\runs\\main6000_ramp1200_none_seed0_51399fbd\\attempt_0001"", ""D:\\python_install\\py\\rl\\0325\\0325\\outputs\\stage_1\\formal_scans\\stage1_high_formal_v1\\runs\\main6000_ramp1200_none_seed1_51399fbd\\attempt_0001"", ""D:\\python_install\\py\\rl\\0325\\0325\\outputs\\stage_1\\formal_scans\\stage1_high_formal_v1\\runs\\main6000_ramp1200_none_seed2_51399fbd\\attempt_0001"", ""D:\\python_install\\py\\rl\\0325\\0325\\outputs\\stage_1\\formal_scans\\stage1_high_formal_v1\\runs\\main6000_ramp1200_none_seed3_51399fbd\\attempt_0001"", ""D:\\python_install\\py\\rl\\0325\\0325\\outputs\\stage_1\\formal_scans\\stage1_high_formal_v1\\runs\\main6000_ramp1200_none_seed4_51399fbd\\attempt_0001""]",5,28.492905591785142,28.340834718287987,28.691050631448487,5,10.8,8.0,14.0,5,40.0,40.0,40.0,5,0.5689514760773668,0.5683746182558534,0.5700712589073634
high,3510,5,"[""D:\\python_install\\py\\rl\\0325\\0325\\outputs\\stage_1\\formal_scans\\stage1_high_formal_v1\\runs\\main6000_ramp1200_none_seed0_51399fbd\\attempt_0001"", ""D:\\python_install\\py\\rl\\0325\\0325\\outputs\\stage_1\\formal_scans\\stage1_high_formal_v1\\runs\\main6000_ramp1200_none_seed1_51399fbd\\attempt_0001"", ""D:\\python_install\\py\\rl\\0325\\0325\\outputs\\stage_1\\formal_scans\\stage1_high_formal_v1\\runs\\main6000_ramp1200_none_seed2_51399fbd\\attempt_0001"", ""D:\\python_install\\py\\rl\\0325\\0325\\outputs\\stage_1\\formal_scans\\stage1_high_formal_v1\\runs\\main6000_ramp1200_none_seed3_51399fbd\\attempt_0001"", ""D:\\python_install\\py\\rl\\0325\\0325\\outputs\\stage_1\\formal_scans\\stage1_high_formal_v1\\runs\\main6000_ramp1200_none_seed4_51399fbd\\attempt_0001""]",5,28.135613817458328,27.720291561154244,28.725718464776765,5,9.8,8.0,11.0,5,40.0,40.0,40.0,5,0.5693733153638815,0.568733153638814,0.5704177897574124
high,3540,5,"[""D:\\python_install\\py\\rl\\0325\\0325\\outputs\\stage_1\\formal_scans\\stage1_high_formal_v1\\runs\\main6000_ramp1200_none_seed0_51399fbd\\attempt_0001"", ""D:\\python_install\\py\\rl\\0325\\0325\\outputs\\stage_1\\formal_scans\\stage1_high_formal_v1\\runs\\main6000_ramp1200_none_seed1_51399fbd\\attempt_0001"", ""D:\\python_install\\py\\rl\\0325\\0325\\outputs\\stage_1\\formal_scans\\stage1_high_formal_v1\\runs\\main6000_ramp1200_none_seed2_51399fbd\\attempt_0001"", ""D:\\python_install\\py\\rl\\0325\\0325\\outputs\\stage_1\\formal_scans\\stage1_high_formal_v1\\runs\\main6000_ramp1200_none_seed3_51399fbd\\attempt_0001"", ""D:\\python_install\\py\\rl\\0325\\0325\\outputs\\stage_1\\formal_scans\\stage1_high_formal_v1\\runs\\main6000_ramp1200_none_seed4_51399fbd\\attempt_0001""]",5,28.201229625016772,27.714145246555123,28.7292553804149,5,10.4,7.0,13.0,5,40.0,40.0,40.0,5,0.5698226831716292,0.5690866510538641,0.570926731348277
high,3570,5,"[""D:\\python_install\\py\\rl\\0325\\0325\\outputs\\stage_1\\formal_scans\\stage1_high_formal_v1\\runs\\main6000_ramp1200_none_seed0_51399fbd\\attempt_0001"", ""D:\\python_install\\py\\rl\\0325\\0325\\outputs\\stage_1\\formal_scans\\stage1_high_formal_v1\\runs\\main6000_ramp1200_none_seed1_51399fbd\\attempt_0001"", ""D:\\python_install\\py\\rl\\0325\\0325\\outputs\\stage_1\\formal_scans\\stage1_high_formal_v1\\runs\\main6000_ramp1200_none_seed2_51399fbd\\attempt_0001"", ""D:\\python_install\\py\\rl\\0325\\0325\\outputs\\stage_1\\formal_scans\\stage1_high_formal_v1\\runs\\main6000_ramp1200_none_seed3_51399fbd\\attempt_0001"", ""D:\\python_install\\py\\rl\\0325\\0325\\outputs\\stage_1\\formal_scans\\stage1_high_formal_v1\\runs\\main6000_ramp1200_none_seed4_51399fbd\\attempt_0001""]",5,28.078813114233196,27.36165065024535,28.77993367462626,5,9.6,6.0,13.0,5,39.6,39.0,40.0,5,0.5703322259136213,0.5696013289036544,0.5714285714285714
high,3600,5,"[""D:\\python_install\\py\\rl\\0325\\0325\\outputs\\stage_1\\formal_scans\\stage1_high_formal_v1\\runs\\main6000_ramp1200_none_seed0_51399fbd\\attempt_0001"", ""D:\\python_install\\py\\rl\\0325\\0325\\outputs\\stage_1\\formal_scans\\stage1_high_formal_v1\\runs\\main6000_ramp1200_none_seed1_51399fbd\\attempt_0001"", ""D:\\python_install\\py\\rl\\0325\\0325\\outputs\\stage_1\\formal_scans\\stage1_high_formal_v1\\runs\\main6000_ramp1200_none_seed2_51399fbd\\attempt_0001"", ""D:\\python_install\\py\\rl\\0325\\0325\\outputs\\stage_1\\formal_scans\\stage1_high_formal_v1\\runs\\main6000_ramp1200_none_seed3_51399fbd\\attempt_0001"", ""D:\\python_install\\py\\rl\\0325\\0325\\outputs\\stage_1\\formal_scans\\stage1_high_formal_v1\\runs\\main6000_ramp1200_none_seed4_51399fbd\\attempt_0001""]",5,27.885608070230735,27.332287073745736,28.58706615423924,5,10.2,8.0,13.0,5,39.6,39.0,40.0,5,0.5708347080171561,0.5701088749587595,0.5717584955460244
